objet;nom_familier;date;heure_utc;altitude_deg;azimut_deg;direction;visible_la_nuit;lune_levee;lune_age_jours;lune_illumination_pct;distance_lune_objet_deg
M1;Crab Nebula;2026-01-01;22:38:58;62.90;180.00;S;Oui;Oui;13.21;97.1;6.52
M33;Triangulum Galaxy;2026-01-01;18:38:55;71.54;180.00;S;Oui;Oui;13.03;96.4;47.86
M34;Spiral Cluster;2026-01-01;19:47:00;83.65;180.00;S;Oui;Oui;13.08;96.6;34.66
M35;Shoe-Buckle Cluster;2026-01-01;23:13:26;65.23;180.00;S;Oui;Oui;13.24;97.2;9.97
M36;Pinwheel Cluster;2026-01-01;22:40:37;75.02;180.00;S;Oui;Oui;13.22;97.1;6.19
M37;Salt and Pepper Cluster;2026-01-01;22:56:41;73.43;180.00;S;Oui;Oui;13.23;97.2;6.85
M38;Starfish Cluster;2026-01-01;22:33:09;76.74;180.00;S;Oui;Oui;13.21;97.1;7.59
M41;Little Beehive Cluster;2026-01-01;23:50:14;20.12;180.00;S;Oui;Oui;13.27;97.3;52.40
M42;Orion Nebula;2026-01-01;22:39:43;35.49;180.00;S;Oui;Oui;13.22;97.1;33.74
M43;De Mairan's Nebula;2026-01-01;22:40:01;35.62;180.00;S;Oui;Oui;13.22;97.1;33.62
M45;Pleiades;2026-01-01;20:52:07;65.00;180.00;S;Oui;Oui;13.13;96.8;21.52
M74;;2026-01-01;18:41:46;56.67;180.00;S;Oui;Oui;13.03;96.4;51.83
M76;Little Dumbbell Nebula;2026-01-01;18:47:28;87.54;0.00;N;Oui;Oui;13.03;96.5;45.86
M77;Cetus A;2026-01-01;19:47:35;40.87;180.00;S;Oui;Oui;13.08;96.6;46.79
M78;;2026-01-01;22:51:10;40.90;180.00;S;Oui;Oui;13.22;97.2;28.66
M79;;2026-01-01;22:28:38;16.36;180.00;S;Oui;Oui;13.21;97.1;52.80
M103;;2026-01-01;18:38:17;78.42;0.00;N;Oui;Oui;13.03;96.4;49.06
M1;Crab Nebula;2026-01-02;22:35:02;62.90;180.00;S;Oui;Oui;14.32;99.6;14.35
M33;Triangulum Galaxy;2026-01-02;18:34:59;71.54;180.00;S;Oui;Oui;14.14;99.4;61.59
M34;Spiral Cluster;2026-01-02;19:43:04;83.65;180.00;S;Oui;Oui;14.19;99.5;46.75
M35;Shoe-Buckle Cluster;2026-01-02;23:09:30;65.23;180.00;S;Oui;Oui;14.35;99.6;6.58
M36;Pinwheel Cluster;2026-01-02;22:36:41;75.02;180.00;S;Oui;Oui;14.33;99.6;13.55
M37;Salt and Pepper Cluster;2026-01-02;22:52:45;73.43;180.00;S;Oui;Oui;14.34;99.6;9.98
M38;Starfish Cluster;2026-01-02;22:29:13;76.74;180.00;S;Oui;Oui;14.32;99.6;15.60
M41;Little Beehive Cluster;2026-01-02;23:46:18;20.12;180.00;S;Oui;Oui;14.38;99.7;48.66
M42;Orion Nebula;2026-01-02;22:35:47;35.49;180.00;S;Oui;Oui;14.32;99.6;36.02
M43;De Mairan's Nebula;2026-01-02;22:36:06;35.62;180.00;S;Oui;Oui;14.32;99.6;35.88
M45;Pleiades;2026-01-02;20:48:11;65.00;180.00;S;Oui;Oui;14.24;99.5;36.01
M74;;2026-01-02;18:37:51;56.67;180.00;S;Oui;Oui;14.14;99.4;66.34
M76;Little Dumbbell Nebula;2026-01-02;18:43:32;87.54;360.00;N;Oui;Oui;14.15;99.4;56.11
M77;Cetus A;2026-01-02;19:43:39;40.87;180.00;S;Oui;Oui;14.19;99.5;60.00
M78;;2026-01-02;22:47:14;40.90;180.00;S;Oui;Oui;14.33;99.6;29.98
M79;;2026-01-02;22:24:42;16.36;180.00;S;Oui;Oui;14.32;99.6;54.91
M103;;2026-01-02;18:34:21;78.42;360.00;N;Oui;Oui;14.14;99.4;57.07
M1;Crab Nebula;2026-01-03;22:31:06;62.90;180.00;S;Oui;Oui;15.41;99.4;27.85
M33;Triangulum Galaxy;2026-01-03;18:31:03;71.54;180.00;S;Oui;Oui;15.23;99.6;75.31
M34;Spiral Cluster;2026-01-03;19:39:08;83.65;180.00;S;Oui;Oui;15.28;99.6;59.55
M35;Shoe-Buckle Cluster;2026-01-03;23:05:34;65.23;180.00;S;Oui;Oui;15.44;99.4;19.94
M36;Pinwheel Cluster;2026-01-03;22:32:46;75.02;180.00;S;Oui;Oui;15.41;99.4;27.13
M37;Salt and Pepper Cluster;2026-01-03;22:48:49;73.43;180.00;S;Oui;Oui;15.43;99.4;23.69
M38;Starfish Cluster;2026-01-03;22:25:17;76.74;180.00;S;Oui;Oui;15.41;99.4;28.89
M41;Little Beehive Cluster;2026-01-03;23:42:22;20.12;180.00;S;Oui;Oui;15.47;99.3;47.99
M42;Orion Nebula;2026-01-03;22:31:51;35.49;180.00;S;Oui;Oui;15.41;99.4;42.61
M43;De Mairan's Nebula;2026-01-03;22:32:10;35.62;180.00;S;Oui;Oui;15.41;99.4;42.47
M45;Pleiades;2026-01-03;20:44:15;65.00;180.00;S;Oui;Oui;15.33;99.5;50.30
M74;;2026-01-03;18:33:55;56.67;180.00;S;Oui;Oui;15.24;99.6;80.65
M76;Little Dumbbell Nebula;2026-01-03;18:39:36;87.54;360.00;N;Oui;Oui;15.24;99.6;67.31
M77;Cetus A;2026-01-03;19:39:43;40.87;180.00;S;Oui;Oui;15.28;99.6;73.33
M78;;2026-01-03;22:43:19;40.90;180.00;S;Oui;Oui;15.42;99.4;36.76
M79;;2026-01-03;22:20:46;16.36;180.00;S;Oui;Oui;15.41;99.4;59.34
M103;;2026-01-03;18:30:25;78.42;0.00;N;Oui;Oui;15.23;99.6;66.45
M1;Crab Nebula;2026-01-04;22:27:10;62.90;180.00;S;Oui;Oui;16.48;96.6;41.58
M33;Triangulum Galaxy;2026-01-04;18:27:07;71.54;180.00;S;Oui;Oui;16.30;97.3;88.85
M34;Spiral Cluster;2026-01-04;19:35:12;83.65;180.00;S;Oui;Oui;16.35;97.1;72.47
M35;Shoe-Buckle Cluster;2026-01-04;23:01:38;65.23;180.00;S;Oui;Oui;16.50;96.6;33.77
M36;Pinwheel Cluster;2026-01-04;22:28:50;75.02;180.00;S;Oui;Oui;16.48;96.6;40.89
M37;Salt and Pepper Cluster;2026-01-04;22:44:53;73.43;180.00;S;Oui;Oui;16.49;96.6;37.54
M38;Starfish Cluster;2026-01-04;22:21:21;76.74;180.00;S;Oui;Oui;16.47;96.7;42.52
M41;Little Beehive Cluster;2026-01-04;23:38:26;20.12;180.00;S;Oui;Oui;16.53;96.4;50.38
M42;Orion Nebula;2026-01-04;22:27:55;35.49;180.00;S;Oui;Oui;16.48;96.6;51.65
M43;De Mairan's Nebula;2026-01-04;22:28:14;35.62;180.00;S;Oui;Oui;16.48;96.6;51.52
M45;Pleiades;2026-01-04;20:40:19;65.00;180.00;S;Oui;Oui;16.40;96.9;64.32
M50;Heart-Shaped Cluster;2026-01-04;23:55:35;32.55;180.00;S;Oui;Oui;16.54;96.4;37.91
M74;;2026-01-04;18:29:59;56.67;180.00;S;Oui;Oui;16.30;97.3;94.70
M76;Little Dumbbell Nebula;2026-01-04;18:35:40;87.54;0.00;N;Oui;Oui;16.31;97.3;78.83
M77;Cetus A;2026-01-04;19:35:47;40.87;180.00;S;Oui;Oui;16.35;97.1;86.55
M78;;2026-01-04;22:39:23;40.90;180.00;S;Oui;Oui;16.49;96.6;46.43
M79;;2026-01-04;22:16:50;16.36;180.00;S;Oui;Oui;16.47;96.7;65.44
M103;;2026-01-04;18:26:29;78.42;0.00;N;Oui;Oui;16.30;97.3;76.48
M1;Crab Nebula;2026-01-05;22:23:14;62.90;180.00;S;Oui;Oui;17.52;91.7;55.12
M33;Triangulum Galaxy;2026-01-05;18:23:11;71.54;180.00;S;Oui;Non;17.34;92.6;102.10
M34;Spiral Cluster;2026-01-05;19:31:16;83.65;180.00;S;Oui;Oui;17.39;92.4;85.26
M35;Shoe-Buckle Cluster;2026-01-05;22:57:42;65.23;180.00;S;Oui;Oui;17.54;91.5;47.37
M36;Pinwheel Cluster;2026-01-05;22:24:54;75.02;180.00;S;Oui;Oui;17.52;91.6;54.45
M37;Salt and Pepper Cluster;2026-01-05;22:40:57;73.43;180.00;S;Oui;Oui;17.53;91.6;51.14
M38;Starfish Cluster;2026-01-05;22:17:25;76.74;180.00;S;Oui;Oui;17.51;91.7;56.00
M41;Little Beehive Cluster;2026-01-05;23:34:30;20.12;180.00;S;Oui;Oui;17.57;91.4;55.23
M42;Orion Nebula;2026-01-05;22:23:59;35.49;180.00;S;Oui;Oui;17.52;91.7;61.85
M43;De Mairan's Nebula;2026-01-05;22:24:18;35.62;180.00;S;Oui;Oui;17.52;91.7;61.74
M45;Pleiades;2026-01-05;20:36:24;65.00;180.00;S;Oui;Oui;17.44;92.1;78.03
M50;Heart-Shaped Cluster;2026-01-05;23:51:39;32.55;180.00;S;Oui;Oui;17.58;91.3;44.48
M74;;2026-01-05;18:26:03;56.67;180.00;S;Oui;Non;17.35;92.6;108.43
M76;Little Dumbbell Nebula;2026-01-05;18:31:44;87.54;360.00;N;Oui;Non;17.35;92.6;90.31
M77;Cetus A;2026-01-05;19:31:51;40.87;180.00;S;Oui;Oui;17.39;92.4;99.50
M78;;2026-01-05;22:35:27;40.90;180.00;S;Oui;Oui;17.52;91.6;57.29
M79;;2026-01-05;22:12:54;16.36;180.00;S;Oui;Oui;17.51;91.7;72.57
M103;;2026-01-05;18:22:34;78.42;360.00;N;Oui;Non;17.34;92.6;86.66
M1;Crab Nebula;2026-01-06;22:19:18;62.90;180.00;S;Oui;Oui;18.52;84.8;68.37
M33;Triangulum Galaxy;2026-01-06;18:19:16;71.54;180.00;S;Oui;Non;18.36;86.1;114.98
M34;Spiral Cluster;2026-01-06;19:27:20;83.65;180.00;S;Oui;Non;18.40;85.7;97.77
M35;Shoe-Buckle Cluster;2026-01-06;22:53:46;65.23;180.00;S;Oui;Oui;18.55;84.7;60.67
M36;Pinwheel Cluster;2026-01-06;22:20:58;75.02;180.00;S;Oui;Oui;18.53;84.8;67.71
M37;Salt and Pepper Cluster;2026-01-06;22:37:01;73.43;180.00;S;Oui;Oui;18.54;84.7;64.45
M38;Starfish Cluster;2026-01-06;22:13:29;76.74;180.00;S;Oui;Oui;18.52;84.9;69.21
M41;Little Beehive Cluster;2026-01-06;23:30:34;20.12;180.00;S;Oui;Oui;18.57;84.5;61.74
M42;Orion Nebula;2026-01-06;22:20:03;35.49;180.00;S;Oui;Oui;18.52;84.8;72.49
M43;De Mairan's Nebula;2026-01-06;22:20:22;35.62;180.00;S;Oui;Oui;18.52;84.8;72.39
M45;Pleiades;2026-01-06;20:32:28;65.00;180.00;S;Oui;Oui;18.45;85.4;91.41
M50;Heart-Shaped Cluster;2026-01-06;23:47:44;32.55;180.00;S;Oui;Oui;18.59;84.4;53.06
M74;;2026-01-06;18:22:07;56.67;180.00;S;Oui;Non;18.36;86.1;121.83
M76;Little Dumbbell Nebula;2026-01-06;18:27:48;87.54;360.00;N;Oui;Non;18.36;86.0;101.51
M77;Cetus A;2026-01-06;19:27:55;40.87;180.00;S;Oui;Non;18.41;85.7;112.08
M78;;2026-01-06;22:31:31;40.90;180.00;S;Oui;Oui;18.53;84.8;68.57
M79;;2026-01-06;22:08:58;16.36;180.00;S;Oui;Oui;18.52;84.9;80.23
M103;;2026-01-06;18:18:38;78.42;0.00;N;Oui;Non;18.36;86.1;96.69
M1;Crab Nebula;2026-01-07;22:15:22;62.90;180.00;S;Oui;Oui;19.51;76.7;81.31
M33;Triangulum Galaxy;2026-01-07;18:15:20;71.54;180.00;S;Oui;Non;19.34;78.1;127.41
M34;Spiral Cluster;2026-01-07;19:23:24;83.65;180.00;S;Oui;Non;19.39;77.7;109.93
M35;Shoe-Buckle Cluster;2026-01-07;22:49:51;65.23;180.00;S;Oui;Oui;19.53;76.4;73.65
M36;Pinwheel Cluster;2026-01-07;22:17:02;75.02;180.00;S;Oui;Oui;19.51;76.6;80.67
M37;Salt and Pepper Cluster;2026-01-07;22:33:05;73.43;180.00;S;Oui;Oui;19.52;76.6;77.43
M38;Starfish Cluster;2026-01-07;22:09:33;76.74;180.00;S;Oui;Oui;19.50;76.7;82.12
M41;Little Beehive Cluster;2026-01-07;23:26:38;20.12;180.00;S;Oui;Oui;19.55;76.2;69.25
M42;Orion Nebula;2026-01-07;22:16:07;35.49;180.00;S;Oui;Oui;19.51;76.7;83.21
M43;De Mairan's Nebula;2026-01-07;22:16:26;35.62;180.00;S;Oui;Oui;19.51;76.7;83.12
M45;Pleiades;2026-01-07;20:28:32;65.00;180.00;S;Oui;Non;19.43;77.3;104.46
M50;Heart-Shaped Cluster;2026-01-07;23:43:48;32.55;180.00;S;Oui;Oui;19.56;76.1;62.63
M74;;2026-01-07;18:18:11;56.67;180.00;S;Oui;Non;19.34;78.1;134.91
M76;Little Dumbbell Nebula;2026-01-07;18:23:52;87.54;0.00;N;Oui;Non;19.35;78.1;112.24
M77;Cetus A;2026-01-07;19:23:59;40.87;180.00;S;Oui;Non;19.39;77.7;124.18
M78;;2026-01-07;22:27:35;40.90;180.00;S;Oui;Oui;19.51;76.6;79.89
M79;;2026-01-07;22:05:02;16.36;180.00;S;Oui;Oui;19.50;76.7;88.04
M103;;2026-01-07;18:14:42;78.42;0.00;N;Oui;Non;19.34;78.1;106.32
M1;Crab Nebula;2026-01-08;22:11:26;62.90;180.00;S;Oui;Non;20.46;67.6;93.95
M33;Triangulum Galaxy;2026-01-08;18:11:24;71.54;180.00;S;Oui;Non;20.30;69.1;139.30
M34;Spiral Cluster;2026-01-08;19:19:29;83.65;180.00;S;Oui;Non;20.35;68.7;121.64
M35;Shoe-Buckle Cluster;2026-01-08;22:45:55;65.23;180.00;S;Oui;Oui;20.48;67.3;86.33
M36;Pinwheel Cluster;2026-01-08;22:13:06;75.02;180.00;S;Oui;Non;20.46;67.5;93.32
M37;Salt and Pepper Cluster;2026-01-08;22:29:09;73.43;180.00;S;Oui;Non;20.47;67.4;90.11
M38;Starfish Cluster;2026-01-08;22:05:37;76.74;180.00;S;Oui;Non;20.46;67.6;94.73
M41;Little Beehive Cluster;2026-01-08;23:22:43;20.12;180.00;S;Oui;Oui;20.51;67.1;77.28
M42;Orion Nebula;2026-01-08;22:12:11;35.49;180.00;S;Oui;Non;20.46;67.6;93.77
M43;De Mairan's Nebula;2026-01-08;22:12:30;35.62;180.00;S;Oui;Non;20.46;67.6;93.70
M45;Pleiades;2026-01-08;20:24:36;65.00;180.00;S;Oui;Non;20.39;68.3;117.20
M50;Heart-Shaped Cluster;2026-01-08;23:39:52;32.55;180.00;S;Oui;Oui;20.52;67.0;72.59
M74;;2026-01-08;18:14:15;56.67;180.00;S;Oui;Non;20.30;69.1;147.66
M76;Little Dumbbell Nebula;2026-01-08;18:19:56;87.54;360.00;N;Oui;Non;20.31;69.1;122.29
M77;Cetus A;2026-01-08;19:20:03;40.87;180.00;S;Oui;Non;20.35;68.7;135.67
M78;;2026-01-08;22:23:39;40.90;180.00;S;Oui;Non;20.47;67.5;91.06
M79;;2026-01-08;22:01:07;16.36;180.00;S;Oui;Non;20.45;67.6;95.73
M103;;2026-01-08;18:10:46;78.42;360.00;N;Oui;Non;20.30;69.1;115.31
M1;Crab Nebula;2026-01-09;22:07:30;62.90;180.00;S;Oui;Non;21.40;58.0;106.31
M34;Spiral Cluster;2026-01-09;19:15:33;83.65;180.00;S;Oui;Non;21.28;59.1;132.79
M35;Shoe-Buckle Cluster;2026-01-09;22:41:59;65.23;180.00;S;Oui;Non;21.42;57.7;98.74
M36;Pinwheel Cluster;2026-01-09;22:09:10;75.02;180.00;S;Oui;Non;21.40;58.0;105.70
M37;Salt and Pepper Cluster;2026-01-09;22:25:13;73.43;180.00;S;Oui;Non;21.41;57.8;102.52
M38;Starfish Cluster;2026-01-09;22:01:41;76.74;180.00;S;Oui;Non;21.39;58.0;107.06
M41;Little Beehive Cluster;2026-01-09;23:18:47;20.12;180.00;S;Oui;Non;21.44;57.5;85.49
M42;Orion Nebula;2026-01-09;22:08:16;35.49;180.00;S;Oui;Non;21.40;58.0;104.06
M43;De Mairan's Nebula;2026-01-09;22:08:34;35.62;180.00;S;Oui;Non;21.40;58.0;104.00
M45;Pleiades;2026-01-09;20:20:40;65.00;180.00;S;Oui;Non;21.33;58.7;129.66
M50;Heart-Shaped Cluster;2026-01-09;23:35:56;32.55;180.00;S;Oui;Non;21.45;57.4;82.66
M74;;2026-01-09;18:10:19;56.67;180.00;S;Oui;Non;21.24;59.6;160.12
M76;Little Dumbbell Nebula;2026-01-09;18:16:00;87.54;360.00;N;Oui;Non;21.25;59.5;131.39
M77;Cetus A;2026-01-09;19:16:07;40.87;180.00;S;Oui;Non;21.29;59.1;146.24
M78;;2026-01-09;22:19:43;40.90;180.00;S;Oui;Non;21.40;57.9;101.98
M79;;2026-01-09;21:57:11;16.36;180.00;S;Oui;Non;21.39;58.0;103.08
M1;Crab Nebula;2026-01-10;22:03:34;62.90;180.00;S;Oui;Non;22.31;48.2;118.44
M34;Spiral Cluster;2026-01-10;19:11:37;83.65;180.00;S;Oui;Non;22.20;49.4;143.13
M35;Shoe-Buckle Cluster;2026-01-10;22:38:03;65.23;180.00;S;Oui;Non;22.33;48.0;110.92
M36;Pinwheel Cluster;2026-01-10;22:05:14;75.02;180.00;S;Oui;Non;22.31;48.2;117.84
M37;Salt and Pepper Cluster;2026-01-10;22:21:18;73.43;180.00;S;Oui;Non;22.32;48.1;114.70
M38;Starfish Cluster;2026-01-10;21:57:45;76.74;180.00;S;Oui;Non;22.31;48.3;119.15
M41;Little Beehive Cluster;2026-01-10;23:14:51;20.12;180.00;S;Oui;Non;22.36;47.8;93.67
M42;Orion Nebula;2026-01-10;22:04:20;35.49;180.00;S;Oui;Non;22.31;48.2;113.94
M43;De Mairan's Nebula;2026-01-10;22:04:38;35.62;180.00;S;Oui;Non;22.31;48.2;113.90
M45;Pleiades;2026-01-10;20:16:44;65.00;180.00;S;Oui;Non;22.25;49.0;141.89
M50;Heart-Shaped Cluster;2026-01-10;23:32:00;32.55;180.00;S;Oui;Non;22.37;47.7;92.66
M76;Little Dumbbell Nebula;2026-01-10;18:12:05;87.54;0.00;N;Oui;Non;22.17;49.8;139.05
M77;Cetus A;2026-01-10;19:12:11;40.87;180.00;S;Oui;Non;22.20;49.4;155.12
M78;;2026-01-10;22:15:47;40.90;180.00;S;Oui;Non;22.32;48.2;112.57
M79;;2026-01-10;21:53:15;16.36;180.00;S;Oui;Non;22.31;48.3;109.88
M1;Crab Nebula;2026-01-11;21:59:38;62.90;180.00;S;Oui;Non;23.22;38.8;130.36
M34;Spiral Cluster;2026-01-11;19:07:41;83.65;180.00;S;Oui;Non;23.11;39.9;152.04
M35;Shoe-Buckle Cluster;2026-01-11;22:34:07;65.23;180.00;S;Oui;Non;23.24;38.5;122.92
M36;Pinwheel Cluster;2026-01-11;22:01:18;75.02;180.00;S;Oui;Non;23.22;38.7;129.79
M37;Salt and Pepper Cluster;2026-01-11;22:17:22;73.43;180.00;S;Oui;Non;23.23;38.6;126.68
M38;Starfish Cluster;2026-01-11;21:53:50;76.74;180.00;S;Oui;Non;23.21;38.8;131.03
M41;Little Beehive Cluster;2026-01-11;23:10:55;20.12;180.00;S;Oui;Non;23.26;38.3;101.64
M42;Orion Nebula;2026-01-11;22:00:24;35.49;180.00;S;Oui;Non;23.22;38.8;123.24
M43;De Mairan's Nebula;2026-01-11;22:00:42;35.62;180.00;S;Oui;Non;23.22;38.8;123.22
M45;Pleiades;2026-01-11;20:12:48;65.00;180.00;S;Oui;Non;23.15;39.4;153.92
M50;Heart-Shaped Cluster;2026-01-11;23:28:04;32.55;180.00;S;Oui;Non;23.27;38.2;102.48
M77;Cetus A;2026-01-11;19:08:15;40.87;180.00;S;Oui;Non;23.11;39.9;160.30
M78;;2026-01-11;22:11:51;40.90;180.00;S;Oui;Non;23.22;38.7;122.71
M79;;2026-01-11;21:49:19;16.36;180.00;S;Oui;Non;23.21;38.8;115.92
M1;Crab Nebula;2026-01-12;21:55:43;62.90;180.00;S;Oui;Non;24.11;29.8;142.11
M34;Spiral Cluster;2026-01-12;19:03:45;83.65;180.00;S;Oui;Non;24.00;30.8;158.03
M35;Shoe-Buckle Cluster;2026-01-12;22:30:11;65.23;180.00;S;Oui;Non;24.13;29.6;134.77
M36;Pinwheel Cluster;2026-01-12;21:57:22;75.02;180.00;S;Oui;Non;24.11;29.8;141.56
M37;Salt and Pepper Cluster;2026-01-12;22:13:26;73.43;180.00;S;Oui;Non;24.12;29.7;138.52
M38;Starfish Cluster;2026-01-12;21:49:54;76.74;180.00;S;Oui;Non;24.11;29.8;142.70
M41;Little Beehive Cluster;2026-01-12;23:06:59;20.12;180.00;S;Oui;Non;24.16;29.4;109.23
M42;Orion Nebula;2026-01-12;21:56:28;35.49;180.00;S;Oui;Non;24.11;29.8;131.71
M43;De Mairan's Nebula;2026-01-12;21:56:46;35.62;180.00;S;Oui;Non;24.11;29.8;131.72
M45;Pleiades;2026-01-12;20:08:52;65.00;180.00;S;Oui;Non;24.05;30.4;165.82
M50;Heart-Shaped Cluster;2026-01-12;23:24:08;32.55;180.00;S;Oui;Non;24.17;29.3;112.00
M77;Cetus A;2026-01-12;19:04:20;40.87;180.00;S;Oui;Non;24.01;30.8;159.17
M78;;2026-01-12;22:07:55;40.90;180.00;S;Oui;Non;24.12;29.7;132.23
M79;;2026-01-12;21:45:23;16.36;180.00;S;Oui;Non;24.11;29.8;120.95
M1;Crab Nebula;2026-01-13;21:51:47;62.90;180.00;S;Oui;Non;25.00;21.6;153.67
M34;Spiral Cluster;2026-01-13;18:59:49;83.65;180.00;S;Oui;Non;24.89;22.5;158.68
M35;Shoe-Buckle Cluster;2026-01-13;22:26:15;65.23;180.00;S;Oui;Non;25.02;21.4;146.53
M36;Pinwheel Cluster;2026-01-13;21:53:26;75.02;180.00;S;Oui;Non;25.00;21.6;153.17
M37;Salt and Pepper Cluster;2026-01-13;22:09:30;73.43;180.00;S;Oui;Non;25.01;21.5;150.25
M38;Starfish Cluster;2026-01-13;21:45:58;76.74;180.00;S;Oui;Non;25.00;21.6;154.14
M41;Little Beehive Cluster;2026-01-13;23:03:03;20.12;180.00;S;Oui;Non;25.05;21.2;116.25
M42;Orion Nebula;2026-01-13;21:52:32;35.49;180.00;S;Oui;Non;25.00;21.6;138.90
M43;De Mairan's Nebula;2026-01-13;21:52:51;35.62;180.00;S;Oui;Non;25.00;21.6;138.94
M45;Pleiades;2026-01-13;20:04:56;65.00;180.00;S;Oui;Non;24.94;22.2;177.48
M47;;2026-01-13;23:53:31;26.38;180.00;S;Oui;Non;25.08;20.9;111.05
M50;Heart-Shaped Cluster;2026-01-13;23:20:12;32.55;180.00;S;Oui;Non;25.06;21.1;121.08
M77;Cetus A;2026-01-13;19:00:24;40.87;180.00;S;Oui;Non;24.90;22.5;152.62
M78;;2026-01-13;22:03:59;40.90;180.00;S;Oui;Non;25.01;21.5;140.74
M79;;2026-01-13;21:41:27;16.36;180.00;S;Oui;Non;24.99;21.6;124.68
M1;Crab Nebula;2026-01-14;21:47:51;62.90;180.00;S;Oui;Non;25.89;14.4;164.85
M34;Spiral Cluster;2026-01-14;18:55:53;83.65;180.00;S;Oui;Non;25.78;15.2;153.68
M35;Shoe-Buckle Cluster;2026-01-14;22:22:19;65.23;180.00;S;Oui;Non;25.91;14.2;158.20
M36;Pinwheel Cluster;2026-01-14;21:49:31;75.02;180.00;S;Oui;Non;25.89;14.4;164.47
M37;Salt and Pepper Cluster;2026-01-14;22:05:34;73.43;180.00;S;Oui;Non;25.90;14.3;161.85
M38;Starfish Cluster;2026-01-14;21:42:02;76.74;180.00;S;Oui;Non;25.89;14.4;165.00
M41;Little Beehive Cluster;2026-01-14;22:59:07;20.12;180.00;S;Oui;Non;25.93;14.1;122.43
M42;Orion Nebula;2026-01-14;21:48:36;35.49;180.00;S;Oui;Non;25.89;14.4;144.07
M43;De Mairan's Nebula;2026-01-14;21:48:55;35.62;180.00;S;Oui;Non;25.89;14.4;144.15
M45;Pleiades;2026-01-14;20:01:00;65.00;180.00;S;Oui;Non;25.82;14.9;170.46
M46;;2026-01-14;23:54:46;26.07;180.00;S;Oui;Non;25.97;13.8;118.43
M47;;2026-01-14;23:49:35;26.38;180.00;S;Oui;Non;25.97;13.9;119.53
M50;Heart-Shaped Cluster;2026-01-14;23:16:16;32.55;180.00;S;Oui;Non;25.95;14.0;129.49
M77;Cetus A;2026-01-14;18:56:28;40.87;180.00;S;Oui;Non;25.78;15.2;143.50
M78;;2026-01-14;22:00:04;40.90;180.00;S;Oui;Non;25.90;14.4;147.51
M79;;2026-01-14;21:37:31;16.36;180.00;S;Oui;Non;25.88;14.5;126.85
M1;Crab Nebula;2026-01-15;21:43:55;62.90;180.00;S;Oui;Non;26.78;8.5;173.39
M34;Spiral Cluster;2026-01-15;18:51:57;83.65;180.00;S;Oui;Non;26.68;9.1;145.37
M35;Shoe-Buckle Cluster;2026-01-15;22:18:23;65.23;180.00;S;Oui;Non;26.80;8.3;169.63
M36;Pinwheel Cluster;2026-01-15;21:45:35;75.02;180.00;S;Oui;Non;26.78;8.5;173.65
M37;Salt and Pepper Cluster;2026-01-15;22:01:38;73.43;180.00;S;Oui;Non;26.79;8.4;172.82
M38;Starfish Cluster;2026-01-15;21:38:06;76.74;180.00;S;Oui;Non;26.78;8.5;172.35
M41;Little Beehive Cluster;2026-01-15;22:55:11;20.12;180.00;S;Oui;Non;26.83;8.2;127.43
M42;Orion Nebula;2026-01-15;21:44:40;35.49;180.00;S;Oui;Non;26.78;8.5;146.26
M43;De Mairan's Nebula;2026-01-15;21:44:59;35.62;180.00;S;Oui;Non;26.78;8.5;146.38
M45;Pleiades;2026-01-15;19:57:04;65.00;180.00;S;Oui;Non;26.72;8.9;158.65
M46;;2026-01-15;23:50:50;26.07;180.00;S;Oui;Non;26.86;8.0;126.33
M47;;2026-01-15;23:45:39;26.38;180.00;S;Oui;Non;26.86;8.0;127.30
M50;Heart-Shaped Cluster;2026-01-15;23:12:20;32.55;180.00;S;Oui;Non;26.84;8.1;136.80
M77;Cetus A;2026-01-15;18:52:32;40.87;180.00;S;Oui;Non;26.68;9.1;133.26
M78;;2026-01-15;21:56:08;40.90;180.00;S;Oui;Non;26.79;8.4;151.30
M79;;2026-01-15;21:33:35;16.36;180.00;S;Oui;Non;26.78;8.5;127.23
M93;Critter Cluster;2026-01-15;23:53:38;17.02;180.00;S;Oui;Non;26.86;8.0;118.56
M1;Crab Nebula;2026-01-16;21:39:59;62.90;180.00;S;Oui;Non;27.68;4.0;168.22
M34;Spiral Cluster;2026-01-16;18:48:01;83.65;180.00;S;Oui;Non;27.57;4.4;135.53
M35;Shoe-Buckle Cluster;2026-01-16;22:14:27;65.23;180.00;S;Oui;Non;27.70;3.9;175.48
M36;Pinwheel Cluster;2026-01-16;21:41:39;75.02;180.00;S;Oui;Non;27.68;4.0;169.01
M37;Salt and Pepper Cluster;2026-01-16;21:57:42;73.43;180.00;S;Oui;Non;27.69;3.9;172.59
M38;Starfish Cluster;2026-01-16;21:34:10;76.74;180.00;S;Oui;Non;27.68;4.0;166.86
M41;Little Beehive Cluster;2026-01-16;22:51:15;20.12;180.00;S;Oui;Non;27.73;3.8;130.82
M42;Orion Nebula;2026-01-16;21:40:44;35.49;180.00;S;Oui;Non;27.68;4.0;144.87
M43;De Mairan's Nebula;2026-01-16;21:41:03;35.62;180.00;S;Oui;Non;27.68;4.0;145.01
M45;Pleiades;2026-01-16;19:53:09;65.00;180.00;S;Oui;Non;27.61;4.3;146.74
M46;;2026-01-16;23:46:54;26.07;180.00;S;Oui;Non;27.76;3.7;133.19
M47;;2026-01-16;23:41:43;26.38;180.00;S;Oui;Non;27.76;3.7;133.95
M50;Heart-Shaped Cluster;2026-01-16;23:08:24;32.55;180.00;S;Oui;Non;27.74;3.8;142.30
M77;Cetus A;2026-01-16;18:48:36;40.87;180.00;S;Oui;Non;27.57;4.4;122.45
M78;;2026-01-16;21:52:12;40.90;180.00;S;Oui;Non;27.69;3.9;150.84
M79;;2026-01-16;21:29:39;16.36;180.00;S;Oui;Non;27.67;4.0;125.75
M93;Critter Cluster;2026-01-16;23:49:42;17.02;180.00;S;Oui;Non;27.76;3.7;124.59
M1;Crab Nebula;2026-01-17;21:36:03;62.90;180.00;S;Oui;Non;28.59;1.1;157.11
M34;Spiral Cluster;2026-01-17;18:44:05;83.65;180.00;S;Oui;Non;28.48;1.4;124.87
M35;Shoe-Buckle Cluster;2026-01-17;22:10:31;65.23;180.00;S;Oui;Non;28.61;1.1;165.10
M36;Pinwheel Cluster;2026-01-17;21:37:43;75.02;180.00;S;Oui;Non;28.59;1.1;157.84
M37;Salt and Pepper Cluster;2026-01-17;21:53:46;73.43;180.00;S;Oui;Non;28.60;1.1;161.34
M38;Starfish Cluster;2026-01-17;21:30:14;76.74;180.00;S;Oui;Non;28.59;1.1;155.99
M41;Little Beehive Cluster;2026-01-17;22:47:19;20.12;180.00;S;Oui;Non;28.64;1.0;132.17
M42;Orion Nebula;2026-01-17;21:36:48;35.49;180.00;S;Oui;Non;28.59;1.1;140.18
M43;De Mairan's Nebula;2026-01-17;21:37:07;35.62;180.00;S;Oui;Non;28.59;1.1;140.32
M45;Pleiades;2026-01-17;19:49:13;65.00;180.00;S;Oui;Non;28.52;1.3;134.68
M46;;2026-01-17;23:42:58;26.07;180.00;S;Oui;Non;28.67;1.0;138.35
M47;;2026-01-17;23:37:47;26.38;180.00;S;Oui;Non;28.67;1.0;138.81
M50;Heart-Shaped Cluster;2026-01-17;23:04:29;32.55;180.00;S;Oui;Non;28.65;1.0;145.03
M77;Cetus A;2026-01-17;18:44:40;40.87;180.00;S;Oui;Non;28.48;1.4;111.26
M78;;2026-01-17;21:48:16;40.90;180.00;S;Oui;Non;28.60;1.1;146.19
M79;;2026-01-17;21:25:43;16.36;180.00;S;Oui;Non;28.58;1.1;122.52
M93;Critter Cluster;2026-01-17;23:45:46;17.02;180.00;S;Oui;Non;28.67;1.0;129.30
M1;Crab Nebula;2026-01-18;21:32:07;62.90;180.00;S;Oui;Non;29.51;0.1;145.17
M34;Spiral Cluster;2026-01-18;18:40:09;83.65;180.00;S;Oui;Non;29.40;0.1;113.69
M35;Shoe-Buckle Cluster;2026-01-18;22:06:36;65.23;180.00;S;Oui;Non;0.01;0.1;153.06
M36;Pinwheel Cluster;2026-01-18;21:33:47;75.02;180.00;S;Oui;Non;29.52;0.1;145.86
M37;Salt and Pepper Cluster;2026-01-18;21:49:50;73.43;180.00;S;Oui;Non;29.53;0.1;149.27
M38;Starfish Cluster;2026-01-18;21:26:18;76.74;180.00;S;Oui;Non;29.51;0.1;144.16
M41;Little Beehive Cluster;2026-01-18;22:43:23;20.12;180.00;S;Oui;Non;0.03;0.1;131.21
M42;Orion Nebula;2026-01-18;21:32:52;35.49;180.00;S;Oui;Non;29.52;0.1;133.04
M43;De Mairan's Nebula;2026-01-18;21:33:11;35.62;180.00;S;Oui;Non;29.52;0.1;133.18
M45;Pleiades;2026-01-18;19:45:17;65.00;180.00;S;Oui;Non;29.45;0.1;122.42
M46;;2026-01-18;23:39:02;26.07;180.00;S;Oui;Non;0.07;0.1;141.00
M47;;2026-01-18;23:33:51;26.38;180.00;S;Oui;Non;0.06;0.1;141.05
M50;Heart-Shaped Cluster;2026-01-18;23:00:33;32.55;180.00;S;Oui;Non;0.04;0.1;144.19
M77;Cetus A;2026-01-18;18:40:44;40.87;180.00;S;Oui;Non;29.40;0.1;99.76
M78;;2026-01-18;21:44:20;40.90;180.00;S;Oui;Non;29.52;0.1;138.60
M79;;2026-01-18;21:21:47;16.36;180.00;S;Oui;Non;29.51;0.1;117.77
M93;Critter Cluster;2026-01-18;23:41:50;17.02;180.00;S;Oui;Non;0.07;0.1;132.17
M1;Crab Nebula;2026-01-19;21:28:11;62.90;180.00;S;Oui;Non;0.93;1.0;132.83
M34;Spiral Cluster;2026-01-19;18:36:14;83.65;180.00;S;Oui;Non;0.81;0.8;102.10
M35;Shoe-Buckle Cluster;2026-01-19;22:02:40;65.23;180.00;S;Oui;Non;0.95;1.1;140.64
M36;Pinwheel Cluster;2026-01-19;21:29:51;75.02;180.00;S;Oui;Non;0.93;1.0;133.50
M37;Salt and Pepper Cluster;2026-01-19;21:45:54;73.43;180.00;S;Oui;Non;0.94;1.0;136.84
M38;Starfish Cluster;2026-01-19;21:22:22;76.74;180.00;S;Oui;Non;0.92;1.0;131.89
M41;Little Beehive Cluster;2026-01-19;22:39:28;20.12;180.00;S;Oui;Non;0.97;1.1;127.95
M42;Orion Nebula;2026-01-19;21:28:56;35.49;180.00;S;Oui;Non;0.93;1.0;124.28
M43;De Mairan's Nebula;2026-01-19;21:29:15;35.62;180.00;S;Oui;Non;0.93;1.0;124.41
M45;Pleiades;2026-01-19;19:41:21;65.00;180.00;S;Oui;Non;0.86;0.9;109.92
M46;;2026-01-19;23:35:06;26.07;180.00;S;Oui;Non;1.01;1.2;140.43
M47;;2026-01-19;23:29:55;26.38;180.00;S;Oui;Non;1.01;1.2;140.06
M50;Heart-Shaped Cluster;2026-01-19;22:56:37;32.55;180.00;S;Oui;Non;0.99;1.1;139.81
M77;Cetus A;2026-01-19;18:36:48;40.87;180.00;S;Oui;Non;0.81;0.8;87.98
M78;;2026-01-19;21:40:24;40.90;180.00;S;Oui;Non;0.93;1.0;129.24
M79;;2026-01-19;21:17:52;16.36;180.00;S;Oui;Non;0.92;1.0;111.76
M93;Critter Cluster;2026-01-19;23:37:54;17.02;180.00;S;Oui;Non;1.01;1.2;132.72
M1;Crab Nebula;2026-01-20;21:24:15;62.90;180.00;S;Oui;Non;1.89;4.0;120.15
M34;Spiral Cluster;2026-01-20;18:32:18;83.65;180.00;S;Oui;Non;1.77;3.5;90.18
M35;Shoe-Buckle Cluster;2026-01-20;21:58:44;65.23;180.00;S;Oui;Non;1.91;4.1;127.88
M36;Pinwheel Cluster;2026-01-20;21:25:55;75.02;180.00;S;Oui;Non;1.89;4.0;120.80
M37;Salt and Pepper Cluster;2026-01-20;21:41:58;73.43;180.00;S;Oui;Non;1.90;4.1;124.09
M38;Starfish Cluster;2026-01-20;21:18:26;76.74;180.00;S;Oui;Non;1.89;4.0;119.26
M41;Little Beehive Cluster;2026-01-20;22:35:32;20.12;180.00;S;Oui;Non;1.94;4.2;122.68
M42;Orion Nebula;2026-01-20;21:25:01;35.49;180.00;S;Oui;Non;1.89;4.0;114.43
M43;De Mairan's Nebula;2026-01-20;21:25:19;35.62;180.00;S;Oui;Non;1.89;4.0;114.54
M45;Pleiades;2026-01-20;19:37:25;65.00;180.00;S;Oui;Non;1.82;3.7;97.14
M46;;2026-01-20;23:31:11;26.07;180.00;S;Oui;Non;1.98;4.4;136.59
M47;;2026-01-20;23:25:59;26.38;180.00;S;Oui;Non;1.97;4.4;135.86
M50;Heart-Shaped Cluster;2026-01-20;22:52:41;32.55;180.00;S;Oui;Non;1.95;4.3;132.71
M77;Cetus A;2026-01-20;18:32:52;40.87;180.00;S;Oui;Non;1.77;3.5;75.95
M78;;2026-01-20;21:36:28;40.90;180.00;S;Oui;Non;1.90;4.0;118.76
M79;;2026-01-20;21:13:56;16.36;180.00;S;Oui;Non;1.88;4.0;104.80
M93;Critter Cluster;2026-01-20;23:33:58;17.02;180.00;S;Oui;Non;1.98;4.4;130.69
M1;Crab Nebula;2026-01-21;21:20:19;62.90;180.00;S;Oui;Non;2.88;9.1;107.13
M34;Spiral Cluster;2026-01-21;18:28:22;83.65;180.00;S;Oui;Oui;2.76;8.4;77.96
M35;Shoe-Buckle Cluster;2026-01-21;21:54:48;65.23;180.00;S;Oui;Non;2.90;9.2;114.80
M36;Pinwheel Cluster;2026-01-21;21:21:59;75.02;180.00;S;Oui;Non;2.88;9.1;107.76
M37;Salt and Pepper Cluster;2026-01-21;21:38:03;73.43;180.00;S;Oui;Non;2.89;9.2;111.01
M38;Starfish Cluster;2026-01-21;21:14:30;76.74;180.00;S;Oui;Non;2.88;9.1;106.28
M41;Little Beehive Cluster;2026-01-21;22:31:36;20.12;180.00;S;Oui;Non;2.93;9.4;115.79
M42;Orion Nebula;2026-01-21;21:21:05;35.49;180.00;S;Oui;Non;2.88;9.1;103.83
M43;De Mairan's Nebula;2026-01-21;21:21:23;35.62;180.00;S;Oui;Non;2.88;9.1;103.93
M45;Pleiades;2026-01-21;19:33:29;65.00;180.00;S;Oui;Non;2.81;8.6;84.05
M46;;2026-01-21;23:27:15;26.07;180.00;S;Oui;Non;2.97;9.6;130.04
M47;;2026-01-21;23:22:03;26.38;180.00;S;Oui;Non;2.97;9.6;129.06
M50;Heart-Shaped Cluster;2026-01-21;22:48:45;32.55;180.00;S;Oui;Non;2.94;9.5;123.74
M77;Cetus A;2026-01-21;18:28:56;40.87;180.00;S;Oui;Oui;2.76;8.4;63.72
M78;;2026-01-21;21:32:32;40.90;180.00;S;Oui;Non;2.89;9.2;107.54
M79;;2026-01-21;21:10:00;16.36;180.00;S;Oui;Non;2.87;9.1;97.12
M93;Critter Cluster;2026-01-21;23:30:02;17.02;180.00;S;Oui;Non;2.97;9.7;126.25
M1;Crab Nebula;2026-01-22;21:16:23;62.90;180.00;S;Oui;Non;3.90;16.2;93.76
M34;Spiral Cluster;2026-01-22;18:24:26;83.65;180.00;S;Oui;Oui;3.77;15.3;65.53
M35;Shoe-Buckle Cluster;2026-01-22;21:50:52;65.23;180.00;S;Oui;Non;3.92;16.4;101.37
M36;Pinwheel Cluster;2026-01-22;21:18:03;75.02;180.00;S;Oui;Non;3.90;16.2;94.38
M37;Salt and Pepper Cluster;2026-01-22;21:34:07;73.43;180.00;S;Oui;Non;3.91;16.3;97.60
M38;Starfish Cluster;2026-01-22;21:10:35;76.74;180.00;S;Oui;Non;3.89;16.2;92.95
M41;Little Beehive Cluster;2026-01-22;22:27:40;20.12;180.00;S;Oui;Non;3.95;16.6;107.70
M42;Orion Nebula;2026-01-22;21:17:09;35.49;180.00;S;Oui;Non;3.90;16.2;92.70
M43;De Mairan's Nebula;2026-01-22;21:17:27;35.62;180.00;S;Oui;Non;3.90;16.2;92.79
M45;Pleiades;2026-01-22;19:29:33;65.00;180.00;S;Oui;Oui;3.82;15.6;70.63
M46;;2026-01-22;23:23:19;26.07;180.00;S;Oui;Non;3.99;16.9;121.54
M47;;2026-01-22;23:18:08;26.38;180.00;S;Oui;Non;3.98;16.9;120.41
M48;;2026-01-22;23:55:07;35.13;180.00;S;Oui;Non;4.01;17.1;130.68
M50;Heart-Shaped Cluster;2026-01-22;22:44:49;32.55;180.00;S;Oui;Non;3.96;16.7;113.53
M77;Cetus A;2026-01-22;18:25:00;40.87;180.00;S;Oui;Oui;3.77;15.3;51.40
M78;;2026-01-22;21:28:36;40.90;180.00;S;Oui;Non;3.90;16.3;95.78
M79;;2026-01-22;21:06:04;16.36;180.00;S;Oui;Non;3.89;16.2;89.01
M93;Critter Cluster;2026-01-22;23:26:06;17.02;180.00;S;Oui;Non;3.99;17.0;119.79
M1;Crab Nebula;2026-01-23;21:12:28;62.90;180.00;S;Oui;Oui;4.94;25.2;80.06
M35;Shoe-Buckle Cluster;2026-01-23;21:46:56;65.23;180.00;S;Oui;Oui;4.96;25.4;87.62
M36;Pinwheel Cluster;2026-01-23;21:14:07;75.02;180.00;S;Oui;Oui;4.94;25.2;80.67
M37;Salt and Pepper Cluster;2026-01-23;21:30:11;73.43;180.00;S;Oui;Oui;4.95;25.3;83.85
M38;Starfish Cluster;2026-01-23;21:06:39;76.74;180.00;S;Oui;Oui;4.93;25.1;79.29
M41;Little Beehive Cluster;2026-01-23;22:23:44;20.12;180.00;S;Oui;Non;4.99;25.7;98.77
M42;Orion Nebula;2026-01-23;21:13:13;35.49;180.00;S;Oui;Oui;4.94;25.2;81.26
M43;De Mairan's Nebula;2026-01-23;21:13:31;35.62;180.00;S;Oui;Oui;4.94;25.2;81.32
M45;Pleiades;2026-01-23;19:25:37;65.00;180.00;S;Oui;Oui;4.86;24.5;56.87
M46;;2026-01-23;23:19:23;26.07;180.00;S;Oui;Non;5.03;26.0;111.73
M47;;2026-01-23;23:14:12;26.38;180.00;S;Oui;Non;5.03;26.0;110.52
M48;;2026-01-23;23:51:12;35.13;180.00;S;Oui;Non;5.06;26.3;119.35
M50;Heart-Shaped Cluster;2026-01-23;22:40:53;32.55;180.00;S;Oui;Non;5.00;25.8;102.51
M78;;2026-01-23;21:24:40;40.90;180.00;S;Oui;Oui;4.95;25.3;83.65
M79;;2026-01-23;21:02:08;16.36;180.00;S;Oui;Oui;4.93;25.1;80.73
M93;Critter Cluster;2026-01-23;23:22:10;17.02;180.00;S;Oui;Non;5.03;26.1;111.83
M1;Crab Nebula;2026-01-24;21:08:32;62.90;180.00;S;Oui;Oui;6.01;35.6;66.07
M35;Shoe-Buckle Cluster;2026-01-24;21:43:00;65.23;180.00;S;Oui;Oui;6.03;35.9;73.56
M36;Pinwheel Cluster;2026-01-24;21:10:11;75.02;180.00;S;Oui;Oui;6.01;35.6;66.66
M37;Salt and Pepper Cluster;2026-01-24;21:26:15;73.43;180.00;S;Oui;Oui;6.02;35.7;69.80
M38;Starfish Cluster;2026-01-24;21:02:43;76.74;180.00;S;Oui;Oui;6.00;35.6;65.34
M41;Little Beehive Cluster;2026-01-24;22:19:48;20.12;180.00;S;Oui;Oui;6.06;36.2;89.34
M42;Orion Nebula;2026-01-24;21:09:17;35.49;180.00;S;Oui;Oui;6.01;35.6;69.73
M43;De Mairan's Nebula;2026-01-24;21:09:36;35.62;180.00;S;Oui;Oui;6.01;35.6;69.78
M45;Pleiades;2026-01-24;19:21:41;65.00;180.00;S;Oui;Oui;5.93;34.8;42.81
M46;;2026-01-24;23:15:27;26.07;180.00;S;Oui;Oui;6.10;36.6;101.06
M47;;2026-01-24;23:10:16;26.38;180.00;S;Oui;Oui;6.10;36.6;99.81
M48;;2026-01-24;23:47:16;35.13;180.00;S;Oui;Non;6.13;36.8;107.20
M50;Heart-Shaped Cluster;2026-01-24;22:36:57;32.55;180.00;S;Oui;Oui;6.08;36.3;90.99
M78;;2026-01-24;21:20:44;40.90;180.00;S;Oui;Oui;6.02;35.7;71.35
M79;;2026-01-24;20:58:12;16.36;180.00;S;Oui;Oui;6.00;35.5;72.64
M93;Critter Cluster;2026-01-24;23:18:14;17.02;180.00;S;Oui;Oui;6.11;36.6;102.82
M1;Crab Nebula;2026-01-25;21:04:36;62.90;180.00;S;Oui;Oui;7.10;47.0;51.85
M35;Shoe-Buckle Cluster;2026-01-25;21:39:04;65.23;180.00;S;Oui;Oui;7.13;47.3;59.25
M36;Pinwheel Cluster;2026-01-25;21:06:16;75.02;180.00;S;Oui;Oui;7.10;47.0;52.42
M37;Salt and Pepper Cluster;2026-01-25;21:22:19;73.43;180.00;S;Oui;Oui;7.12;47.2;55.50
M38;Starfish Cluster;2026-01-25;20:58:47;76.74;180.00;S;Oui;Oui;7.10;47.0;51.17
M41;Little Beehive Cluster;2026-01-25;22:15:52;20.12;180.00;S;Oui;Oui;7.16;47.6;79.77
M42;Orion Nebula;2026-01-25;21:05:21;35.49;180.00;S;Oui;Oui;7.10;47.0;58.47
M43;De Mairan's Nebula;2026-01-25;21:05:40;35.62;180.00;S;Oui;Oui;7.10;47.0;58.49
M45;Pleiades;2026-01-25;19:17:45;65.00;180.00;S;Oui;Oui;7.02;46.2;28.49
M46;;2026-01-25;23:11:31;26.07;180.00;S;Oui;Oui;7.20;48.1;89.91
M47;;2026-01-25;23:06:20;26.38;180.00;S;Oui;Oui;7.20;48.0;88.66
M48;;2026-01-25;23:43:20;35.13;180.00;S;Oui;Oui;7.22;48.3;94.56
M50;Heart-Shaped Cluster;2026-01-25;22:33:01;32.55;180.00;S;Oui;Oui;7.17;47.7;79.23
M78;;2026-01-25;21:16:49;40.90;180.00;S;Oui;Oui;7.11;47.1;59.14
M79;;2026-01-25;20:54:16;16.36;180.00;S;Oui;Oui;7.09;46.9;65.18
M93;Critter Cluster;2026-01-25;23:14:19;17.02;180.00;S;Oui;Oui;7.20;48.1;93.18
M1;Crab Nebula;2026-01-26;21:00:40;62.90;180.00;S;Oui;Oui;8.21;58.8;37.49
M35;Shoe-Buckle Cluster;2026-01-26;21:35:08;65.23;180.00;S;Oui;Oui;8.24;59.0;44.76
M36;Pinwheel Cluster;2026-01-26;21:02:20;75.02;180.00;S;Oui;Oui;8.22;58.8;38.03
M37;Salt and Pepper Cluster;2026-01-26;21:18:23;73.43;180.00;S;Oui;Oui;8.23;58.9;41.04
M38;Starfish Cluster;2026-01-26;20:54:51;76.74;180.00;S;Oui;Oui;8.21;58.7;36.90
M41;Little Beehive Cluster;2026-01-26;22:11:56;20.12;180.00;S;Oui;Oui;8.27;59.3;70.45
M42;Orion Nebula;2026-01-26;21:01:25;35.49;180.00;S;Oui;Oui;8.21;58.8;48.04
M43;De Mairan's Nebula;2026-01-26;21:01:44;35.62;180.00;S;Oui;Oui;8.21;58.8;48.03
M45;Pleiades;2026-01-26;19:13:49;65.00;180.00;S;Oui;Oui;8.13;57.9;13.98
M46;;2026-01-26;23:07:35;26.07;180.00;S;Oui;Oui;8.31;59.8;78.62
M47;;2026-01-26;23:02:24;26.38;180.00;S;Oui;Oui;8.31;59.8;77.40
M48;;2026-01-26;23:39:24;35.13;180.00;S;Oui;Oui;8.34;60.1;81.69
M50;Heart-Shaped Cluster;2026-01-26;22:29:05;32.55;180.00;S;Oui;Oui;8.28;59.5;67.56
M78;;2026-01-26;21:12:53;40.90;180.00;S;Oui;Oui;8.22;58.9;47.46
M79;;2026-01-26;20:50:20;16.36;180.00;S;Oui;Oui;8.21;58.7;58.93
M93;Critter Cluster;2026-01-26;23:10:23;17.02;180.00;S;Oui;Oui;8.31;59.8;83.31
M1;Crab Nebula;2026-01-27;20:56:44;62.90;180.00;S;Oui;Oui;9.34;70.1;23.21
M35;Shoe-Buckle Cluster;2026-01-27;21:31:12;65.23;180.00;S;Oui;Oui;9.36;70.4;30.21
M36;Pinwheel Cluster;2026-01-27;20:58:24;75.02;180.00;S;Oui;Oui;9.34;70.1;23.68
M37;Salt and Pepper Cluster;2026-01-27;21:14:27;73.43;180.00;S;Oui;Oui;9.35;70.2;26.52
M38;Starfish Cluster;2026-01-27;20:50:55;76.74;180.00;S;Oui;Oui;9.33;70.1;22.81
M41;Little Beehive Cluster;2026-01-27;22:08:00;20.12;180.00;S;Oui;Oui;9.39;70.7;61.90
M42;Orion Nebula;2026-01-27;20:57:29;35.49;180.00;S;Oui;Oui;9.34;70.1;39.46
M43;De Mairan's Nebula;2026-01-27;20:57:48;35.62;180.00;S;Oui;Oui;9.34;70.1;39.40
M45;Pleiades;2026-01-27;19:09:54;65.00;180.00;S;Oui;Oui;9.25;69.3;1.21
M46;;2026-01-27;23:03:39;26.07;180.00;S;Oui;Oui;9.44;71.1;67.57
M47;;2026-01-27;22:58:28;26.38;180.00;S;Oui;Oui;9.43;71.0;66.41
M48;;2026-01-27;23:35:28;35.13;180.00;S;Oui;Oui;9.46;71.3;68.85
M50;Heart-Shaped Cluster;2026-01-27;22:25:09;32.55;180.00;S;Oui;Oui;9.41;70.8;56.41
M78;;2026-01-27;21:08:57;40.90;180.00;S;Oui;Oui;9.35;70.2;37.19
M79;;2026-01-27;20:46:24;16.36;180.00;S;Oui;Oui;9.33;70.0;54.57
M93;Critter Cluster;2026-01-27;23:06:27;17.02;180.00;S;Oui;Oui;9.44;71.1;73.61
M1;Crab Nebula;2026-01-28;20:52:48;62.90;180.00;S;Oui;Oui;10.46;80.3;9.95
M35;Shoe-Buckle Cluster;2026-01-28;21:27:16;65.23;180.00;S;Oui;Oui;10.49;80.6;15.78
M36;Pinwheel Cluster;2026-01-28;20:54:28;75.02;180.00;S;Oui;Oui;10.46;80.3;10.15
M37;Salt and Pepper Cluster;2026-01-28;21:10:31;73.43;180.00;S;Oui;Oui;10.47;80.5;12.28
M38;Starfish Cluster;2026-01-28;20:46:59;76.74;180.00;S;Oui;Oui;10.46;80.3;10.24
M41;Little Beehive Cluster;2026-01-28;22:04:04;20.12;180.00;S;Oui;Oui;10.52;80.8;54.76
M42;Orion Nebula;2026-01-28;20:53:33;35.49;180.00;S;Oui;Oui;10.46;80.3;34.37
M43;De Mairan's Nebula;2026-01-28;20:53:52;35.62;180.00;S;Oui;Oui;10.46;80.3;34.27
M45;Pleiades;2026-01-28;19:05:58;65.00;180.00;S;Oui;Oui;10.38;79.6;15.39
M46;;2026-01-28;22:59:43;26.07;180.00;S;Oui;Oui;10.56;81.2;57.23
M47;;2026-01-28;22:54:32;26.38;180.00;S;Oui;Oui;10.56;81.1;56.20
M48;;2026-01-28;23:31:32;35.13;180.00;S;Oui;Oui;10.59;81.4;56.38
M50;Heart-Shaped Cluster;2026-01-28;22:21:14;32.55;180.00;S;Oui;Oui;10.53;80.9;46.46
M78;;2026-01-28;21:05:01;40.90;180.00;S;Oui;Oui;10.47;80.4;30.06
M79;;2026-01-28;20:42:28;16.36;180.00;S;Oui;Oui;10.45;80.3;52.72
M93;Critter Cluster;2026-01-28;23:02:31;17.02;180.00;S;Oui;Oui;10.56;81.2;64.55
M1;Crab Nebula;2026-01-29;20:48:52;62.90;180.00;S;Oui;Oui;11.58;88.8;9.30
M35;Shoe-Buckle Cluster;2026-01-29;21:23:21;65.23;180.00;S;Oui;Oui;11.61;89.0;3.93
M36;Pinwheel Cluster;2026-01-29;20:50:32;75.02;180.00;S;Oui;Oui;11.58;88.8;8.53
M37;Salt and Pepper Cluster;2026-01-29;21:06:35;73.43;180.00;S;Oui;Oui;11.59;88.9;5.20
M38;Starfish Cluster;2026-01-29;20:43:03;76.74;180.00;S;Oui;Oui;11.57;88.8;10.77
M41;Little Beehive Cluster;2026-01-29;22:00:08;20.12;180.00;S;Oui;Oui;11.63;89.2;49.83
M42;Orion Nebula;2026-01-29;20:49:37;35.49;180.00;S;Oui;Oui;11.58;88.8;34.40
M43;De Mairan's Nebula;2026-01-29;20:49:56;35.62;180.00;S;Oui;Oui;11.58;88.8;34.26
M44;Beehive Cluster;2026-01-29;23:54:14;60.87;180.00;S;Oui;Oui;11.72;89.7;34.37
M45;Pleiades;2026-01-29;19:02:02;65.00;180.00;S;Oui;Oui;11.50;88.2;29.97
M46;;2026-01-29;22:55:47;26.07;180.00;S;Oui;Oui;11.68;89.5;48.32
M47;;2026-01-29;22:50:36;26.38;180.00;S;Oui;Oui;11.67;89.4;47.50
M48;;2026-01-29;23:27:36;35.13;180.00;S;Oui;Oui;11.70;89.6;44.80
M50;Heart-Shaped Cluster;2026-01-29;22:17:18;32.55;180.00;S;Oui;Oui;11.65;89.3;38.81
M78;;2026-01-29;21:01:05;40.90;180.00;S;Oui;Oui;11.59;88.9;28.59
M79;;2026-01-29;20:38:32;16.36;180.00;S;Oui;Oui;11.57;88.8;53.67
M93;Critter Cluster;2026-01-29;22:58:35;17.02;180.00;S;Oui;Oui;11.68;89.5;56.73
M1;Crab Nebula;2026-01-30;20:44:56;62.90;180.00;S;Oui;Oui;12.68;95.0;22.15
M35;Shoe-Buckle Cluster;2026-01-30;21:19:25;65.23;180.00;S;Oui;Oui;12.71;95.2;14.20
M36;Pinwheel Cluster;2026-01-30;20:46:36;75.02;180.00;S;Oui;Oui;12.68;95.0;21.44
M37;Salt and Pepper Cluster;2026-01-30;21:02:39;73.43;180.00;S;Oui;Oui;12.69;95.1;17.95
M38;Starfish Cluster;2026-01-30;20:39:07;76.74;180.00;S;Oui;Oui;12.68;95.0;23.30
M41;Little Beehive Cluster;2026-01-30;21:56:13;20.12;180.00;S;Oui;Oui;12.74;95.3;47.81
M42;Orion Nebula;2026-01-30;20:45:41;35.49;180.00;S;Oui;Oui;12.68;95.0;39.42
M43;De Mairan's Nebula;2026-01-30;20:46:00;35.62;180.00;S;Oui;Oui;12.68;95.0;39.27
M44;Beehive Cluster;2026-01-30;23:50:18;60.87;180.00;S;Oui;Oui;12.82;95.7;19.99
M45;Pleiades;2026-01-30;18:58:06;65.00;180.00;S;Oui;Oui;12.60;94.7;44.40
M46;;2026-01-30;22:51:51;26.07;180.00;S;Oui;Oui;12.78;95.5;41.81
M47;;2026-01-30;22:46:40;26.38;180.00;S;Oui;Oui;12.77;95.5;41.34
M48;;2026-01-30;23:23:40;35.13;180.00;S;Oui;Oui;12.80;95.6;35.03
M50;Heart-Shaped Cluster;2026-01-30;22:13:22;32.55;180.00;S;Oui;Oui;12.75;95.3;34.99
M78;;2026-01-30;20:57:09;40.90;180.00;S;Oui;Oui;12.69;95.1;33.40
M79;;2026-01-30;20:34:37;16.36;180.00;S;Oui;Oui;12.67;95.0;57.19
M93;Critter Cluster;2026-01-30;22:54:39;17.02;180.00;S;Oui;Oui;12.78;95.5;50.85
M1;Crab Nebula;2026-01-31;20:41:00;62.90;180.00;S;Oui;Oui;13.76;98.8;35.94
M35;Shoe-Buckle Cluster;2026-01-31;21:15:29;65.23;180.00;S;Oui;Oui;13.79;98.8;28.10
M36;Pinwheel Cluster;2026-01-31;20:42:40;75.02;180.00;S;Oui;Oui;13.76;98.8;35.27
M37;Salt and Pepper Cluster;2026-01-31;20:58:43;73.43;180.00;S;Oui;Oui;13.77;98.8;31.89
M38;Starfish Cluster;2026-01-31;20:35:11;76.74;180.00;S;Oui;Oui;13.76;98.8;36.95
M41;Little Beehive Cluster;2026-01-31;21:52:17;20.12;180.00;S;Oui;Oui;13.81;98.9;48.96
M42;Orion Nebula;2026-01-31;20:41:46;35.49;180.00;S;Oui;Oui;13.76;98.8;47.67
M43;De Mairan's Nebula;2026-01-31;20:42:04;35.62;180.00;S;Oui;Oui;13.76;98.8;47.54
M44;Beehive Cluster;2026-01-31;23:46:22;60.87;180.00;S;Oui;Oui;13.90;99.1;5.94
M45;Pleiades;2026-01-31;18:54:10;65.00;180.00;S;Oui;Oui;13.68;98.6;58.60
M46;;2026-01-31;22:47:56;26.07;180.00;S;Oui;Oui;13.86;99.0;38.86
M47;;2026-01-31;22:42:44;26.38;180.00;S;Oui;Oui;13.85;99.0;38.85
M48;;2026-01-31;23:19:44;35.13;180.00;S;Oui;Oui;13.88;99.0;28.81
M50;Heart-Shaped Cluster;2026-01-31;22:09:26;32.55;180.00;S;Oui;Oui;13.83;98.9;36.06
M78;;2026-01-31;20:53:13;40.90;180.00;S;Oui;Oui;13.77;98.8;42.18
M79;;2026-01-31;20:30:41;16.36;180.00;S;Oui;Oui;13.75;98.8;62.69
M93;Critter Cluster;2026-01-31;22:50:43;17.02;180.00;S;Oui;Oui;13.86;99.0;47.61
M1;Crab Nebula;2026-02-01;20:37:04;62.90;180.00;S;Oui;Oui;14.82;100.0;49.64
M35;Shoe-Buckle Cluster;2026-02-01;21:11:33;65.23;180.00;S;Oui;Oui;14.84;100.0;41.88
M36;Pinwheel Cluster;2026-02-01;20:38:44;75.02;180.00;S;Oui;Oui;14.82;100.0;49.00
M37;Salt and Pepper Cluster;2026-02-01;20:54:48;73.43;180.00;S;Oui;Oui;14.83;100.0;45.68
M38;Starfish Cluster;2026-02-01;20:31:15;76.74;180.00;S;Oui;Oui;14.81;100.0;50.58
M41;Little Beehive Cluster;2026-02-01;21:48:21;20.12;180.00;S;Oui;Oui;14.87;99.9;52.91
M42;Orion Nebula;2026-02-01;20:37:50;35.49;180.00;S;Oui;Oui;14.82;100.0;57.56
M43;De Mairan's Nebula;2026-02-01;20:38:08;35.62;180.00;S;Oui;Oui;14.82;100.0;57.44
M44;Beehive Cluster;2026-02-01;23:42:26;60.87;180.00;S;Oui;Oui;14.95;99.9;8.13
M45;Pleiades;2026-02-01;18:50:14;65.00;180.00;S;Oui;Oui;14.74;100.0;72.51
M46;;2026-02-01;22:44:00;26.07;180.00;S;Oui;Oui;14.91;99.9;40.05
M47;;2026-02-01;22:38:48;26.38;180.00;S;Oui;Oui;14.90;99.9;40.50
M48;;2026-02-01;23:15:48;35.13;180.00;S;Oui;Oui;14.93;99.9;28.25
M50;Heart-Shaped Cluster;2026-02-01;22:05:30;32.55;180.00;S;Oui;Oui;14.88;99.9;41.39
M67;King Cobra;2026-02-01;23:53:18;52.70;180.00;S;Oui;Oui;14.96;99.9;8.54
M78;;2026-02-01;20:49:17;40.90;180.00;S;Oui;Oui;14.83;100.0;52.74
M79;;2026-02-01;20:26:45;16.36;180.00;S;Oui;Oui;14.81;100.0;69.50
M93;Critter Cluster;2026-02-01;22:46:47;17.02;180.00;S;Oui;Oui;14.91;99.9;47.43
M1;Crab Nebula;2026-02-02;20:33:08;62.90;180.00;S;Oui;Oui;15.84;98.7;63.09
M35;Shoe-Buckle Cluster;2026-02-02;21:07:37;65.23;180.00;S;Oui;Oui;15.87;98.6;55.38
M36;Pinwheel Cluster;2026-02-02;20:34:48;75.02;180.00;S;Oui;Oui;15.84;98.7;62.46
M37;Salt and Pepper Cluster;2026-02-02;20:50:52;73.43;180.00;S;Oui;Oui;15.86;98.7;59.18
M38;Starfish Cluster;2026-02-02;20:27:20;76.74;180.00;S;Oui;Oui;15.84;98.7;63.98
M41;Little Beehive Cluster;2026-02-02;21:44:25;20.12;180.00;S;Oui;Oui;15.89;98.6;58.88
M42;Orion Nebula;2026-02-02;20:33:54;35.49;180.00;S;Oui;Oui;15.84;98.7;68.14
M43;De Mairan's Nebula;2026-02-02;20:34:12;35.62;180.00;S;Oui;Oui;15.84;98.7;68.03
M44;Beehive Cluster;2026-02-02;23:38:30;60.87;180.00;S;Oui;Oui;15.97;98.4;21.59
M45;Pleiades;2026-02-02;18:46:18;65.00;180.00;S;Oui;Oui;15.77;98.9;86.09
M46;;2026-02-02;22:40:04;26.07;180.00;S;Oui;Oui;15.93;98.5;44.80
M47;;2026-02-02;22:34:53;26.38;180.00;S;Oui;Oui;15.93;98.5;45.60
M48;;2026-02-02;23:11:52;35.13;180.00;S;Oui;Oui;15.95;98.4;33.28
M50;Heart-Shaped Cluster;2026-02-02;22:01:34;32.55;180.00;S;Oui;Oui;15.90;98.5;49.38
M67;King Cobra;2026-02-02;23:49:22;52.70;180.00;S;Oui;Oui;15.98;98.3;18.23
M78;;2026-02-02;20:45:21;40.90;180.00;S;Oui;Oui;15.85;98.7;63.98
M79;;2026-02-02;20:22:49;16.36;180.00;S;Oui;Oui;15.84;98.7;77.03
M93;Critter Cluster;2026-02-02;22:42:51;17.02;180.00;S;Oui;Oui;15.93;98.5;50.16
M1;Crab Nebula;2026-02-03;20:29:13;62.90;180.00;S;Oui;Oui;16.84;95.2;76.23
M35;Shoe-Buckle Cluster;2026-02-03;21:03:41;65.23;180.00;S;Oui;Oui;16.86;95.1;68.57
M36;Pinwheel Cluster;2026-02-03;20:30:52;75.02;180.00;S;Oui;Oui;16.84;95.2;75.62
M37;Salt and Pepper Cluster;2026-02-03;20:46:56;73.43;180.00;S;Oui;Oui;16.85;95.1;72.36
M38;Starfish Cluster;2026-02-03;20:23:24;76.74;180.00;S;Oui;Oui;16.84;95.2;77.09
M41;Little Beehive Cluster;2026-02-03;21:40:29;20.12;180.00;S;Oui;Oui;16.89;95.0;66.11
M42;Orion Nebula;2026-02-03;20:29:58;35.49;180.00;S;Oui;Oui;16.84;95.2;78.92
M43;De Mairan's Nebula;2026-02-03;20:30:16;35.62;180.00;S;Oui;Oui;16.84;95.2;78.83
M44;Beehive Cluster;2026-02-03;23:34:34;60.87;180.00;S;Oui;Oui;16.97;94.6;34.77
M45;Pleiades;2026-02-03;18:42:22;65.00;180.00;S;Oui;Non;16.77;95.5;99.35
M46;;2026-02-03;22:36:08;26.07;180.00;S;Oui;Oui;16.93;94.8;51.90
M47;;2026-02-03;22:30:57;26.38;180.00;S;Oui;Oui;16.92;94.8;52.92
M48;;2026-02-03;23:07:57;35.13;180.00;S;Oui;Oui;16.95;94.7;41.63
M50;Heart-Shaped Cluster;2026-02-03;21:57:38;32.55;180.00;S;Oui;Oui;16.90;94.9;58.70
M67;King Cobra;2026-02-03;23:45:26;52.70;180.00;S;Oui;Oui;16.98;94.6;30.58
M78;;2026-02-03;20:41:25;40.90;180.00;S;Oui;Oui;16.85;95.2;75.38
M79;;2026-02-03;20:18:53;16.36;180.00;S;Oui;Oui;16.83;95.2;84.86
M93;Critter Cluster;2026-02-03;22:38:55;17.02;180.00;S;Oui;Oui;16.93;94.8;55.15
M1;Crab Nebula;2026-02-04;20:25:17;62.90;180.00;S;Oui;Oui;17.81;89.8;89.06
M35;Shoe-Buckle Cluster;2026-02-04;20:59:45;65.23;180.00;S;Oui;Oui;17.84;89.7;81.44
M36;Pinwheel Cluster;2026-02-04;20:26:56;75.02;180.00;S;Oui;Oui;17.81;89.8;88.46
M37;Salt and Pepper Cluster;2026-02-04;20:43:00;73.43;180.00;S;Oui;Oui;17.82;89.8;85.23
M38;Starfish Cluster;2026-02-04;20:19:28;76.74;180.00;S;Oui;Oui;17.81;89.9;89.88
M41;Little Beehive Cluster;2026-02-04;21:36:33;20.12;180.00;S;Oui;Oui;17.86;89.5;74.03
M42;Orion Nebula;2026-02-04;20:26:02;35.49;180.00;S;Oui;Oui;17.81;89.8;89.63
M43;De Mairan's Nebula;2026-02-04;20:26:21;35.62;180.00;S;Oui;Oui;17.81;89.8;89.55
M44;Beehive Cluster;2026-02-04;23:30:38;60.87;180.00;S;Oui;Oui;17.94;89.0;47.63
M46;;2026-02-04;22:32:12;26.07;180.00;S;Oui;Oui;17.90;89.3;60.31
M47;;2026-02-04;22:27:01;26.38;180.00;S;Oui;Oui;17.89;89.3;61.46
M48;;2026-02-04;23:04:01;35.13;180.00;S;Oui;Oui;17.92;89.2;51.47
M50;Heart-Shaped Cluster;2026-02-04;21:53:42;32.55;180.00;S;Oui;Oui;17.87;89.5;68.63
M67;King Cobra;2026-02-04;23:41:30;52.70;180.00;S;Oui;Oui;17.94;89.0;43.09
M78;;2026-02-04;20:37:29;40.90;180.00;S;Oui;Oui;17.82;89.8;86.69
M79;;2026-02-04;20:14:57;16.36;180.00;S;Oui;Non;17.81;89.9;92.67
M93;Critter Cluster;2026-02-04;22:34:59;17.02;180.00;S;Oui;Oui;17.90;89.3;61.66
M1;Crab Nebula;2026-02-05;20:21:21;62.90;180.00;S;Oui;Non;18.76;83.0;101.60
M35;Shoe-Buckle Cluster;2026-02-05;20:55:49;65.23;180.00;S;Oui;Non;18.78;82.8;94.02
M36;Pinwheel Cluster;2026-02-05;20:23:01;75.02;180.00;S;Oui;Non;18.76;83.0;101.01
M37;Salt and Pepper Cluster;2026-02-05;20:39:04;73.43;180.00;S;Oui;Non;18.77;82.9;97.81
M38;Starfish Cluster;2026-02-05;20:15:32;76.74;180.00;S;Oui;Non;18.76;83.0;102.39
M41;Little Beehive Cluster;2026-02-05;21:32:37;20.12;180.00;S;Oui;Oui;18.81;82.6;82.25
M42;Orion Nebula;2026-02-05;20:22:06;35.49;180.00;S;Oui;Non;18.76;83.0;100.10
M43;De Mairan's Nebula;2026-02-05;20:22:25;35.62;180.00;S;Oui;Non;18.76;83.0;100.03
M44;Beehive Cluster;2026-02-05;23:26:42;60.87;180.00;S;Oui;Oui;18.88;82.0;60.21
M46;;2026-02-05;22:28:16;26.07;180.00;S;Oui;Oui;18.84;82.3;69.38
M47;;2026-02-05;22:23:05;26.38;180.00;S;Oui;Oui;18.84;82.3;70.60
M48;;2026-02-05;23:00:05;35.13;180.00;S;Oui;Oui;18.86;82.1;61.90
M50;Heart-Shaped Cluster;2026-02-05;21:49:46;32.55;180.00;S;Oui;Oui;18.82;82.5;78.74
M67;King Cobra;2026-02-05;23:37:35;52.70;180.00;S;Oui;Oui;18.89;81.9;55.44
M78;;2026-02-05;20:33:34;40.90;180.00;S;Oui;Non;18.77;82.9;97.78
M79;;2026-02-05;20:11:01;16.36;180.00;S;Oui;Non;18.75;83.0;100.22
M93;Critter Cluster;2026-02-05;22:31:04;17.02;180.00;S;Oui;Oui;18.85;82.3;69.08
M1;Crab Nebula;2026-02-06;20:17:25;62.90;180.00;S;Oui;Non;19.69;74.9;113.87
M35;Shoe-Buckle Cluster;2026-02-06;20:51:53;65.23;180.00;S;Oui;Non;19.71;74.7;106.34
M36;Pinwheel Cluster;2026-02-06;20:19:05;75.02;180.00;S;Oui;Non;19.69;74.9;113.29
M37;Salt and Pepper Cluster;2026-02-06;20:35:08;73.43;180.00;S;Oui;Non;19.70;74.8;110.13
M38;Starfish Cluster;2026-02-06;20:11:36;76.74;180.00;S;Oui;Non;19.69;75.0;114.62
M41;Little Beehive Cluster;2026-02-06;21:28:41;20.12;180.00;S;Oui;Non;19.74;74.5;90.52
M42;Orion Nebula;2026-02-06;20:18:10;35.49;180.00;S;Oui;Non;19.69;74.9;110.20
M43;De Mairan's Nebula;2026-02-06;20:18:29;35.62;180.00;S;Oui;Non;19.69;74.9;110.15
M44;Beehive Cluster;2026-02-06;23:22:46;60.87;180.00;S;Oui;Oui;19.81;73.8;72.53
M46;;2026-02-06;22:24:20;26.07;180.00;S;Oui;Non;19.77;74.2;78.73
M47;;2026-02-06;22:19:09;26.38;180.00;S;Oui;Non;19.77;74.2;79.99
M48;;2026-02-06;22:56:09;35.13;180.00;S;Oui;Oui;19.79;74.0;72.54
M50;Heart-Shaped Cluster;2026-02-06;21:45:50;32.55;180.00;S;Oui;Non;19.75;74.4;88.84
M67;King Cobra;2026-02-06;23:33:39;52.70;180.00;S;Oui;Oui;19.82;73.8;67.61
M78;;2026-02-06;20:29:38;40.90;180.00;S;Oui;Non;19.70;74.9;108.56
M79;;2026-02-06;20:07:05;16.36;180.00;S;Oui;Non;19.68;75.0;107.30
M93;Critter Cluster;2026-02-06;22:27:08;17.02;180.00;S;Oui;Non;19.77;74.2;76.99
M1;Crab Nebula;2026-02-07;20:13:29;62.90;180.00;S;Oui;Non;20.60;66.1;125.91
M35;Shoe-Buckle Cluster;2026-02-07;20:47:57;65.23;180.00;S;Oui;Non;20.62;65.9;118.44
M36;Pinwheel Cluster;2026-02-07;20:15:09;75.02;180.00;S;Oui;Non;20.60;66.1;125.35
M37;Salt and Pepper Cluster;2026-02-07;20:31:12;73.43;180.00;S;Oui;Non;20.61;66.0;122.22
M38;Starfish Cluster;2026-02-07;20:07:40;76.74;180.00;S;Oui;Non;20.60;66.1;126.62
M41;Little Beehive Cluster;2026-02-07;21:24:45;20.12;180.00;S;Oui;Non;20.65;65.7;98.63
M42;Orion Nebula;2026-02-07;20:14:14;35.49;180.00;S;Oui;Non;20.60;66.1;119.78
M43;De Mairan's Nebula;2026-02-07;20:14:33;35.62;180.00;S;Oui;Non;20.60;66.1;119.76
M44;Beehive Cluster;2026-02-07;23:18:51;60.87;180.00;S;Oui;Non;20.72;64.9;84.64
M46;;2026-02-07;22:20:24;26.07;180.00;S;Oui;Non;20.68;65.3;88.14
M47;;2026-02-07;22:15:13;26.38;180.00;S;Oui;Non;20.68;65.3;89.40
M48;;2026-02-07;22:52:13;35.13;180.00;S;Oui;Non;20.70;65.1;83.19
M50;Heart-Shaped Cluster;2026-02-07;21:41:54;32.55;180.00;S;Oui;Non;20.66;65.5;98.79
M67;King Cobra;2026-02-07;23:29:43;52.70;180.00;S;Oui;Non;20.73;64.9;79.59
M78;;2026-02-07;20:25:42;40.90;180.00;S;Oui;Non;20.61;66.0;118.93
M79;;2026-02-07;20:03:09;16.36;180.00;S;Oui;Non;20.60;66.2;113.69
M93;Critter Cluster;2026-02-07;22:23:12;17.02;180.00;S;Oui;Non;20.68;65.3;85.11
M1;Crab Nebula;2026-02-08;20:09:33;62.90;180.00;S;Oui;Non;21.50;56.8;137.76
M35;Shoe-Buckle Cluster;2026-02-08;20:44:01;65.23;180.00;S;Oui;Non;21.53;56.6;130.37
M36;Pinwheel Cluster;2026-02-08;20:11:13;75.02;180.00;S;Oui;Non;21.50;56.8;137.21
M37;Salt and Pepper Cluster;2026-02-08;20:27:16;73.43;180.00;S;Oui;Non;21.51;56.7;134.14
M38;Starfish Cluster;2026-02-08;20:03:44;76.74;180.00;S;Oui;Non;21.50;56.8;138.40
M41;Little Beehive Cluster;2026-02-08;21:20:49;20.12;180.00;S;Oui;Non;21.55;56.3;106.42
M42;Orion Nebula;2026-02-08;20:10:18;35.49;180.00;S;Oui;Non;21.50;56.8;128.64
M43;De Mairan's Nebula;2026-02-08;20:10:37;35.62;180.00;S;Oui;Non;21.50;56.8;128.64
M44;Beehive Cluster;2026-02-08;23:14:55;60.87;180.00;S;Oui;Non;21.62;55.6;96.60
M46;;2026-02-08;22:16:28;26.07;180.00;S;Oui;Non;21.58;56.0;97.45
M47;;2026-02-08;22:11:17;26.38;180.00;S;Oui;Non;21.58;56.0;98.70
M48;;2026-02-08;22:48:17;35.13;180.00;S;Oui;Non;21.60;55.8;93.78
M50;Heart-Shaped Cluster;2026-02-08;21:37:59;32.55;180.00;S;Oui;Non;21.56;56.2;108.47
M67;King Cobra;2026-02-08;23:25:47;52.70;180.00;S;Oui;Non;21.63;55.5;91.43
M78;;2026-02-08;20:21:46;40.90;180.00;S;Oui;Non;21.51;56.7;128.75
M79;;2026-02-08;19:59:13;16.36;180.00;S;Oui;Non;21.50;56.9;119.16
M93;Critter Cluster;2026-02-08;22:19:16;17.02;180.00;S;Oui;Non;21.58;56.0;93.25
M1;Crab Nebula;2026-02-09;20:05:37;62.90;180.00;S;Oui;Non;22.40;47.4;149.42
M35;Shoe-Buckle Cluster;2026-02-09;20:40:06;65.23;180.00;S;Oui;Non;22.42;47.1;142.18
M36;Pinwheel Cluster;2026-02-09;20:07:17;75.02;180.00;S;Oui;Non;22.40;47.3;148.91
M37;Salt and Pepper Cluster;2026-02-09;20:23:20;73.43;180.00;S;Oui;Non;22.41;47.2;145.93
M38;Starfish Cluster;2026-02-09;19:59:48;76.74;180.00;S;Oui;Non;22.39;47.4;149.96
M41;Little Beehive Cluster;2026-02-09;21:16:53;20.12;180.00;S;Oui;Non;22.44;46.9;113.71
M42;Orion Nebula;2026-02-09;20:06:22;35.49;180.00;S;Oui;Non;22.40;47.4;136.40
M43;De Mairan's Nebula;2026-02-09;20:06:41;35.62;180.00;S;Oui;Non;22.40;47.4;136.43
M44;Beehive Cluster;2026-02-09;23:10:59;60.87;180.00;S;Oui;Non;22.51;46.1;108.45
M46;;2026-02-09;22:12:32;26.07;180.00;S;Oui;Non;22.48;46.5;106.56
M47;;2026-02-09;22:07:21;26.38;180.00;S;Oui;Non;22.47;46.6;107.77
M48;;2026-02-09;22:44:21;35.13;180.00;S;Oui;Non;22.50;46.3;104.24
M50;Heart-Shaped Cluster;2026-02-09;21:34:03;32.55;180.00;S;Oui;Non;22.45;46.8;117.77
M67;King Cobra;2026-02-09;23:21:51;52.70;180.00;S;Oui;Non;22.52;46.1;103.17
M78;;2026-02-09;20:17:50;40.90;180.00;S;Oui;Non;22.40;47.3;137.71
M79;;2026-02-09;19:55:17;16.36;180.00;S;Oui;Non;22.39;47.4;123.44
M93;Critter Cluster;2026-02-09;22:15:20;17.02;180.00;S;Oui;Non;22.48;46.5;101.23
M1;Crab Nebula;2026-02-10;20:01:41;62.90;180.00;S;Oui;Non;23.29;38.0;160.80
M35;Shoe-Buckle Cluster;2026-02-10;20:36:10;65.23;180.00;S;Oui;Non;23.31;37.8;153.90
M36;Pinwheel Cluster;2026-02-10;20:03:21;75.02;180.00;S;Oui;Non;23.29;38.0;160.36
M37;Salt and Pepper Cluster;2026-02-10;20:19:24;73.43;180.00;S;Oui;Non;23.30;37.9;157.59
M38;Starfish Cluster;2026-02-10;19:55:52;76.74;180.00;S;Oui;Non;23.28;38.1;161.11
M41;Little Beehive Cluster;2026-02-10;21:12:58;20.12;180.00;S;Oui;Non;23.33;37.6;120.25
M42;Orion Nebula;2026-02-10;20:02:26;35.49;180.00;S;Oui;Non;23.29;38.0;142.44
M43;De Mairan's Nebula;2026-02-10;20:02:45;35.62;180.00;S;Oui;Non;23.29;38.0;142.51
M44;Beehive Cluster;2026-02-10;23:07:03;60.87;180.00;S;Oui;Non;23.40;36.9;120.26
M46;;2026-02-10;22:08:36;26.07;180.00;S;Oui;Non;23.37;37.2;115.32
M47;;2026-02-10;22:03:25;26.38;180.00;S;Oui;Non;23.36;37.3;116.45
M48;;2026-02-10;22:40:25;35.13;180.00;S;Oui;Non;23.39;37.0;114.51
M50;Heart-Shaped Cluster;2026-02-10;21:30:07;32.55;180.00;S;Oui;Non;23.34;37.5;126.48
M67;King Cobra;2026-02-10;23:17:55;52.70;180.00;S;Oui;Non;23.41;36.8;114.85
M78;;2026-02-10;20:13:54;40.90;180.00;S;Oui;Non;23.29;38.0;145.27
M79;;2026-02-10;19:51:22;16.36;180.00;S;Oui;Non;23.28;38.1;126.24
M93;Critter Cluster;2026-02-10;22:11:24;17.02;180.00;S;Oui;Non;23.37;37.2;108.92
M1;Crab Nebula;2026-02-11;19:57:45;62.90;180.00;S;Oui;Non;24.18;29.2;171.07
M35;Shoe-Buckle Cluster;2026-02-11;20:32:14;65.23;180.00;S;Oui;Non;24.20;29.0;165.47
M36;Pinwheel Cluster;2026-02-11;19:59:25;75.02;180.00;S;Oui;Non;24.18;29.1;170.92
M37;Salt and Pepper Cluster;2026-02-11;20:15:28;73.43;180.00;S;Oui;Non;24.19;29.1;168.95
M38;Starfish Cluster;2026-02-11;19:51:56;76.74;180.00;S;Oui;Non;24.17;29.2;170.62
M41;Little Beehive Cluster;2026-02-11;21:09:02;20.12;180.00;S;Oui;Non;24.22;28.7;125.76
M42;Orion Nebula;2026-02-11;19:58:31;35.49;180.00;S;Oui;Non;24.18;29.2;145.87
M43;De Mairan's Nebula;2026-02-11;19:58:49;35.62;180.00;S;Oui;Non;24.18;29.2;145.97
M44;Beehive Cluster;2026-02-11;23:03:07;60.87;180.00;S;Oui;Non;24.29;28.1;132.07
M46;;2026-02-11;22:04:41;26.07;180.00;S;Oui;Non;24.26;28.4;123.52
M47;;2026-02-11;21:59:29;26.38;180.00;S;Oui;Non;24.25;28.4;124.54
M48;;2026-02-11;22:36:29;35.13;180.00;S;Oui;Non;24.28;28.2;124.49
M50;Heart-Shaped Cluster;2026-02-11;21:26:11;32.55;180.00;S;Oui;Non;24.23;28.6;134.27
M67;King Cobra;2026-02-11;23:13:59;52.70;180.00;S;Oui;Non;24.30;28.0;126.51
M78;;2026-02-11;20:09:58;40.90;180.00;S;Oui;Non;24.18;29.1;150.35
M79;;2026-02-11;19:47:26;16.36;180.00;S;Oui;Non;24.17;29.2;127.32
M93;Critter Cluster;2026-02-11;22:07:28;17.02;180.00;S;Oui;Non;24.26;28.4;116.10
M1;Crab Nebula;2026-02-12;19:53:49;62.90;180.00;S;Oui;Non;25.07;21.0;171.66
M35;Shoe-Buckle Cluster;2026-02-12;20:28:18;65.23;180.00;S;Oui;Non;25.09;20.8;175.60
M36;Pinwheel Cluster;2026-02-12;19:55:29;75.02;180.00;S;Oui;Non;25.07;21.0;172.39
M37;Salt and Pepper Cluster;2026-02-12;20:11:33;73.43;180.00;S;Oui;Non;25.08;20.9;175.44
M38;Starfish Cluster;2026-02-12;19:48:00;76.74;180.00;S;Oui;Non;25.07;21.0;170.12
M41;Little Beehive Cluster;2026-02-12;21:05:06;20.12;180.00;S;Oui;Non;25.12;20.6;129.82
M42;Orion Nebula;2026-02-12;19:54:35;35.49;180.00;S;Oui;Non;25.07;21.0;145.85
M43;De Mairan's Nebula;2026-02-12;19:54:53;35.62;180.00;S;Oui;Non;25.07;21.0;145.99
M44;Beehive Cluster;2026-02-12;22:59:11;60.87;180.00;S;Oui;Non;25.19;20.0;143.95
M46;;2026-02-12;22:00:45;26.07;180.00;S;Oui;Non;25.15;20.3;130.83
M47;;2026-02-12;21:55:33;26.38;180.00;S;Oui;Non;25.15;20.3;131.68
M48;;2026-02-12;22:32:33;35.13;180.00;S;Oui;Non;25.17;20.1;133.98
M50;Heart-Shaped Cluster;2026-02-12;21:22:15;32.55;180.00;S;Oui;Non;25.13;20.5;140.56
M67;King Cobra;2026-02-12;23:10:03;52.70;180.00;S;Oui;Non;25.19;19.9;138.18
M78;;2026-02-12;20:06:02;40.90;180.00;S;Oui;Non;25.08;20.9;151.58
M79;;2026-02-12;19:43:30;16.36;180.00;S;Oui;Non;25.07;21.0;126.55
M93;Critter Cluster;2026-02-12;22:03:32;17.02;180.00;S;Oui;Non;25.15;20.3;122.51
M1;Crab Nebula;2026-02-13;19:49:53;62.90;180.00;S;Oui;Non;25.97;13.7;161.46
M35;Shoe-Buckle Cluster;2026-02-13;20:24:22;65.23;180.00;S;Oui;Non;26.00;13.6;169.46
M36;Pinwheel Cluster;2026-02-13;19:51:33;75.02;180.00;S;Oui;Non;25.98;13.7;162.16
M37;Salt and Pepper Cluster;2026-02-13;20:07:37;73.43;180.00;S;Oui;Non;25.99;13.7;165.72
M38;Starfish Cluster;2026-02-13;19:44:05;76.74;180.00;S;Oui;Non;25.97;13.8;160.22
M41;Little Beehive Cluster;2026-02-13;21:01:10;20.12;180.00;S;Oui;Non;26.02;13.4;131.99
M42;Orion Nebula;2026-02-13;19:50:39;35.49;180.00;S;Oui;Non;25.97;13.7;142.34
M43;De Mairan's Nebula;2026-02-13;19:50:57;35.62;180.00;S;Oui;Non;25.97;13.7;142.48
M44;Beehive Cluster;2026-02-13;22:55:15;60.87;180.00;S;Oui;Non;26.09;12.9;155.94
M46;;2026-02-13;21:56:49;26.07;180.00;S;Oui;Non;26.05;13.2;136.72
M47;;2026-02-13;21:51:38;26.38;180.00;S;Oui;Non;26.05;13.2;137.31
M48;;2026-02-13;22:28:37;35.13;180.00;S;Oui;Non;26.07;13.0;142.51
M50;Heart-Shaped Cluster;2026-02-13;21:18:19;32.55;180.00;S;Oui;Non;26.03;13.3;144.46
M67;King Cobra;2026-02-13;23:06:07;52.70;180.00;S;Oui;Non;26.10;12.9;149.83
M78;;2026-02-13;20:02:06;40.90;180.00;S;Oui;Non;25.98;13.7;148.41
M79;;2026-02-13;19:39:34;16.36;180.00;S;Oui;Non;25.97;13.8;123.99
M93;Critter Cluster;2026-02-13;21:59:36;17.02;180.00;S;Oui;Non;26.06;13.2;127.78
M1;Crab Nebula;2026-02-14;19:45:58;62.90;180.00;S;Oui;Non;26.89;7.8;149.77
M35;Shoe-Buckle Cluster;2026-02-14;20:20:26;65.23;180.00;S;Oui;Non;26.91;7.7;157.70
M36;Pinwheel Cluster;2026-02-14;19:47:37;75.02;180.00;S;Oui;Non;26.89;7.8;150.44
M37;Salt and Pepper Cluster;2026-02-14;20:03:41;73.43;180.00;S;Oui;Non;26.90;7.7;153.88
M38;Starfish Cluster;2026-02-14;19:40:09;76.74;180.00;S;Oui;Non;26.89;7.8;148.69
M41;Little Beehive Cluster;2026-02-14;20:57:14;20.12;180.00;S;Oui;Non;26.93;7.5;131.95
M42;Orion Nebula;2026-02-14;19:46:43;35.49;180.00;S;Oui;Non;26.89;7.8;136.05
M43;De Mairan's Nebula;2026-02-14;19:47:01;35.62;180.00;S;Oui;Non;26.89;7.8;136.19
M44;Beehive Cluster;2026-02-14;22:51:19;60.87;180.00;S;Oui;Non;27.01;7.1;168.08
M46;;2026-02-14;21:52:53;26.07;180.00;S;Oui;Non;26.97;7.3;140.43
M47;;2026-02-14;21:47:42;26.38;180.00;S;Oui;Non;26.97;7.3;140.65
M48;;2026-02-14;22:24:42;35.13;180.00;S;Oui;Non;26.99;7.2;149.16
M50;Heart-Shaped Cluster;2026-02-14;21:14:23;32.55;180.00;S;Oui;Non;26.95;7.5;145.04
M67;King Cobra;2026-02-14;23:02:11;52.70;180.00;S;Oui;Non;27.02;7.1;161.25
M78;;2026-02-14;19:58:10;40.90;180.00;S;Oui;Non;26.90;7.7;141.81
M79;;2026-02-14;19:35:38;16.36;180.00;S;Oui;Non;26.88;7.8;119.81
M93;Critter Cluster;2026-02-14;21:55:40;17.02;180.00;S;Oui;Non;26.97;7.3;131.42
M1;Crab Nebula;2026-02-15;19:42:02;62.90;180.00;S;Oui;Non;27.82;3.3;137.63
M35;Shoe-Buckle Cluster;2026-02-15;20:16:30;65.23;180.00;S;Oui;Non;27.84;3.2;145.47
M36;Pinwheel Cluster;2026-02-15;19:43:41;75.02;180.00;S;Oui;Non;27.82;3.3;138.27
M37;Salt and Pepper Cluster;2026-02-15;19:59:45;73.43;180.00;S;Oui;Non;27.83;3.3;141.64
M38;Starfish Cluster;2026-02-15;19:36:13;76.74;180.00;S;Oui;Non;27.82;3.3;136.63
M41;Little Beehive Cluster;2026-02-15;20:53:18;20.12;180.00;S;Oui;Non;27.87;3.2;129.57
M42;Orion Nebula;2026-02-15;19:42:47;35.49;180.00;S;Oui;Non;27.82;3.3;127.88
M43;De Mairan's Nebula;2026-02-15;19:43:06;35.62;180.00;S;Oui;Non;27.82;3.3;128.01
M44;Beehive Cluster;2026-02-15;22:47:23;60.87;180.00;S;Oui;Non;27.94;2.9;178.71
M46;;2026-02-15;21:48:57;26.07;180.00;S;Oui;Non;27.90;3.0;141.16
M47;;2026-02-15;21:43:46;26.38;180.00;S;Oui;Non;27.90;3.0;140.95
M48;;2026-02-15;22:20:46;35.13;180.00;S;Oui;Non;27.92;2.9;152.29
M50;Heart-Shaped Cluster;2026-02-15;21:10:27;32.55;180.00;S;Oui;Non;27.88;3.1;141.97
M67;King Cobra;2026-02-15;22:58:15;52.70;180.00;S;Oui;Non;27.95;2.9;170.79
M78;;2026-02-15;19:54:14;40.90;180.00;S;Oui;Non;27.83;3.3;133.07
M79;;2026-02-15;19:31:42;16.36;180.00;S;Oui;Non;27.81;3.4;114.29
M93;Critter Cluster;2026-02-15;21:51:44;17.02;180.00;S;Oui;Non;27.90;3.0;132.91
M1;Crab Nebula;2026-02-16;19:38:06;62.90;180.00;S;Oui;Non;28.77;0.7;125.15
M35;Shoe-Buckle Cluster;2026-02-16;20:12:34;65.23;180.00;S;Oui;Non;28.79;0.6;132.91
M36;Pinwheel Cluster;2026-02-16;19:39:46;75.02;180.00;S;Oui;Non;28.77;0.7;125.77
M37;Salt and Pepper Cluster;2026-02-16;19:55:49;73.43;180.00;S;Oui;Non;28.78;0.7;129.09
M38;Starfish Cluster;2026-02-16;19:32:17;76.74;180.00;S;Oui;Non;28.77;0.7;124.21
M41;Little Beehive Cluster;2026-02-16;20:49:22;20.12;180.00;S;Oui;Non;28.82;0.6;125.06
M42;Orion Nebula;2026-02-16;19:38:51;35.49;180.00;S;Oui;Non;28.77;0.7;118.45
M43;De Mairan's Nebula;2026-02-16;19:39:10;35.62;180.00;S;Oui;Non;28.77;0.7;118.57
M44;Beehive Cluster;2026-02-16;22:43:27;60.87;180.00;S;Oui;Non;28.89;0.5;166.76
M46;;2026-02-16;21:45:01;26.07;180.00;S;Oui;Non;28.85;0.5;138.57
M47;;2026-02-16;21:39:50;26.38;180.00;S;Oui;Non;28.85;0.5;137.96
M48;;2026-02-16;22:16:50;35.13;180.00;S;Oui;Non;28.88;0.5;150.46
M50;Heart-Shaped Cluster;2026-02-16;21:06:31;32.55;180.00;S;Oui;Non;28.83;0.6;135.84
M67;King Cobra;2026-02-16;22:54:20;52.70;180.00;S;Oui;Non;28.90;0.5;168.70
M78;;2026-02-16;19:50:19;40.90;180.00;S;Oui;Non;28.78;0.7;123.02
M79;;2026-02-16;19:27:46;16.36;180.00;S;Oui;Non;28.76;0.7;107.71
M93;Critter Cluster;2026-02-16;21:47:49;17.02;180.00;S;Oui;Non;28.86;0.5;131.91
M1;Crab Nebula;2026-02-17;19:34:10;62.90;180.00;S;Oui;Non;0.21;0.1;112.33
M35;Shoe-Buckle Cluster;2026-02-17;20:08:38;65.23;180.00;S;Oui;Non;0.24;0.1;120.03
M36;Pinwheel Cluster;2026-02-17;19:35:50;75.02;180.00;S;Oui;Non;0.21;0.1;112.94
M37;Salt and Pepper Cluster;2026-02-17;19:51:53;73.43;180.00;S;Oui;Non;0.22;0.1;116.22
M38;Starfish Cluster;2026-02-17;19:28:21;76.74;180.00;S;Oui;Non;0.21;0.1;111.44
M41;Little Beehive Cluster;2026-02-17;20:45:26;20.12;180.00;S;Oui;Non;0.26;0.1;118.79
M42;Orion Nebula;2026-02-17;19:34:55;35.49;180.00;S;Oui;Non;0.21;0.1;108.17
M43;De Mairan's Nebula;2026-02-17;19:35:14;35.62;180.00;S;Oui;Non;0.21;0.1;108.28
M44;Beehive Cluster;2026-02-17;22:39:31;60.87;180.00;S;Oui;Non;0.34;0.1;153.83
M46;;2026-02-17;21:41:05;26.07;180.00;S;Oui;Non;0.30;0.1;133.02
M47;;2026-02-17;21:35:54;26.38;180.00;S;Oui;Non;0.30;0.1;132.12
M48;;2026-02-17;22:12:54;35.13;180.00;S;Oui;Non;0.32;0.1;144.15
M50;Heart-Shaped Cluster;2026-02-17;21:02:35;32.55;180.00;S;Oui;Non;0.27;0.1;127.56
M67;King Cobra;2026-02-17;22:50:24;52.70;180.00;S;Oui;Non;0.35;0.1;157.60
M78;;2026-02-17;19:46:23;40.90;180.00;S;Oui;Non;0.22;0.1;112.12
M79;;2026-02-17;19:23:50;16.36;180.00;S;Oui;Non;0.21;0.1;100.33
M81;Bode's Galaxy;2026-02-17;23:54:28;70.05;0.00;N;Oui;Non;0.39;0.2;121.21
M82;Cigar Galaxy;2026-02-17;23:54:47;69.44;360.00;N;Oui;Non;0.39;0.2;120.60
M93;Critter Cluster;2026-02-17;21:43:53;17.02;180.00;S;Oui;Non;0.30;0.1;128.40
M1;Crab Nebula;2026-02-18;19:30:14;62.90;180.00;S;Oui;Non;1.21;1.7;99.18
M35;Shoe-Buckle Cluster;2026-02-18;20:04:42;65.23;180.00;S;Oui;Non;1.24;1.7;106.81
M36;Pinwheel Cluster;2026-02-18;19:31:54;75.02;180.00;S;Oui;Non;1.21;1.7;99.77
M37;Salt and Pepper Cluster;2026-02-18;19:47:57;73.43;180.00;S;Oui;Non;1.22;1.7;103.01
M38;Starfish Cluster;2026-02-18;19:24:25;76.74;180.00;S;Oui;Non;1.21;1.6;98.32
M41;Little Beehive Cluster;2026-02-18;20:41:30;20.12;180.00;S;Oui;Non;1.26;1.8;111.17
M42;Orion Nebula;2026-02-18;19:30:59;35.49;180.00;S;Oui;Non;1.21;1.7;97.29
M43;De Mairan's Nebula;2026-02-18;19:31:18;35.62;180.00;S;Oui;Non;1.21;1.7;97.38
M44;Beehive Cluster;2026-02-18;22:35:36;60.87;180.00;S;Oui;Non;1.34;2.0;140.56
M46;;2026-02-18;21:37:09;26.07;180.00;S;Oui;Non;1.30;1.9;125.25
M47;;2026-02-18;21:31:58;26.38;180.00;S;Oui;Non;1.30;1.9;124.16
M48;;2026-02-18;22:08:58;35.13;180.00;S;Oui;Non;1.32;2.0;134.98
M50;Heart-Shaped Cluster;2026-02-18;20:58:39;32.55;180.00;S;Oui;Non;1.27;1.8;117.83
M67;King Cobra;2026-02-18;22:46:28;52.70;180.00;S;Oui;Non;1.35;2.1;144.91
M78;;2026-02-18;19:42:27;40.90;180.00;S;Oui;Non;1.22;1.7;100.61
M79;;2026-02-18;19:19:54;16.36;180.00;S;Oui;Non;1.20;1.6;92.40
M81;Bode's Galaxy;2026-02-18;23:50:32;70.05;360.00;N;Oui;Non;1.40;2.2;114.04
M82;Cigar Galaxy;2026-02-18;23:50:51;69.44;360.00;N;Oui;Non;1.40;2.2;113.47
M93;Critter Cluster;2026-02-18;21:39:57;17.02;180.00;S;Oui;Non;1.30;1.9;122.71
M1;Crab Nebula;2026-02-19;19:26:18;62.90;180.00;S;Oui;Oui;2.24;5.6;85.69
M35;Shoe-Buckle Cluster;2026-02-19;20:00:46;65.23;180.00;S;Oui;Non;2.26;5.7;93.26
M36;Pinwheel Cluster;2026-02-19;19:27:58;75.02;180.00;S;Oui;Oui;2.24;5.6;86.27
M37;Salt and Pepper Cluster;2026-02-19;19:44:01;73.43;180.00;S;Oui;Oui;2.25;5.6;89.47
M38;Starfish Cluster;2026-02-19;19:20:29;76.74;180.00;S;Oui;Oui;2.23;5.6;84.87
M41;Little Beehive Cluster;2026-02-19;20:37:34;20.12;180.00;S;Oui;Non;2.29;5.8;102.58
M42;Orion Nebula;2026-02-19;19:27:03;35.49;180.00;S;Oui;Oui;2.24;5.6;86.01
M43;De Mairan's Nebula;2026-02-19;19:27:22;35.62;180.00;S;Oui;Oui;2.24;5.6;86.08
M44;Beehive Cluster;2026-02-19;22:31:40;60.87;180.00;S;Oui;Non;2.37;6.3;126.95
M46;;2026-02-19;21:33:13;26.07;180.00;S;Oui;Non;2.33;6.0;115.94
M47;;2026-02-19;21:28:02;26.38;180.00;S;Oui;Non;2.33;6.0;114.75
M48;;2026-02-19;22:05:02;35.13;180.00;S;Oui;Non;2.35;6.2;124.16
M50;Heart-Shaped Cluster;2026-02-19;20:54:44;32.55;180.00;S;Oui;Non;2.30;5.9;107.15
M67;King Cobra;2026-02-19;22:42:32;52.70;180.00;S;Oui;Non;2.38;6.3;131.60
M78;;2026-02-19;19:38:31;40.90;180.00;S;Oui;Oui;2.25;5.6;88.68
M79;;2026-02-19;19:15:58;16.36;180.00;S;Oui;Oui;2.23;5.5;84.20
M81;Bode's Galaxy;2026-02-19;23:46:37;70.05;0.00;N;Oui;Non;2.43;6.5;105.73
M82;Cigar Galaxy;2026-02-19;23:46:55;69.44;0.00;N;Oui;Non;2.43;6.5;105.22
M93;Critter Cluster;2026-02-19;21:36:01;17.02;180.00;S;Oui;Non;2.33;6.1;115.32
M1;Crab Nebula;2026-02-20;19:22:22;62.90;180.00;S;Oui;Oui;3.29;11.8;71.88
M35;Shoe-Buckle Cluster;2026-02-20;19:56:51;65.23;180.00;S;Oui;Oui;3.32;12.0;79.39
M36;Pinwheel Cluster;2026-02-20;19:24:02;75.02;180.00;S;Oui;Oui;3.29;11.8;72.45
M37;Salt and Pepper Cluster;2026-02-20;19:40:05;73.43;180.00;S;Oui;Oui;3.31;11.9;75.61
M38;Starfish Cluster;2026-02-20;19:16:33;76.74;180.00;S;Oui;Oui;3.29;11.8;71.10
M41;Little Beehive Cluster;2026-02-20;20:33:38;20.12;180.00;S;Oui;Oui;3.35;12.2;93.35
M42;Orion Nebula;2026-02-20;19:23:07;35.49;180.00;S;Oui;Oui;3.29;11.8;74.53
M43;De Mairan's Nebula;2026-02-20;19:23:26;35.62;180.00;S;Oui;Oui;3.29;11.8;74.58
M44;Beehive Cluster;2026-02-20;22:27:44;60.87;180.00;S;Oui;Non;3.43;12.8;113.01
M46;;2026-02-20;21:29:17;26.07;180.00;S;Oui;Non;3.39;12.5;105.60
M47;;2026-02-20;21:24:06;26.38;180.00;S;Oui;Non;3.38;12.5;104.36
M48;;2026-02-20;22:01:06;35.13;180.00;S;Oui;Non;3.41;12.7;112.34
M50;Heart-Shaped Cluster;2026-02-20;20:50:48;32.55;180.00;S;Oui;Oui;3.36;12.3;95.84
M67;King Cobra;2026-02-20;22:38:36;52.70;180.00;S;Oui;Non;3.44;12.9;117.86
M78;;2026-02-20;19:34:35;40.90;180.00;S;Oui;Oui;3.30;11.9;76.48
M79;;2026-02-20;19:12:02;16.36;180.00;S;Oui;Oui;3.29;11.8;76.01
M81;Bode's Galaxy;2026-02-20;23:42:41;70.05;0.00;N;Oui;Non;3.49;13.2;96.66
M82;Cigar Galaxy;2026-02-20;23:43:00;69.44;360.00;N;Oui;Non;3.49;13.2;96.23
M93;Critter Cluster;2026-02-20;21:32:05;17.02;180.00;S;Oui;Non;3.39;12.5;106.71
M1;Crab Nebula;2026-02-21;19:18:26;62.90;180.00;S;Oui;Oui;4.37;20.2;57.79
M35;Shoe-Buckle Cluster;2026-02-21;19:52:55;65.23;180.00;S;Oui;Oui;4.40;20.4;65.23
M36;Pinwheel Cluster;2026-02-21;19:20:06;75.02;180.00;S;Oui;Oui;4.38;20.2;58.35
M37;Salt and Pepper Cluster;2026-02-21;19:36:09;73.43;180.00;S;Oui;Oui;4.39;20.3;61.46
M38;Starfish Cluster;2026-02-21;19:12:37;76.74;180.00;S;Oui;Oui;4.37;20.2;57.07
M41;Little Beehive Cluster;2026-02-21;20:29:43;20.12;180.00;S;Oui;Oui;4.43;20.7;83.81
M42;Orion Nebula;2026-02-21;19:19:11;35.49;180.00;S;Oui;Oui;4.37;20.2;63.14
M43;De Mairan's Nebula;2026-02-21;19:19:30;35.62;180.00;S;Oui;Oui;4.37;20.2;63.17
M44;Beehive Cluster;2026-02-21;22:23:48;60.87;180.00;S;Oui;Oui;4.51;21.4;98.80
M46;;2026-02-21;21:25:21;26.07;180.00;S;Oui;Oui;4.47;21.0;94.64
M47;;2026-02-21;21:20:10;26.38;180.00;S;Oui;Oui;4.47;21.0;93.39
M48;;2026-02-21;21:57:10;35.13;180.00;S;Oui;Oui;4.49;21.2;99.90
M50;Heart-Shaped Cluster;2026-02-21;20:46:52;32.55;180.00;S;Oui;Oui;4.44;20.8;84.18
M67;King Cobra;2026-02-21;22:34:40;52.70;180.00;S;Oui;Non;4.52;21.5;103.80
M78;;2026-02-21;19:30:39;40.90;180.00;S;Oui;Oui;4.38;20.3;64.23
M79;;2026-02-21;19:08:07;16.36;180.00;S;Oui;Oui;4.37;20.1;68.25
M81;Bode's Galaxy;2026-02-21;23:38:45;70.05;360.00;N;Oui;Non;4.57;21.9;87.17
M82;Cigar Galaxy;2026-02-21;23:39:04;69.44;360.00;N;Oui;Non;4.57;21.9;86.83
M93;Critter Cluster;2026-02-21;21:28:09;17.02;180.00;S;Oui;Oui;4.47;21.0;97.30
M1;Crab Nebula;2026-02-22;19:14:30;62.90;180.00;S;Oui;Oui;5.48;30.3;43.52
M35;Shoe-Buckle Cluster;2026-02-22;19:48:59;65.23;180.00;S;Oui;Oui;5.50;30.6;50.85
M36;Pinwheel Cluster;2026-02-22;19:16:10;75.02;180.00;S;Oui;Oui;5.48;30.3;44.05
M37;Salt and Pepper Cluster;2026-02-22;19:32:13;73.43;180.00;S;Oui;Oui;5.49;30.5;47.10
M38;Starfish Cluster;2026-02-22;19:08:41;76.74;180.00;S;Oui;Oui;5.47;30.3;42.86
M41;Little Beehive Cluster;2026-02-22;20:25:47;20.12;180.00;S;Oui;Oui;5.53;30.9;74.34
M42;Orion Nebula;2026-02-22;19:15:16;35.49;180.00;S;Oui;Oui;5.48;30.3;52.29
M43;De Mairan's Nebula;2026-02-22;19:15:34;35.62;180.00;S;Oui;Oui;5.48;30.3;52.30
M44;Beehive Cluster;2026-02-22;22:19:52;60.87;180.00;S;Oui;Oui;5.62;31.7;84.35
M46;;2026-02-22;21:21:26;26.07;180.00;S;Oui;Oui;5.57;31.3;83.38
M47;;2026-02-22;21:16:14;26.38;180.00;S;Oui;Oui;5.57;31.3;82.14
M48;;2026-02-22;21:53:14;35.13;180.00;S;Oui;Oui;5.60;31.5;87.11
M50;Heart-Shaped Cluster;2026-02-22;20:42:56;32.55;180.00;S;Oui;Oui;5.54;31.0;72.45
M67;King Cobra;2026-02-22;22:30:44;52.70;180.00;S;Oui;Oui;5.63;31.8;89.49
M78;;2026-02-22;19:26:43;40.90;180.00;S;Oui;Oui;5.49;30.4;52.28
M81;Bode's Galaxy;2026-02-22;23:34:49;70.05;0.00;N;Oui;Oui;5.68;32.3;77.64
M82;Cigar Galaxy;2026-02-22;23:35:08;69.44;0.00;N;Oui;Oui;5.68;32.3;77.41
M93;Critter Cluster;2026-02-22;21:24:13;17.02;180.00;S;Oui;Oui;5.58;31.3;87.49
M1;Crab Nebula;2026-02-23;19:10:34;62.90;180.00;S;Oui;Oui;6.59;41.7;29.19
M35;Shoe-Buckle Cluster;2026-02-23;19:45:03;65.23;180.00;S;Oui;Oui;6.62;42.0;36.32
M36;Pinwheel Cluster;2026-02-23;19:12:14;75.02;180.00;S;Oui;Oui;6.60;41.7;29.68
M37;Salt and Pepper Cluster;2026-02-23;19:28:18;73.43;180.00;S;Oui;Oui;6.61;41.8;32.61
M41;Little Beehive Cluster;2026-02-23;20:21:51;20.12;180.00;S;Oui;Oui;6.65;42.3;65.39
M42;Orion Nebula;2026-02-23;19:11:20;35.49;180.00;S;Oui;Oui;6.59;41.7;42.77
M43;De Mairan's Nebula;2026-02-23;19:11:38;35.62;180.00;S;Oui;Oui;6.59;41.7;42.74
M44;Beehive Cluster;2026-02-23;22:15:56;60.87;180.00;S;Oui;Oui;6.74;43.2;69.75
M46;;2026-02-23;21:17:30;26.07;180.00;S;Oui;Oui;6.69;42.7;72.17
M47;;2026-02-23;21:12:18;26.38;180.00;S;Oui;Oui;6.69;42.7;70.98
M48;;2026-02-23;21:49:18;35.13;180.00;S;Oui;Oui;6.72;43.0;74.23
M50;Heart-Shaped Cluster;2026-02-23;20:39:00;32.55;180.00;S;Oui;Oui;6.66;42.4;61.02
M67;King Cobra;2026-02-23;22:26:48;52.70;180.00;S;Oui;Oui;6.75;43.3;75.03
M78;;2026-02-23;19:22:47;40.90;180.00;S;Oui;Oui;6.60;41.8;41.27
M81;Bode's Galaxy;2026-02-23;23:30:53;70.05;0.00;N;Oui;Oui;6.80;43.8;68.49
M82;Cigar Galaxy;2026-02-23;23:31:12;69.44;360.00;N;Oui;Oui;6.80;43.8;68.38
M93;Critter Cluster;2026-02-23;21:20:17;17.02;180.00;S;Oui;Oui;6.70;42.7;77.65
M35;Shoe-Buckle Cluster;2026-02-24;19:41:07;65.23;180.00;S;Oui;Oui;7.75;53.9;21.80
M37;Salt and Pepper Cluster;2026-02-24;19:24:22;73.43;180.00;S;Oui;Oui;7.73;53.7;18.18
M41;Little Beehive Cluster;2026-02-24;20:17:55;20.12;180.00;S;Oui;Oui;7.78;54.2;57.54
M44;Beehive Cluster;2026-02-24;22:12:00;60.87;180.00;S;Oui;Oui;7.86;55.1;55.08
M46;;2026-02-24;21:13:34;26.07;180.00;S;Oui;Oui;7.82;54.6;61.45
M47;;2026-02-24;21:08:23;26.38;180.00;S;Oui;Oui;7.81;54.6;60.35
M48;;2026-02-24;21:45:22;35.13;180.00;S;Oui;Oui;7.84;54.9;61.55
M50;Heart-Shaped Cluster;2026-02-24;20:35:04;32.55;180.00;S;Oui;Oui;7.79;54.3;50.44
M67;King Cobra;2026-02-24;22:22:52;52.70;180.00;S;Oui;Oui;7.87;55.2;60.52
M78;;2026-02-24;19:18:51;40.90;180.00;S;Oui;Oui;7.73;53.7;32.51
M81;Bode's Galaxy;2026-02-24;23:26:57;70.05;360.00;N;Oui;Oui;7.92;55.7;60.27
M82;Cigar Galaxy;2026-02-24;23:27:16;69.44;360.00;N;Oui;Oui;7.92;55.7;60.30
M93;Critter Cluster;2026-02-24;21:16:21;17.02;180.00;S;Oui;Oui;7.82;54.6;68.24
M35;Shoe-Buckle Cluster;2026-02-25;19:37:11;65.23;180.00;S;Oui;Oui;8.87;65.5;7.82
M37;Salt and Pepper Cluster;2026-02-25;19:20:26;73.43;180.00;S;Oui;Oui;8.86;65.4;5.24
M41;Little Beehive Cluster;2026-02-25;20:13:59;20.12;180.00;S;Oui;Oui;8.90;65.8;51.54
M44;Beehive Cluster;2026-02-25;22:08:04;60.87;180.00;S;Oui;Oui;8.99;66.7;40.45
M46;;2026-02-25;21:09:38;26.07;180.00;S;Oui;Oui;8.94;66.2;51.79
M47;;2026-02-25;21:04:27;26.38;180.00;S;Oui;Oui;8.94;66.2;50.87
M48;;2026-02-25;21:41:27;35.13;180.00;S;Oui;Oui;8.97;66.5;49.48
M50;Heart-Shaped Cluster;2026-02-25;20:31:08;32.55;180.00;S;Oui;Oui;8.91;65.9;41.62
M67;King Cobra;2026-02-25;22:18:56;52.70;180.00;S;Oui;Oui;9.00;66.8;46.11
M78;;2026-02-25;19:14:55;40.90;180.00;S;Oui;Oui;8.85;65.3;28.36
M81;Bode's Galaxy;2026-02-25;23:23:01;70.05;0.00;N;Oui;Oui;9.05;67.3;53.66
M82;Cigar Galaxy;2026-02-25;23:23:20;69.44;0.00;N;Oui;Oui;9.05;67.3;53.85
M93;Critter Cluster;2026-02-25;21:12:25;17.02;180.00;S;Oui;Oui;8.94;66.3;59.79
M35;Shoe-Buckle Cluster;2026-02-26;19:33:15;65.23;180.00;S;Oui;Oui;9.98;76.2;8.58
M37;Salt and Pepper Cluster;2026-02-26;19:16:30;73.43;180.00;S;Oui;Oui;9.97;76.1;12.24
M41;Little Beehive Cluster;2026-02-26;20:10:03;20.12;180.00;S;Oui;Oui;10.01;76.5;48.20
M44;Beehive Cluster;2026-02-26;22:04:08;60.87;180.00;S;Oui;Oui;10.10;77.2;25.95
M46;;2026-02-26;21:05:42;26.07;180.00;S;Oui;Oui;10.05;76.8;44.09
M47;;2026-02-26;21:00:31;26.38;180.00;S;Oui;Oui;10.05;76.8;43.46
M48;;2026-02-26;21:37:31;35.13;180.00;S;Oui;Oui;10.08;77.1;38.74
M50;Heart-Shaped Cluster;2026-02-26;20:27:12;32.55;180.00;S;Oui;Oui;10.02;76.6;35.96
M67;King Cobra;2026-02-26;22:15:00;52.70;180.00;S;Oui;Oui;10.11;77.3;31.96
M81;Bode's Galaxy;2026-02-26;23:19:05;70.05;0.00;N;Oui;Oui;10.16;77.7;49.42
M82;Cigar Galaxy;2026-02-26;23:19:24;69.44;360.00;N;Oui;Oui;10.16;77.8;49.78
M93;Critter Cluster;2026-02-26;21:08:29;17.02;180.00;S;Oui;Oui;10.06;76.9;52.95
M35;Shoe-Buckle Cluster;2026-02-27;19:29:19;65.23;180.00;S;Oui;Oui;11.08;85.3;22.33
M41;Little Beehive Cluster;2026-02-27;20:06:07;20.12;180.00;S;Oui;Oui;11.11;85.5;48.02
M44;Beehive Cluster;2026-02-27;22:00:12;60.87;180.00;S;Oui;Oui;11.19;86.2;11.67
M46;;2026-02-27;21:01:46;26.07;180.00;S;Oui;Oui;11.15;85.8;39.50
M47;;2026-02-27;20:56:35;26.38;180.00;S;Oui;Oui;11.14;85.8;39.28
M48;;2026-02-27;21:33:35;35.13;180.00;S;Oui;Oui;11.17;86.0;30.71
M50;Heart-Shaped Cluster;2026-02-27;20:23:16;32.55;180.00;S;Oui;Oui;11.12;85.6;34.93
M67;King Cobra;2026-02-27;22:11:05;52.70;180.00;S;Oui;Oui;11.20;86.2;18.49
M81;Bode's Galaxy;2026-02-27;23:15:09;70.05;360.00;N;Oui;Oui;11.25;86.6;48.16
M82;Cigar Galaxy;2026-02-27;23:15:28;69.44;360.00;N;Oui;Oui;11.25;86.6;48.67
M93;Critter Cluster;2026-02-27;21:04:34;17.02;180.00;S;Oui;Oui;11.15;85.8;48.50
M35;Shoe-Buckle Cluster;2026-02-28;19:25:23;65.23;180.00;S;Oui;Oui;12.15;92.4;36.27
M41;Little Beehive Cluster;2026-02-28;20:02:11;20.12;180.00;S;Oui;Oui;12.18;92.6;50.90
M44;Beehive Cluster;2026-02-28;21:56:16;60.87;180.00;S;Oui;Oui;12.26;93.0;2.67
M46;;2026-02-28;20:57:50;26.07;180.00;S;Oui;Oui;12.22;92.8;38.96
M47;;2026-02-28;20:52:39;26.38;180.00;S;Oui;Oui;12.21;92.8;39.24
M48;;2026-02-28;21:29:39;35.13;180.00;S;Oui;Oui;12.24;92.9;27.61
M50;Heart-Shaped Cluster;2026-02-28;20:19:20;32.55;180.00;S;Oui;Oui;12.19;92.6;38.70
M67;King Cobra;2026-02-28;22:07:09;52.70;180.00;S;Oui;Oui;12.27;93.1;8.38
M81;Bode's Galaxy;2026-02-28;23:11:13;70.05;0.00;N;Oui;Oui;12.31;93.3;49.98
M82;Cigar Galaxy;2026-02-28;23:11:32;69.44;0.00;N;Oui;Oui;12.31;93.3;50.57
M93;Critter Cluster;2026-02-28;21:00:38;17.02;180.00;S;Oui;Oui;12.22;92.8;47.02
M35;Shoe-Buckle Cluster;2026-03-01;19:21:27;65.23;180.00;S;Oui;Oui;13.19;97.2;49.96
M41;Little Beehive Cluster;2026-03-01;19:58:15;20.12;180.00;S;Oui;Oui;13.22;97.3;56.17
M44;Beehive Cluster;2026-03-01;21:52:21;60.87;180.00;S;Oui;Oui;13.30;97.6;16.19
M46;;2026-03-01;20:53:54;26.07;180.00;S;Oui;Oui;13.26;97.4;42.41
M47;;2026-03-01;20:48:43;26.38;180.00;S;Oui;Oui;13.25;97.4;43.10
M48;;2026-03-01;21:25:43;35.13;180.00;S;Oui;Oui;13.28;97.5;30.60
M50;Heart-Shaped Cluster;2026-03-01;20:15:24;32.55;180.00;S;Oui;Oui;13.23;97.3;45.84
M67;King Cobra;2026-03-01;22:03:13;52.70;180.00;S;Oui;Oui;13.31;97.6;13.53
M81;Bode's Galaxy;2026-03-01;23:07:17;70.05;0.00;N;Oui;Oui;13.35;97.8;54.37
M82;Cigar Galaxy;2026-03-01;23:07:36;69.44;360.00;N;Oui;Oui;13.35;97.8;54.99
M93;Critter Cluster;2026-03-01;20:56:42;17.02;180.00;S;Oui;Oui;13.26;97.4;48.63
M95;;2026-03-01;23:55:34;52.59;180.00;S;Oui;Oui;13.39;97.9;13.57
M41;Little Beehive Cluster;2026-03-02;19:54:19;20.12;180.00;S;Oui;Oui;14.23;99.7;63.02
M44;Beehive Cluster;2026-03-02;21:48:25;60.87;180.00;S;Oui;Oui;14.31;99.8;29.57
M46;;2026-03-02;20:49:58;26.07;180.00;S;Oui;Oui;14.27;99.7;48.76
M47;;2026-03-02;20:44:47;26.38;180.00;S;Oui;Oui;14.27;99.7;49.72
M48;;2026-03-02;21:21:47;35.13;180.00;S;Oui;Oui;14.29;99.7;37.96
M50;Heart-Shaped Cluster;2026-03-02;20:11:29;32.55;180.00;S;Oui;Oui;14.25;99.7;54.80
M67;King Cobra;2026-03-02;21:59:17;52.70;180.00;S;Oui;Oui;14.32;99.8;25.58
M81;Bode's Galaxy;2026-03-02;23:03:22;70.05;360.00;N;Oui;Oui;14.37;99.8;60.57
M82;Cigar Galaxy;2026-03-02;23:03:40;69.44;360.00;N;Oui;Oui;14.37;99.8;61.17
M93;Critter Cluster;2026-03-02;20:52:46;17.02;180.00;S;Oui;Oui;14.27;99.7;52.83
M95;;2026-03-02;23:51:38;52.59;180.00;S;Oui;Oui;14.40;99.8;3.31
M96;;2026-03-02;23:54:26;52.70;180.00;S;Oui;Oui;14.40;99.8;3.74
M105;;2026-03-02;23:55:29;53.46;180.00;S;Oui;Oui;14.40;99.9;4.52
M41;Little Beehive Cluster;2026-03-03;19:50:23;20.12;180.00;S;Oui;Oui;15.22;99.8;70.77
M44;Beehive Cluster;2026-03-03;21:44:29;60.87;180.00;S;Oui;Oui;15.30;99.7;42.64
M46;;2026-03-03;20:46:02;26.07;180.00;S;Oui;Oui;15.26;99.7;56.82
M47;;2026-03-03;20:40:51;26.38;180.00;S;Oui;Oui;15.26;99.7;57.93
M48;;2026-03-03;21:17:51;35.13;180.00;S;Oui;Oui;15.28;99.7;47.43
M50;Heart-Shaped Cluster;2026-03-03;20:07:33;32.55;180.00;S;Oui;Oui;15.23;99.7;64.62
M67;King Cobra;2026-03-03;21:55:21;52.70;180.00;S;Oui;Oui;15.31;99.7;38.18
M81;Bode's Galaxy;2026-03-03;22:59:26;70.05;0.00;N;Oui;Oui;15.35;99.6;67.87
M82;Cigar Galaxy;2026-03-03;22:59:45;69.44;0.00;N;Oui;Oui;15.35;99.6;68.42
M93;Critter Cluster;2026-03-03;20:48:50;17.02;180.00;S;Oui;Oui;15.26;99.7;58.87
M95;;2026-03-03;23:47:42;52.59;180.00;S;Oui;Oui;15.38;99.6;13.64
M96;;2026-03-03;23:50:30;52.70;180.00;S;Oui;Oui;15.38;99.6;13.24
M105;;2026-03-03;23:51:33;53.46;180.00;S;Oui;Oui;15.39;99.6;13.60
M41;Little Beehive Cluster;2026-03-04;19:46:28;20.12;180.00;S;Oui;Oui;16.18;97.7;78.97
M44;Beehive Cluster;2026-03-04;21:40:33;60.87;180.00;S;Oui;Oui;16.26;97.5;55.39
M46;;2026-03-04;20:42:06;26.07;180.00;S;Oui;Oui;16.22;97.6;65.75
M47;;2026-03-04;20:36:55;26.38;180.00;S;Oui;Oui;16.22;97.6;66.95
M48;;2026-03-04;21:13:55;35.13;180.00;S;Oui;Oui;16.24;97.5;57.77
M50;Heart-Shaped Cluster;2026-03-04;20:03:37;32.55;180.00;S;Oui;Oui;16.20;97.7;74.76
M67;King Cobra;2026-03-04;21:51:25;52.70;180.00;S;Oui;Oui;16.27;97.4;50.68
M81;Bode's Galaxy;2026-03-04;22:55:30;70.05;0.00;N;Oui;Oui;16.31;97.3;75.76
M82;Cigar Galaxy;2026-03-04;22:55:49;69.44;360.00;N;Oui;Oui;16.31;97.3;76.26
M93;Critter Cluster;2026-03-04;20:44:54;17.02;180.00;S;Oui;Oui;16.22;97.6;66.05
M95;;2026-03-04;23:43:46;52.59;180.00;S;Oui;Oui;16.34;97.2;26.17
M96;;2026-03-04;23:46:34;52.70;180.00;S;Oui;Oui;16.34;97.2;25.70
M105;;2026-03-04;23:47:38;53.46;180.00;S;Oui;Oui;16.34;97.2;25.95
M41;Little Beehive Cluster;2026-03-05;19:42:32;20.12;180.00;S;Oui;Non;17.13;93.8;87.30
M44;Beehive Cluster;2026-03-05;21:36:37;60.87;180.00;S;Oui;Oui;17.20;93.4;67.87
M46;;2026-03-05;20:38:11;26.07;180.00;S;Oui;Oui;17.16;93.6;75.09
M47;;2026-03-05;20:32:59;26.38;180.00;S;Oui;Oui;17.16;93.6;76.33
M48;;2026-03-05;21:09:59;35.13;180.00;S;Oui;Oui;17.18;93.5;68.43
M50;Heart-Shaped Cluster;2026-03-05;19:59:41;32.55;180.00;S;Oui;Non;17.14;93.7;84.95
M67;King Cobra;2026-03-05;21:47:29;52.70;180.00;S;Oui;Oui;17.21;93.3;62.99
M81;Bode's Galaxy;2026-03-05;22:51:34;70.05;360.00;N;Oui;Oui;17.25;93.1;83.90
M82;Cigar Galaxy;2026-03-05;22:51:53;69.44;360.00;N;Oui;Oui;17.25;93.1;84.33
M93;Critter Cluster;2026-03-05;20:40:58;17.02;180.00;S;Oui;Oui;17.16;93.6;73.86
M95;;2026-03-05;23:39:50;52.59;180.00;S;Oui;Oui;17.28;93.0;38.56
M96;;2026-03-05;23:42:38;52.70;180.00;S;Oui;Oui;17.28;92.9;38.06
M105;;2026-03-05;23:43:42;53.46;180.00;S;Oui;Oui;17.28;92.9;38.26
M41;Little Beehive Cluster;2026-03-06;19:38:36;20.12;180.00;S;Oui;Non;18.05;88.2;95.54
M44;Beehive Cluster;2026-03-06;21:32:41;60.87;180.00;S;Oui;Non;18.12;87.7;80.10
M46;;2026-03-06;20:34:15;26.07;180.00;S;Oui;Non;18.08;88.0;84.55
M47;;2026-03-06;20:29:03;26.38;180.00;S;Oui;Non;18.08;88.0;85.81
M48;;2026-03-06;21:06:03;35.13;180.00;S;Oui;Non;18.10;87.8;79.15
M50;Heart-Shaped Cluster;2026-03-06;19:55:45;32.55;180.00;S;Oui;Non;18.06;88.1;95.02
M67;King Cobra;2026-03-06;21:43:33;52.70;180.00;S;Oui;Oui;18.13;87.6;75.09
M81;Bode's Galaxy;2026-03-06;22:47:38;70.05;0.00;N;Oui;Oui;18.17;87.4;92.05
M82;Cigar Galaxy;2026-03-06;22:47:57;69.44;0.00;N;Oui;Oui;18.17;87.4;92.40
M93;Critter Cluster;2026-03-06;20:37:02;17.02;180.00;S;Oui;Non;18.09;87.9;81.98
M95;;2026-03-06;23:35:54;52.59;180.00;S;Oui;Oui;18.20;87.1;50.74
M96;;2026-03-06;23:38:42;52.70;180.00;S;Oui;Oui;18.20;87.1;50.23
M105;;2026-03-06;23:39:46;53.46;180.00;S;Oui;Oui;18.20;87.1;50.40
M41;Little Beehive Cluster;2026-03-07;19:34:40;20.12;180.00;S;Oui;Non;18.96;81.3;103.51
M44;Beehive Cluster;2026-03-07;21:28:45;60.87;180.00;S;Oui;Non;19.03;80.7;92.15
M46;;2026-03-07;20:30:19;26.07;180.00;S;Oui;Non;18.99;81.0;93.96
M47;;2026-03-07;20:25:08;26.38;180.00;S;Oui;Non;18.99;81.0;95.21
M48;;2026-03-07;21:02:07;35.13;180.00;S;Oui;Non;19.01;80.8;89.82
M50;Heart-Shaped Cluster;2026-03-07;19:51:49;32.55;180.00;S;Oui;Non;18.97;81.2;104.86
M67;King Cobra;2026-03-07;21:39:37;52.70;180.00;S;Oui;Non;19.04;80.6;87.02
M81;Bode's Galaxy;2026-03-07;22:43:42;70.05;360.00;N;Oui;Non;19.08;80.3;100.02
M82;Cigar Galaxy;2026-03-07;22:44:01;69.44;360.00;N;Oui;Non;19.08;80.3;100.28
M93;Critter Cluster;2026-03-07;20:33:06;17.02;180.00;S;Oui;Non;18.99;81.0;90.17
M95;;2026-03-07;23:31:59;52.59;180.00;S;Oui;Oui;19.11;80.0;62.75
M96;;2026-03-07;23:34:46;52.70;180.00;S;Oui;Oui;19.11;80.0;62.23
M105;;2026-03-07;23:35:50;53.46;180.00;S;Oui;Oui;19.11;80.0;62.39
M44;Beehive Cluster;2026-03-08;21:24:49;60.87;180.00;S;Oui;Non;19.93;72.7;104.07
M46;;2026-03-08;20:26:23;26.07;180.00;S;Oui;Non;19.89;73.0;103.19
M47;;2026-03-08;20:21:12;26.38;180.00;S;Oui;Non;19.89;73.0;104.42
M48;;2026-03-08;20:58:12;35.13;180.00;S;Oui;Non;19.91;72.8;100.36
M50;Heart-Shaped Cluster;2026-03-08;19:47:53;32.55;180.00;S;Oui;Non;19.87;73.2;114.35
M67;King Cobra;2026-03-08;21:35:41;52.70;180.00;S;Oui;Non;19.93;72.6;98.83
M81;Bode's Galaxy;2026-03-08;22:39:46;70.05;360.00;N;Oui;Non;19.97;72.2;107.64
M82;Cigar Galaxy;2026-03-08;22:40:05;69.44;360.00;N;Oui;Non;19.97;72.2;107.81
M93;Critter Cluster;2026-03-08;20:29:10;17.02;180.00;S;Oui;Non;19.89;73.0;98.27
M95;;2026-03-08;23:28:03;52.59;180.00;S;Oui;Non;20.00;71.9;74.63
M96;;2026-03-08;23:30:50;52.70;180.00;S;Oui;Non;20.01;71.9;74.11
M105;;2026-03-08;23:31:54;53.46;180.00;S;Oui;Non;20.01;71.9;74.25
M108;Surfboard Galaxy;2026-03-08;23:55:31;83.44;360.00;N;Oui;Non;20.02;71.8;94.15
M44;Beehive Cluster;2026-03-09;21:20:53;60.87;180.00;S;Oui;Non;20.82;63.9;115.90
M46;;2026-03-09;20:22:27;26.07;180.00;S;Oui;Non;20.78;64.2;112.12
M47;;2026-03-09;20:17:16;26.38;180.00;S;Oui;Non;20.78;64.3;113.29
M48;;2026-03-09;20:54:16;35.13;180.00;S;Oui;Non;20.80;64.0;110.74
M50;Heart-Shaped Cluster;2026-03-09;19:43:57;32.55;180.00;S;Oui;Non;20.76;64.5;123.33
M67;King Cobra;2026-03-09;21:31:45;52.70;180.00;S;Oui;Non;20.83;63.8;110.54
M81;Bode's Galaxy;2026-03-09;22:35:50;70.05;0.00;N;Oui;Non;20.87;63.4;114.73
M82;Cigar Galaxy;2026-03-09;22:36:09;69.44;0.00;N;Oui;Non;20.87;63.4;114.80
M93;Critter Cluster;2026-03-09;20:25:14;17.02;180.00;S;Oui;Non;20.79;64.2;106.11
M95;;2026-03-09;23:24:07;52.59;180.00;S;Oui;Non;20.90;63.1;86.44
M96;;2026-03-09;23:26:54;52.70;180.00;S;Oui;Non;20.90;63.1;85.91
M97;Owl Nebula;2026-03-09;23:54:52;84.10;0.00;N;Oui;Non;20.92;62.9;101.93
M105;;2026-03-09;23:27:58;53.46;180.00;S;Oui;Non;20.90;63.1;86.04
M108;Surfboard Galaxy;2026-03-09;23:51:36;83.44;0.00;N;Oui;Non;20.91;62.9;102.63
M44;Beehive Cluster;2026-03-10;21:16:57;60.87;180.00;S;Oui;Non;21.71;54.6;127.70
M46;;2026-03-10;20:18:31;26.07;180.00;S;Oui;Non;21.67;55.0;120.58
M47;;2026-03-10;20:13:20;26.38;180.00;S;Oui;Non;21.67;55.0;121.65
M48;;2026-03-10;20:50:20;35.13;180.00;S;Oui;Non;21.69;54.8;120.85
M50;Heart-Shaped Cluster;2026-03-10;19:40:01;32.55;180.00;S;Oui;Non;21.65;55.3;131.54
M65;Leo Triplet;2026-03-10;23:55:03;53.98;180.00;S;Oui;Non;21.81;53.6;91.57
M67;King Cobra;2026-03-10;21:27:50;52.70;180.00;S;Oui;Non;21.72;54.6;122.20
M81;Bode's Galaxy;2026-03-10;22:31:54;70.05;360.00;N;Oui;Non;21.76;54.1;121.05
M82;Cigar Galaxy;2026-03-10;22:32:13;69.44;360.00;N;Oui;Non;21.76;54.1;120.99
M93;Critter Cluster;2026-03-10;20:21:19;17.02;180.00;S;Oui;Non;21.68;55.0;113.53
M95;;2026-03-10;23:20:11;52.59;180.00;S;Oui;Non;21.79;53.8;98.23
M96;;2026-03-10;23:22:58;52.70;180.00;S;Oui;Non;21.79;53.8;97.69
M97;Owl Nebula;2026-03-10;23:50:56;84.10;0.00;N;Oui;Non;21.81;53.6;110.17
M105;;2026-03-10;23:24:02;53.46;180.00;S;Oui;Non;21.79;53.8;97.81
M108;Surfboard Galaxy;2026-03-10;23:47:40;83.44;360.00;N;Oui;Non;21.80;53.6;110.81
M44;Beehive Cluster;2026-03-11;21:13:01;60.87;180.00;S;Oui;Non;22.60;45.2;139.53
M46;;2026-03-11;20:14:35;26.07;180.00;S;Oui;Non;22.57;45.6;128.28
M47;;2026-03-11;20:09:24;26.38;180.00;S;Oui;Non;22.56;45.6;129.20
M48;;2026-03-11;20:46:24;35.13;180.00;S;Oui;Non;22.59;45.4;130.56
M50;Heart-Shaped Cluster;2026-03-11;19:36:05;32.55;180.00;S;Oui;Non;22.54;45.8;138.48
M65;Leo Triplet;2026-03-11;23:51:07;53.98;180.00;S;Oui;Non;22.70;44.1;103.28
M66;Leo Triplet;2026-03-11;23:52:26;53.87;180.00;S;Oui;Non;22.70;44.1;102.96
M67;King Cobra;2026-03-11;21:23:54;52.70;180.00;S;Oui;Non;22.61;45.1;133.86
M81;Bode's Galaxy;2026-03-11;22:27:58;70.05;360.00;N;Oui;Non;22.65;44.7;126.26
M82;Cigar Galaxy;2026-03-11;22:28:17;69.44;360.00;N;Oui;Non;22.65;44.7;126.07
M93;Critter Cluster;2026-03-11;20:17:23;17.02;180.00;S;Oui;Non;22.57;45.5;120.28
M95;;2026-03-11;23:16:15;52.59;180.00;S;Oui;Non;22.68;44.4;110.04
M96;;2026-03-11;23:19:02;52.70;180.00;S;Oui;Non;22.68;44.3;109.50
M97;Owl Nebula;2026-03-11;23:47:00;84.10;360.00;N;Oui;Non;22.70;44.2;117.95
M105;;2026-03-11;23:20:06;53.46;180.00;S;Oui;Non;22.68;44.3;109.61
M108;Surfboard Galaxy;2026-03-11;23:43:44;83.44;360.00;N;Oui;Non;22.70;44.2;118.51
M44;Beehive Cluster;2026-03-12;21:09:06;60.87;180.00;S;Oui;Non;23.50;35.8;151.44
M46;;2026-03-12;20:10:39;26.07;180.00;S;Oui;Non;23.47;36.2;134.79
M47;;2026-03-12;20:05:28;26.38;180.00;S;Oui;Non;23.46;36.2;135.48
M48;;2026-03-12;20:42:28;35.13;180.00;S;Oui;Non;23.49;36.0;139.52
M65;Leo Triplet;2026-03-12;23:47:11;53.98;180.00;S;Oui;Non;23.60;34.8;115.06
M66;Leo Triplet;2026-03-12;23:48:30;53.87;180.00;S;Oui;Non;23.60;34.8;114.74
M67;King Cobra;2026-03-12;21:19:58;52.70;180.00;S;Oui;Non;23.51;35.8;145.50
M81;Bode's Galaxy;2026-03-12;22:24:02;70.05;0.00;N;Oui;Non;23.55;35.4;129.96
M82;Cigar Galaxy;2026-03-12;22:24:21;69.44;0.00;N;Oui;Non;23.55;35.4;129.63
M93;Critter Cluster;2026-03-12;20:13:27;17.02;180.00;S;Oui;Non;23.47;36.2;126.03
M95;;2026-03-12;23:12:19;52.59;180.00;S;Oui;Non;23.58;35.0;121.95
M96;;2026-03-12;23:15:07;52.70;180.00;S;Oui;Non;23.58;35.0;121.40
M97;Owl Nebula;2026-03-12;23:43:04;84.10;0.00;N;Oui;Non;23.60;34.8;124.99
M105;;2026-03-12;23:16:10;53.46;180.00;S;Oui;Non;23.58;35.0;121.49
M108;Surfboard Galaxy;2026-03-12;23:39:48;83.44;0.00;N;Oui;Non;23.60;34.9;125.42
M44;Beehive Cluster;2026-03-13;21:05:10;60.87;180.00;S;Oui;Non;24.41;26.9;163.49
M46;;2026-03-13;20:06:43;26.07;180.00;S;Oui;Non;24.37;27.2;139.42
M47;;2026-03-13;20:01:32;26.38;180.00;S;Oui;Non;24.37;27.3;139.79
M48;;2026-03-13;20:38:32;35.13;180.00;S;Oui;Non;24.39;27.1;147.04
M65;Leo Triplet;2026-03-13;23:43:16;53.98;180.00;S;Oui;Non;24.51;26.0;126.95
M66;Leo Triplet;2026-03-13;23:44:34;53.87;180.00;S;Oui;Non;24.51;25.9;126.62
M67;King Cobra;2026-03-13;21:16:02;52.70;180.00;S;Oui;Non;24.42;26.8;157.04
M81;Bode's Galaxy;2026-03-13;22:20:07;70.05;360.00;N;Oui;Non;24.46;26.4;131.71
M82;Cigar Galaxy;2026-03-13;22:20:25;69.44;360.00;N;Oui;Non;24.46;26.4;131.25
M93;Critter Cluster;2026-03-13;20:09:31;17.02;180.00;S;Oui;Non;24.38;27.2;130.36
M95;;2026-03-13;23:08:23;52.59;180.00;S;Oui;Non;24.49;26.2;133.98
M96;;2026-03-13;23:11:11;52.70;180.00;S;Oui;Non;24.49;26.1;133.43
M97;Owl Nebula;2026-03-13;23:39:08;84.10;0.00;N;Oui;Non;24.51;26.0;130.85
M105;;2026-03-13;23:12:14;53.46;180.00;S;Oui;Non;24.49;26.1;133.50
M108;Surfboard Galaxy;2026-03-13;23:35:52;83.44;360.00;N;Oui;Non;24.51;26.0;131.11
M44;Beehive Cluster;2026-03-14;21:01:14;60.87;180.00;S;Oui;Non;25.33;18.7;175.63
M46;;2026-03-14;20:02:47;26.07;180.00;S;Oui;Non;25.30;19.0;141.37
M47;;2026-03-14;19:57:36;26.38;180.00;S;Oui;Non;25.29;19.0;141.33
M48;;2026-03-14;20:34:36;35.13;180.00;S;Oui;Non;25.32;18.8;151.73
M65;Leo Triplet;2026-03-14;23:39:20;53.98;180.00;S;Oui;Non;25.44;17.8;138.96
M66;Leo Triplet;2026-03-14;23:40:39;53.87;180.00;S;Oui;Non;25.44;17.8;138.63
M67;King Cobra;2026-03-14;21:12:06;52.70;180.00;S;Oui;Non;25.34;18.6;167.77
M81;Bode's Galaxy;2026-03-14;22:16:11;70.05;360.00;N;Oui;Non;25.38;18.3;131.21
M82;Cigar Galaxy;2026-03-14;22:16:30;69.44;0.00;N;Oui;Non;25.38;18.3;130.65
M93;Critter Cluster;2026-03-14;20:05:35;17.02;180.00;S;Oui;Non;25.30;19.0;132.73
M95;;2026-03-14;23:04:27;52.59;180.00;S;Oui;Non;25.41;18.0;146.20
M96;;2026-03-14;23:07:15;52.70;180.00;S;Oui;Non;25.42;18.0;145.63
M97;Owl Nebula;2026-03-14;23:35:12;84.10;360.00;N;Oui;Non;25.43;17.9;134.94
M105;;2026-03-14;23:08:18;53.46;180.00;S;Oui;Non;25.42;18.0;145.67
M108;Surfboard Galaxy;2026-03-14;23:31:56;83.44;360.00;N;Oui;Non;25.43;17.9;134.99
M44;Beehive Cluster;2026-03-15;20:57:18;60.87;180.00;S;Oui;Non;26.27;11.6;171.68
M46;;2026-03-15;19:58:51;26.07;180.00;S;Oui;Non;26.24;11.8;140.07
M47;;2026-03-15;19:53:40;26.38;180.00;S;Oui;Non;26.23;11.8;139.60
M48;;2026-03-15;20:30:40;35.13;180.00;S;Oui;Non;26.26;11.7;151.89
M65;Leo Triplet;2026-03-15;23:35:24;53.98;180.00;S;Oui;Non;26.38;10.8;151.03
M66;Leo Triplet;2026-03-15;23:36:43;53.87;180.00;S;Oui;Non;26.38;10.8;150.70
M67;King Cobra;2026-03-15;21:08:10;52.70;180.00;S;Oui;Non;26.28;11.5;171.55
M81;Bode's Galaxy;2026-03-15;22:12:15;70.05;0.00;N;Oui;Non;26.32;11.2;128.40
M82;Cigar Galaxy;2026-03-15;22:12:34;69.44;0.00;N;Oui;Non;26.32;11.2;127.79
M93;Critter Cluster;2026-03-15;20:01:39;17.02;180.00;S;Oui;Non;26.24;11.8;132.72
M95;;2026-03-15;23:00:31;52.59;180.00;S;Oui;Non;26.36;11.0;158.60
M96;;2026-03-15;23:03:19;52.70;180.00;S;Oui;Non;26.36;11.0;158.01
M97;Owl Nebula;2026-03-15;23:31:16;84.10;0.00;N;Oui;Non;26.38;10.9;136.58
M105;;2026-03-15;23:04:23;53.46;180.00;S;Oui;Non;26.36;11.0;157.99
M108;Surfboard Galaxy;2026-03-15;23:28:00;83.44;0.00;N;Oui;Non;26.37;10.9;136.40
M44;Beehive Cluster;2026-03-16;20:53:22;60.87;180.00;S;Oui;Non;27.24;5.8;158.96
M46;;2026-03-16;19:54:56;26.07;180.00;S;Oui;Non;27.20;6.0;135.62
M47;;2026-03-16;19:49:44;26.38;180.00;S;Oui;Non;27.19;6.1;134.82
M48;;2026-03-16;20:26:44;35.13;180.00;S;Oui;Non;27.22;5.9;147.17
M65;Leo Triplet;2026-03-16;23:31:28;53.98;180.00;S;Oui;Non;27.34;5.3;162.78
M66;Leo Triplet;2026-03-16;23:32:47;53.87;180.00;S;Oui;Non;27.34;5.3;162.47
M67;King Cobra;2026-03-16;21:04:14;52.70;180.00;S;Oui;Non;27.24;5.8;162.34
M81;Bode's Galaxy;2026-03-16;22:08:19;70.05;360.00;N;Oui;Non;27.29;5.6;123.51
M82;Cigar Galaxy;2026-03-16;22:08:38;69.44;360.00;N;Oui;Non;27.29;5.6;122.90
M93;Critter Cluster;2026-03-16;19:57:43;17.02;180.00;S;Oui;Non;27.20;6.0;130.18
M95;;2026-03-16;22:56:35;52.59;180.00;S;Oui;Non;27.32;5.4;170.99
M96;;2026-03-16;22:59:23;52.70;180.00;S;Oui;Non;27.32;5.4;170.34
M97;Owl Nebula;2026-03-16;23:27:20;84.10;360.00;N;Oui;Non;27.34;5.3;135.33
M105;;2026-03-16;23:00:27;53.46;180.00;S;Oui;Non;27.32;5.4;170.12
M108;Surfboard Galaxy;2026-03-16;23:24:04;83.44;360.00;N;Oui;Non;27.34;5.3;134.91
M44;Beehive Cluster;2026-03-17;20:49:26;60.87;180.00;S;Oui;Non;28.22;1.9;145.89
M46;;2026-03-17;19:51:00;26.07;180.00;S;Oui;Non;28.18;2.0;128.66
M48;;2026-03-17;20:22:48;35.13;180.00;S;Oui;Non;28.20;2.0;138.98
M65;Leo Triplet;2026-03-17;23:27:32;53.98;180.00;S;Oui;Non;28.33;1.6;171.21
M66;Leo Triplet;2026-03-17;23:28:51;53.87;180.00;S;Oui;Non;28.33;1.6;171.07
M67;King Cobra;2026-03-17;21:00:18;52.70;180.00;S;Oui;Non;28.23;1.9;150.10
M81;Bode's Galaxy;2026-03-17;22:04:23;70.05;360.00;N;Oui;Non;28.28;1.8;116.95
M82;Cigar Galaxy;2026-03-17;22:04:42;69.44;0.00;N;Oui;Non;28.28;1.8;116.36
M93;Critter Cluster;2026-03-17;19:53:47;17.02;180.00;S;Oui;Non;28.18;2.0;125.32
M95;;2026-03-17;22:52:39;52.59;180.00;S;Oui;Non;28.31;1.7;174.18
M96;;2026-03-17;22:55:27;52.70;180.00;S;Oui;Non;28.31;1.7;174.33
M97;Owl Nebula;2026-03-17;23:23:24;84.10;360.00;N;Oui;Non;28.33;1.6;131.22
M105;;2026-03-17;22:56:31;53.46;180.00;S;Oui;Non;28.31;1.7;173.68
M108;Surfboard Galaxy;2026-03-17;23:20:08;83.44;360.00;N;Oui;Non;28.33;1.6;130.63
M44;Beehive Cluster;2026-03-18;20:45:30;60.87;180.00;S;Oui;Non;29.24;0.1;132.49
M48;;2026-03-18;20:18:52;35.13;180.00;S;Oui;Non;29.22;0.1;128.75
M65;Leo Triplet;2026-03-18;23:23:36;53.98;180.00;S;Oui;Non;29.35;0.1;165.61
M66;Leo Triplet;2026-03-18;23:24:55;53.87;180.00;S;Oui;Non;29.35;0.1;165.83
M67;King Cobra;2026-03-18;20:56:22;52.70;180.00;S;Oui;Non;29.24;0.1;137.06
M81;Bode's Galaxy;2026-03-18;22:00:27;70.05;0.00;N;Oui;Non;29.29;0.1;109.10
M82;Cigar Galaxy;2026-03-18;22:00:46;69.44;0.00;N;Oui;Non;29.29;0.1;108.57
M93;Critter Cluster;2026-03-18;19:49:51;17.02;180.00;S;Oui;Non;29.20;0.1;118.58
M95;;2026-03-18;22:48:44;52.59;180.00;S;Oui;Non;29.33;0.1;161.52
M96;;2026-03-18;22:51:31;52.70;180.00;S;Oui;Non;29.33;0.1;161.96
M97;Owl Nebula;2026-03-18;23:19:28;84.10;0.00;N;Oui;Non;29.35;0.1;124.74
M105;;2026-03-18;22:52:35;53.46;180.00;S;Oui;Non;29.33;0.1;161.65
M108;Surfboard Galaxy;2026-03-18;23:16:12;83.44;0.00;N;Oui;Non;29.35;0.1;124.03
M44;Beehive Cluster;2026-03-19;20:41:34;60.87;180.00;S;Oui;Non;0.75;0.7;118.76
M48;;2026-03-19;20:14:57;35.13;180.00;S;Oui;Non;0.73;0.7;117.32
M65;Leo Triplet;2026-03-19;23:19:40;53.98;180.00;S;Oui;Non;0.87;0.9;153.32
M66;Leo Triplet;2026-03-19;23:20:59;53.87;180.00;S;Oui;Non;0.87;0.9;153.60
M67;King Cobra;2026-03-19;20:52:26;52.70;180.00;S;Oui;Non;0.76;0.7;123.55
M81;Bode's Galaxy;2026-03-19;21:56:31;70.05;360.00;N;Oui;Non;0.80;0.8;100.36
M82;Cigar Galaxy;2026-03-19;21:56:50;69.44;360.00;N;Oui;Non;0.80;0.8;99.89
M95;;2026-03-19;22:44:48;52.59;180.00;S;Oui;Non;0.84;0.9;147.89
M96;;2026-03-19;22:47:35;52.70;180.00;S;Oui;Non;0.84;0.9;148.37
M97;Owl Nebula;2026-03-19;23:15:33;84.10;360.00;N;Oui;Non;0.86;0.9;116.50
M105;;2026-03-19;22:48:39;53.46;180.00;S;Oui;Non;0.84;0.9;148.15
M108;Surfboard Galaxy;2026-03-19;23:12:16;83.44;360.00;N;Oui;Non;0.86;0.9;115.74
M44;Beehive Cluster;2026-03-20;20:37:38;60.87;180.00;S;Oui;Non;1.82;3.8;104.71
M48;;2026-03-20;20:11:01;35.13;180.00;S;Oui;Non;1.80;3.7;105.14
M65;Leo Triplet;2026-03-20;23:15:44;53.98;180.00;S;Oui;Non;1.94;4.3;139.79
M66;Leo Triplet;2026-03-20;23:17:03;53.87;180.00;S;Oui;Non;1.94;4.3;140.09
M67;King Cobra;2026-03-20;20:48:30;52.70;180.00;S;Oui;Non;1.83;3.8;109.66
M81;Bode's Galaxy;2026-03-20;21:52:35;70.05;360.00;N;Oui;Non;1.88;4.0;91.06
M82;Cigar Galaxy;2026-03-20;21:52:54;69.44;0.00;N;Oui;Non;1.88;4.0;90.68
M95;;2026-03-20;22:40:52;52.59;180.00;S;Oui;Non;1.91;4.2;133.88
M96;;2026-03-20;22:43:39;52.70;180.00;S;Oui;Non;1.91;4.2;134.38
M97;Owl Nebula;2026-03-20;23:11:37;84.10;360.00;N;Oui;Non;1.94;4.3;107.06
M105;;2026-03-20;22:44:43;53.46;180.00;S;Oui;Non;1.91;4.2;134.20
M108;Surfboard Galaxy;2026-03-20;23:08:21;83.44;360.00;N;Oui;Non;1.93;4.3;106.28
M109;Vacuum Cleaner Galaxy;2026-03-20;23:54:18;85.74;0.00;N;Oui;Non;1.97;4.4;111.15
M44;Beehive Cluster;2026-03-21;20:33:42;60.87;180.00;S;Oui;Oui;2.91;9.4;90.40
M48;;2026-03-21;20:07:05;35.13;180.00;S;Oui;Oui;2.89;9.3;92.50
M65;Leo Triplet;2026-03-21;23:11:48;53.98;180.00;S;Oui;Non;3.03;10.2;125.76
M66;Leo Triplet;2026-03-21;23:13:07;53.87;180.00;S;Oui;Non;3.04;10.2;126.07
M67;King Cobra;2026-03-21;20:44:35;52.70;180.00;S;Oui;Oui;2.92;9.5;95.49
M81;Bode's Galaxy;2026-03-21;21:48:39;70.05;0.00;N;Oui;Non;2.97;9.8;81.55
M82;Cigar Galaxy;2026-03-21;21:48:58;69.44;0.00;N;Oui;Non;2.97;9.8;81.27
M95;;2026-03-21;22:36:56;52.59;180.00;S;Oui;Non;3.01;10.0;119.59
M96;;2026-03-21;22:39:43;52.70;180.00;S;Oui;Non;3.01;10.0;120.10
M97;Owl Nebula;2026-03-21;23:07:41;84.10;0.00;N;Oui;Non;3.03;10.2;96.87
M105;;2026-03-21;22:40:47;53.46;180.00;S;Oui;Non;3.01;10.0;119.93
M108;Surfboard Galaxy;2026-03-21;23:04:25;83.44;0.00;N;Oui;Non;3.03;10.1;96.10
M109;Vacuum Cleaner Galaxy;2026-03-21;23:50:22;85.74;360.00;N;Oui;Non;3.06;10.4;101.76
M44;Beehive Cluster;2026-03-22;20:29:46;60.87;180.00;S;Oui;Oui;4.03;17.4;75.88
M48;;2026-03-22;20:03:09;35.13;180.00;S;Oui;Oui;4.00;17.2;79.65
M65;Leo Triplet;2026-03-22;23:07:52;53.98;180.00;S;Oui;Non;4.15;18.4;111.44
M66;Leo Triplet;2026-03-22;23:09:11;53.87;180.00;S;Oui;Non;4.15;18.4;111.75
M67;King Cobra;2026-03-22;20:40:39;52.70;180.00;S;Oui;Oui;4.03;17.4;81.11
M81;Bode's Galaxy;2026-03-22;21:44:43;70.05;360.00;N;Oui;Oui;4.08;17.8;72.22
M82;Cigar Galaxy;2026-03-22;21:45:02;69.44;360.00;N;Oui;Oui;4.08;17.8;72.06
M95;;2026-03-22;22:33:00;52.59;180.00;S;Oui;Oui;4.12;18.1;105.09
M96;;2026-03-22;22:35:47;52.70;180.00;S;Oui;Oui;4.12;18.2;105.61
M97;Owl Nebula;2026-03-22;23:03:45;84.10;360.00;N;Oui;Oui;4.15;18.3;86.33
M105;;2026-03-22;22:36:51;53.46;180.00;S;Oui;Oui;4.12;18.2;105.46
M108;Surfboard Galaxy;2026-03-22;23:00:29;83.44;360.00;N;Oui;Oui;4.14;18.3;85.59
M109;Vacuum Cleaner Galaxy;2026-03-22;23:46:26;85.74;360.00;N;Oui;Non;4.18;18.6;91.82
M44;Beehive Cluster;2026-03-23;20:25:51;60.87;180.00;S;Oui;Oui;5.15;27.2;61.25
M48;;2026-03-23;19:59:13;35.13;180.00;S;Oui;Oui;5.13;27.0;66.84
M65;Leo Triplet;2026-03-23;23:03:56;53.98;180.00;S;Oui;Oui;5.27;28.4;96.97
M66;Leo Triplet;2026-03-23;23:05:15;53.87;180.00;S;Oui;Oui;5.28;28.4;97.28
M67;King Cobra;2026-03-23;20:36:43;52.70;180.00;S;Oui;Oui;5.16;27.3;66.62
M81;Bode's Galaxy;2026-03-23;21:40:47;70.05;360.00;N;Oui;Oui;5.21;27.8;63.57
M82;Cigar Galaxy;2026-03-23;21:41:06;69.44;0.00;N;Oui;Oui;5.21;27.8;63.54
M95;;2026-03-23;22:29:04;52.59;180.00;S;Oui;Oui;5.25;28.1;90.47
M96;;2026-03-23;22:31:52;52.70;180.00;S;Oui;Oui;5.25;28.2;90.99
M97;Owl Nebula;2026-03-23;22:59:49;84.10;360.00;N;Oui;Oui;5.27;28.4;75.83
M105;;2026-03-23;22:32:55;53.46;180.00;S;Oui;Oui;5.25;28.2;90.86
M108;Surfboard Galaxy;2026-03-23;22:56:33;83.44;360.00;N;Oui;Oui;5.27;28.3;75.15
M109;Vacuum Cleaner Galaxy;2026-03-23;23:42:30;85.74;0.00;N;Oui;Oui;5.30;28.7;81.75
M44;Beehive Cluster;2026-03-24;20:21:55;60.87;180.00;S;Oui;Oui;6.28;38.4;46.58
M65;Leo Triplet;2026-03-24;23:00:01;53.98;180.00;S;Oui;Oui;6.40;39.7;82.47
M66;Leo Triplet;2026-03-24;23:01:19;53.87;180.00;S;Oui;Oui;6.40;39.7;82.79
M67;King Cobra;2026-03-24;20:32:47;52.70;180.00;S;Oui;Oui;6.29;38.5;52.14
M81;Bode's Galaxy;2026-03-24;21:36:52;70.05;0.00;N;Oui;Oui;6.34;39.0;56.22
M82;Cigar Galaxy;2026-03-24;21:37:10;69.44;0.00;N;Oui;Oui;6.34;39.0;56.34
M95;;2026-03-24;22:25:08;52.59;180.00;S;Oui;Oui;6.37;39.4;75.83
M96;;2026-03-24;22:27:56;52.70;180.00;S;Oui;Oui;6.38;39.4;76.36
M97;Owl Nebula;2026-03-24;22:55:53;84.10;0.00;N;Oui;Oui;6.40;39.6;65.81
M98;;2026-03-24;23:54:44;55.78;180.00;S;Oui;Oui;6.44;40.1;92.75
M105;;2026-03-24;22:28:59;53.46;180.00;S;Oui;Oui;6.38;39.4;76.24
M108;Surfboard Galaxy;2026-03-24;22:52:37;83.44;0.00;N;Oui;Oui;6.39;39.6;65.21
M109;Vacuum Cleaner Galaxy;2026-03-24;23:38:34;85.74;360.00;N;Oui;Oui;6.43;40.0;71.97
M44;Beehive Cluster;2026-03-25;20:17:59;60.87;180.00;S;Oui;Oui;7.40;50.2;31.99
M65;Leo Triplet;2026-03-25;22:56:05;53.98;180.00;S;Oui;Oui;7.52;51.5;68.06
M66;Leo Triplet;2026-03-25;22:57:24;53.87;180.00;S;Oui;Oui;7.52;51.5;68.38
M67;King Cobra;2026-03-25;20:28:51;52.70;180.00;S;Oui;Oui;7.41;50.2;37.81
M81;Bode's Galaxy;2026-03-25;21:32:56;70.05;360.00;N;Oui;Oui;7.46;50.8;50.91
M82;Cigar Galaxy;2026-03-25;21:33:15;69.44;360.00;N;Oui;Oui;7.46;50.8;51.21
M95;;2026-03-25;22:21:12;52.59;180.00;S;Oui;Oui;7.49;51.2;61.27
M96;;2026-03-25;22:24:00;52.70;180.00;S;Oui;Oui;7.49;51.2;61.81
M97;Owl Nebula;2026-03-25;22:51:57;84.10;360.00;N;Oui;Oui;7.52;51.4;56.80
M98;;2026-03-25;23:50:48;55.78;180.00;S;Oui;Oui;7.56;51.9;78.78
M99;St. Catherine's Wheel;2026-03-25;23:55:49;55.30;180.00;S;Oui;Oui;7.57;51.9;80.04
M105;;2026-03-25;22:25:03;53.46;180.00;S;Oui;Oui;7.50;51.2;61.71
M106;;2026-03-25;23:55:56;88.19;180.00;S;Oui;Oui;7.57;51.9;67.59
M108;Surfboard Galaxy;2026-03-25;22:48:41;83.44;360.00;N;Oui;Oui;7.51;51.4;56.34
M109;Vacuum Cleaner Galaxy;2026-03-25;23:34:38;85.74;360.00;N;Oui;Oui;7.55;51.8;62.95
M40;Winnecke 4;2026-03-26;23:55:15;81.03;360.00;N;Oui;Oui;8.67;63.5;58.85
M44;Beehive Cluster;2026-03-26;20:14:03;60.87;180.00;S;Oui;Oui;8.50;61.8;17.56
M61;Swelling Spiral Galaxy;2026-03-26;23:54:57;45.36;180.00;S;Oui;Oui;8.67;63.5;70.94
M65;Leo Triplet;2026-03-26;22:52:09;53.98;180.00;S;Oui;Oui;8.62;63.0;53.85
M66;Leo Triplet;2026-03-26;22:53:28;53.87;180.00;S;Oui;Oui;8.62;63.0;54.17
M67;King Cobra;2026-03-26;20:24:55;52.70;180.00;S;Oui;Oui;8.51;61.9;23.91
M81;Bode's Galaxy;2026-03-26;21:29:00;70.05;360.00;N;Oui;Oui;8.56;62.4;48.39
M82;Cigar Galaxy;2026-03-26;21:29:19;69.44;0.00;N;Oui;Oui;8.56;62.4;48.84
M95;;2026-03-26;22:17:16;52.59;180.00;S;Oui;Oui;8.60;62.7;46.88
M96;;2026-03-26;22:20:04;52.70;180.00;S;Oui;Oui;8.60;62.8;47.43
M97;Owl Nebula;2026-03-26;22:48:01;84.10;360.00;N;Oui;Oui;8.62;63.0;49.53
M98;;2026-03-26;23:46:52;55.78;180.00;S;Oui;Oui;8.66;63.4;65.05
M99;St. Catherine's Wheel;2026-03-26;23:51:53;55.30;180.00;S;Oui;Oui;8.67;63.5;66.31
M100;Mirror Galaxy;2026-03-26;23:55:57;56.71;180.00;S;Oui;Oui;8.67;63.5;66.67
M105;;2026-03-26;22:21:08;53.46;180.00;S;Oui;Oui;8.60;62.8;47.35
M106;;2026-03-26;23:52:01;88.19;180.00;S;Oui;Oui;8.67;63.5;58.64
M108;Surfboard Galaxy;2026-03-26;22:44:45;83.44;360.00;N;Oui;Oui;8.62;63.0;49.26
M109;Vacuum Cleaner Galaxy;2026-03-26;23:30:43;85.74;0.00;N;Oui;Oui;8.65;63.3;55.29
M40;Winnecke 4;2026-03-27;23:51:19;81.03;360.00;N;Oui;Oui;9.75;74.1;54.39
M44;Beehive Cluster;2026-03-27;20:10:07;60.87;180.00;S;Oui;Oui;9.59;72.6;3.46
M61;Swelling Spiral Galaxy;2026-03-27;23:51:02;45.36;180.00;S;Oui;Oui;9.75;74.1;56.96
M65;Leo Triplet;2026-03-27;22:48:13;53.98;180.00;S;Oui;Oui;9.70;73.7;39.98
M66;Leo Triplet;2026-03-27;22:49:32;53.87;180.00;S;Oui;Oui;9.71;73.7;40.30
M67;King Cobra;2026-03-27;20:20:59;52.70;180.00;S;Oui;Oui;9.60;72.7;11.49
M81;Bode's Galaxy;2026-03-27;21:25:04;70.05;0.00;N;Oui;Oui;9.64;73.1;48.99
M82;Cigar Galaxy;2026-03-27;21:25:23;69.44;0.00;N;Oui;Oui;9.64;73.1;49.55
M84;;2026-03-27;23:54:10;53.77;180.00;S;Oui;Oui;9.75;74.1;54.80
M85;;2026-03-27;23:54:30;59.07;180.00;S;Oui;Oui;9.75;74.1;53.47
M86;;2026-03-27;23:55:18;53.83;180.00;S;Oui;Oui;9.75;74.2;55.03
M95;;2026-03-27;22:13:20;52.59;180.00;S;Oui;Oui;9.68;73.4;32.75
M96;;2026-03-27;22:16:08;52.70;180.00;S;Oui;Oui;9.68;73.5;33.31
M97;Owl Nebula;2026-03-27;22:44:05;84.10;0.00;N;Oui;Oui;9.70;73.7;44.86
M98;;2026-03-27;23:42:56;55.78;180.00;S;Oui;Oui;9.75;74.1;51.71
M99;St. Catherine's Wheel;2026-03-27;23:47:57;55.30;180.00;S;Oui;Oui;9.75;74.1;52.96
M100;Mirror Galaxy;2026-03-27;23:52:01;56.71;180.00;S;Oui;Oui;9.75;74.1;53.50
M105;;2026-03-27;22:17:12;53.46;180.00;S;Oui;Oui;9.68;73.5;33.27
M106;;2026-03-27;23:48:05;88.19;180.00;S;Oui;Oui;9.75;74.1;51.29
M108;Surfboard Galaxy;2026-03-27;22:40:49;83.44;0.00;N;Oui;Oui;9.70;73.6;44.83
M109;Vacuum Cleaner Galaxy;2026-03-27;23:26:47;85.74;360.00;N;Oui;Oui;9.73;74.0;49.66
M40;Winnecke 4;2026-03-28;23:47:23;81.03;0.00;N;Oui;Oui;10.81;83.3;52.31
M44;Beehive Cluster;2026-03-28;20:06:11;60.87;180.00;S;Oui;Oui;10.65;82.0;10.67
M49;;2026-03-28;23:54:56;48.88;180.00;S;Oui;Oui;10.81;83.3;44.10
M61;Swelling Spiral Galaxy;2026-03-28;23:47:06;45.36;180.00;S;Oui;Oui;10.81;83.3;43.34
M65;Leo Triplet;2026-03-28;22:44:17;53.98;180.00;S;Oui;Oui;10.76;82.9;26.63
M66;Leo Triplet;2026-03-28;22:45:36;53.87;180.00;S;Oui;Oui;10.76;82.9;26.96
M67;King Cobra;2026-03-28;20:17:03;52.70;180.00;S;Oui;Oui;10.65;82.0;9.52
M81;Bode's Galaxy;2026-03-28;21:21:08;70.05;360.00;N;Oui;Oui;10.70;82.4;52.44
M82;Cigar Galaxy;2026-03-28;21:21:27;69.44;360.00;N;Oui;Oui;10.70;82.4;53.06
M84;;2026-03-28;23:50:14;53.77;180.00;S;Oui;Oui;10.81;83.3;41.94
M85;;2026-03-28;23:50:34;59.07;180.00;S;Oui;Oui;10.81;83.3;41.36
M86;;2026-03-28;23:51:22;53.83;180.00;S;Oui;Oui;10.81;83.3;42.19
M87;Virgo A;2026-03-28;23:55:59;53.27;180.00;S;Oui;Oui;10.81;83.3;43.36
M95;;2026-03-28;22:09:24;52.59;180.00;S;Oui;Oui;10.74;82.7;18.99
M96;;2026-03-28;22:12:12;52.70;180.00;S;Oui;Oui;10.74;82.7;19.58
M97;Owl Nebula;2026-03-28;22:40:09;84.10;360.00;N;Oui;Oui;10.76;82.9;43.48
M98;;2026-03-28;23:39:00;55.78;180.00;S;Oui;Oui;10.80;83.2;39.03
M99;St. Catherine's Wheel;2026-03-28;23:44:01;55.30;180.00;S;Oui;Oui;10.80;83.3;40.26
M100;Mirror Galaxy;2026-03-28;23:48:05;56.71;180.00;S;Oui;Oui;10.81;83.3;41.02
M105;;2026-03-28;22:13:16;53.46;180.00;S;Oui;Oui;10.74;82.7;19.62
M106;;2026-03-28;23:44:09;88.19;180.00;S;Oui;Oui;10.80;83.3;46.27
M108;Surfboard Galaxy;2026-03-28;22:36:53;83.44;360.00;N;Oui;Oui;10.76;82.9;43.72
M109;Vacuum Cleaner Galaxy;2026-03-28;23:22:51;85.74;360.00;N;Oui;Oui;10.79;83.1;46.74
M40;Winnecke 4;2026-03-29;23:43:27;81.03;360.00;N;Oui;Oui;11.83;90.6;52.73
M49;;2026-03-29;23:51:00;48.88;180.00;S;Oui;Oui;11.84;90.6;31.45
M61;Swelling Spiral Galaxy;2026-03-29;23:43:10;45.36;180.00;S;Oui;Oui;11.83;90.6;30.22
M65;Leo Triplet;2026-03-29;22:40:21;53.98;180.00;S;Oui;Oui;11.79;90.3;14.53
M66;Leo Triplet;2026-03-29;22:41:40;53.87;180.00;S;Oui;Oui;11.79;90.3;14.83
M67;King Cobra;2026-03-29;20:13:07;52.70;180.00;S;Oui;Oui;11.69;89.6;20.55
M81;Bode's Galaxy;2026-03-29;21:17:12;70.05;360.00;N;Oui;Oui;11.73;89.9;58.04
M82;Cigar Galaxy;2026-03-29;21:17:31;69.44;0.00;N;Oui;Oui;11.73;89.9;58.64
M84;;2026-03-29;23:46:18;53.77;180.00;S;Oui;Oui;11.84;90.6;30.08
M85;;2026-03-29;23:46:38;59.07;180.00;S;Oui;Oui;11.84;90.6;30.69
M86;;2026-03-29;23:47:26;53.83;180.00;S;Oui;Oui;11.84;90.6;30.35
M87;Virgo A;2026-03-29;23:52:03;53.27;180.00;S;Oui;Oui;11.84;90.6;31.43
M88;;2026-03-29;23:53:12;55.30;180.00;S;Oui;Oui;11.84;90.6;31.77
M95;;2026-03-29;22:05:29;52.59;180.00;S;Oui;Oui;11.76;90.1;6.15
M96;;2026-03-29;22:08:16;52.70;180.00;S;Oui;Oui;11.77;90.2;6.82
M97;Owl Nebula;2026-03-29;22:36:13;84.10;360.00;N;Oui;Oui;11.79;90.3;45.50
M98;;2026-03-29;23:35:04;55.78;180.00;S;Oui;Oui;11.83;90.5;27.56
M99;St. Catherine's Wheel;2026-03-29;23:40:05;55.30;180.00;S;Oui;Oui;11.83;90.6;28.69
M100;Mirror Galaxy;2026-03-29;23:44:10;56.71;180.00;S;Oui;Oui;11.83;90.6;29.77
M105;;2026-03-29;22:09:20;53.46;180.00;S;Oui;Oui;11.77;90.2;7.20
M106;;2026-03-29;23:40:13;88.19;180.00;S;Oui;Oui;11.83;90.6;44.22
M108;Surfboard Galaxy;2026-03-29;22:32:57;83.44;0.00;N;Oui;Oui;11.78;90.3;45.97
M109;Vacuum Cleaner Galaxy;2026-03-29;23:18:55;85.74;0.00;N;Oui;Oui;11.82;90.5;46.86
M40;Winnecke 4;2026-03-30;23:39:31;81.03;0.00;N;Oui;Oui;12.83;95.8;55.44
M49;;2026-03-30;23:47:04;48.88;180.00;S;Oui;Oui;12.84;95.9;20.11
M58;;2026-03-30;23:55:00;52.70;180.00;S;Oui;Oui;12.84;95.9;22.84
M61;Swelling Spiral Galaxy;2026-03-30;23:39:14;45.36;180.00;S;Oui;Oui;12.83;95.8;17.96
M65;Leo Triplet;2026-03-30;22:36:25;53.98;180.00;S;Oui;Oui;12.79;95.6;8.79
M66;Leo Triplet;2026-03-30;22:37:44;53.87;180.00;S;Oui;Oui;12.79;95.6;8.80
M81;Bode's Galaxy;2026-03-30;21:13:16;70.05;0.00;N;Oui;Oui;12.73;95.4;65.00
M82;Cigar Galaxy;2026-03-30;21:13:35;69.44;0.00;N;Oui;Oui;12.73;95.4;65.58
M84;;2026-03-30;23:42:22;53.77;180.00;S;Oui;Oui;12.84;95.8;20.37
M85;;2026-03-30;23:42:42;59.07;180.00;S;Oui;Oui;12.84;95.8;22.99
M86;;2026-03-30;23:43:30;53.83;180.00;S;Oui;Oui;12.84;95.8;20.64
M87;Virgo A;2026-03-30;23:48:07;53.27;180.00;S;Oui;Oui;12.84;95.9;21.46
M88;;2026-03-30;23:49:16;55.30;180.00;S;Oui;Oui;12.84;95.9;22.49
M89;;2026-03-30;23:52:56;53.44;180.00;S;Oui;Oui;12.84;95.9;22.60
M90;Carabin Galaxy;2026-03-30;23:54:06;54.05;180.00;S;Oui;Oui;12.84;95.9;23.07
M91;;2026-03-30;23:52:43;55.38;180.00;S;Oui;Oui;12.84;95.9;23.26
M95;;2026-03-30;22:01:33;52.59;180.00;S;Oui;Oui;12.77;95.5;8.83
M96;;2026-03-30;22:04:20;52.70;180.00;S;Oui;Oui;12.77;95.5;8.53
M97;Owl Nebula;2026-03-30;22:32:18;84.10;0.00;N;Oui;Oui;12.79;95.6;50.28
M98;;2026-03-30;23:31:09;55.78;180.00;S;Oui;Oui;12.83;95.8;18.91
M99;St. Catherine's Wheel;2026-03-30;23:36:09;55.30;180.00;S;Oui;Oui;12.83;95.8;19.70
M100;Mirror Galaxy;2026-03-30;23:40:14;56.71;180.00;S;Oui;Oui;12.83;95.8;21.23
M105;;2026-03-30;22:05:24;53.46;180.00;S;Oui;Oui;12.77;95.6;9.02
M106;;2026-03-30;23:36:17;88.19;180.00;S;Oui;Oui;12.83;95.8;45.34
M108;Surfboard Galaxy;2026-03-30;22:29:01;83.44;0.00;N;Oui;Oui;12.78;95.6;50.91
M109;Vacuum Cleaner Galaxy;2026-03-30;23:14:59;85.74;360.00;N;Oui;Oui;12.82;95.8;49.80
M40;Winnecke 4;2026-03-31;23:35:35;81.03;0.00;N;Oui;Oui;13.81;98.9;59.95
M49;;2026-03-31;23:43:08;48.88;180.00;S;Oui;Oui;13.81;98.9;12.87
M58;;2026-03-31;23:51:04;52.70;180.00;S;Oui;Oui;13.82;99.0;17.04
M59;;2026-03-31;23:55:22;52.53;180.00;S;Oui;Oui;13.82;99.0;17.58
M61;Swelling Spiral Galaxy;2026-03-31;23:35:18;45.36;180.00;S;Oui;Oui;13.81;98.9;9.01
M65;Leo Triplet;2026-03-31;22:32:29;53.98;180.00;S;Oui;Oui;13.77;98.8;16.79
M66;Leo Triplet;2026-03-31;22:33:48;53.87;180.00;S;Oui;Oui;13.77;98.8;16.55
M68;;2026-03-31;23:52:48;14.14;180.00;S;Oui;Oui;13.82;99.0;27.14
M81;Bode's Galaxy;2026-03-31;21:09:20;70.05;360.00;N;Oui;Oui;13.71;98.7;72.75
M82;Cigar Galaxy;2026-03-31;21:09:39;69.44;360.00;N;Oui;Oui;13.71;98.7;73.27
M84;;2026-03-31;23:38:26;53.77;180.00;S;Oui;Oui;13.81;98.9;16.27
M85;;2026-03-31;23:38:46;59.07;180.00;S;Oui;Oui;13.81;98.9;21.15
M86;;2026-03-31;23:39:34;53.83;180.00;S;Oui;Oui;13.81;98.9;16.45
M87;Virgo A;2026-03-31;23:44:11;53.27;180.00;S;Oui;Oui;13.81;98.9;16.54
M88;;2026-03-31;23:45:21;55.30;180.00;S;Oui;Oui;13.81;99.0;18.42
M89;;2026-03-31;23:49:01;53.44;180.00;S;Oui;Oui;13.82;99.0;17.34
M90;Carabin Galaxy;2026-03-31;23:50:10;54.05;180.00;S;Oui;Oui;13.82;99.0;17.99
M91;;2026-03-31;23:48:47;55.38;180.00;S;Oui;Oui;13.82;99.0;18.92
M95;;2026-03-31;21:57:37;52.59;180.00;S;Oui;Oui;13.74;98.8;21.33
M96;;2026-03-31;22:00:24;52.70;180.00;S;Oui;Oui;13.74;98.8;20.88
M97;Owl Nebula;2026-03-31;22:28:22;84.10;360.00;N;Oui;Oui;13.76;98.8;56.91
M98;;2026-03-31;23:27:13;55.78;180.00;S;Oui;Oui;13.80;98.9;17.12
M99;St. Catherine's Wheel;2026-03-31;23:32:13;55.30;180.00;S;Oui;Oui;13.81;98.9;17.05
M100;Mirror Galaxy;2026-03-31;23:36:18;56.71;180.00;S;Oui;Oui;13.81;98.9;18.72
M104;Sombrero Galaxy;2026-03-31;23:53:19;29.26;180.00;S;Oui;Oui;13.82;99.0;14.76
M105;;2026-03-31;22:01:28;53.46;180.00;S;Oui;Oui;13.74;98.8;21.16
M106;;2026-03-31;23:32:21;88.19;180.00;S;Oui;Oui;13.81;98.9;49.19
M108;Surfboard Galaxy;2026-03-31;22:25:06;83.44;360.00;N;Oui;Oui;13.76;98.8;57.63
M109;Vacuum Cleaner Galaxy;2026-03-31;23:11:03;85.74;360.00;N;Oui;Oui;13.79;98.9;54.90
M40;Winnecke 4;2026-04-01;23:31:40;81.03;360.00;N;Oui;Oui;14.76;99.9;65.70
M49;;2026-04-01;23:39:12;48.88;180.00;S;Oui;Oui;14.76;99.9;15.77
M58;;2026-04-01;23:47:08;52.70;180.00;S;Oui;Oui;14.77;99.9;19.41
M59;;2026-04-01;23:51:26;52.53;180.00;S;Oui;Oui;14.77;99.9;19.25
M60;;2026-04-01;23:53:03;52.44;180.00;S;Oui;Oui;14.77;99.9;19.17
M61;Swelling Spiral Galaxy;2026-04-01;23:31:22;45.36;180.00;S;Oui;Oui;14.76;99.9;12.82
M65;Leo Triplet;2026-04-01;22:28:33;53.98;180.00;S;Oui;Oui;14.72;99.9;28.31
M66;Leo Triplet;2026-04-01;22:29:52;53.87;180.00;S;Oui;Oui;14.72;99.9;28.02
M68;;2026-04-01;23:48:52;14.14;180.00;S;Oui;Oui;14.77;99.9;19.16
M81;Bode's Galaxy;2026-04-01;21:05:24;70.05;0.00;N;Oui;Oui;14.66;99.9;80.85
M82;Cigar Galaxy;2026-04-01;21:05:43;69.44;0.00;N;Oui;Oui;14.66;99.9;81.31
M84;;2026-04-01;23:34:30;53.77;180.00;S;Oui;Oui;14.76;99.9;20.76
M85;;2026-04-01;23:34:50;59.07;180.00;S;Oui;Oui;14.76;99.9;25.98
M86;;2026-04-01;23:35:38;53.83;180.00;S;Oui;Oui;14.76;99.9;20.77
M87;Virgo A;2026-04-01;23:40:15;53.27;180.00;S;Oui;Oui;14.76;99.9;20.08
M88;;2026-04-01;23:41:25;55.30;180.00;S;Oui;Oui;14.76;99.9;22.08
M89;;2026-04-01;23:45:05;53.44;180.00;S;Oui;Oui;14.77;99.9;20.16
M90;Carabin Galaxy;2026-04-01;23:46:14;54.05;180.00;S;Oui;Oui;14.77;99.9;20.76
M91;;2026-04-01;23:44:51;55.38;180.00;S;Oui;Oui;14.77;99.9;22.10
M95;;2026-04-01;21:53:41;52.59;180.00;S;Oui;Oui;14.69;99.9;33.85
M96;;2026-04-01;21:56:28;52.70;180.00;S;Oui;Oui;14.70;99.9;33.36
M97;Owl Nebula;2026-04-01;22:24:26;84.10;360.00;N;Oui;Oui;14.71;99.9;64.64
M98;;2026-04-01;23:23:17;55.78;180.00;S;Oui;Oui;14.75;99.9;23.30
M99;St. Catherine's Wheel;2026-04-01;23:28:17;55.30;180.00;S;Oui;Oui;14.76;99.9;22.54
M100;Mirror Galaxy;2026-04-01;23:32:22;56.71;180.00;S;Oui;Oui;14.76;99.9;23.73
M104;Sombrero Galaxy;2026-04-01;23:49:24;29.26;180.00;S;Oui;Oui;14.77;99.9;4.04
M105;;2026-04-01;21:57:32;53.46;180.00;S;Oui;Oui;14.70;99.9;33.58
M106;;2026-04-01;23:28:25;88.19;180.00;S;Oui;Oui;14.76;99.9;55.01
M108;Surfboard Galaxy;2026-04-01;22:21:10;83.44;0.00;N;Oui;Oui;14.71;99.9;65.41
M109;Vacuum Cleaner Galaxy;2026-04-01;23:07:07;85.74;0.00;N;Oui;Oui;14.74;99.9;61.43
M40;Winnecke 4;2026-04-02;23:27:44;81.03;0.00;N;Oui;Oui;15.69;98.9;72.26
M49;;2026-04-02;23:35:17;48.88;180.00;S;Oui;Oui;15.70;98.9;25.16
M58;;2026-04-02;23:43:12;52.70;180.00;S;Oui;Oui;15.70;98.9;27.57
M59;;2026-04-02;23:47:30;52.53;180.00;S;Oui;Oui;15.70;98.9;27.00
M60;;2026-04-02;23:49:07;52.44;180.00;S;Oui;Oui;15.70;98.9;26.76
M61;Swelling Spiral Galaxy;2026-04-02;23:27:26;45.36;180.00;S;Oui;Oui;15.69;98.9;23.49
M65;Leo Triplet;2026-04-02;22:24:37;53.98;180.00;S;Oui;Oui;15.65;99.0;40.21
M66;Leo Triplet;2026-04-02;22:25:56;53.87;180.00;S;Oui;Oui;15.65;99.0;39.91
M68;;2026-04-02;23:44:56;14.14;180.00;S;Oui;Oui;15.70;98.9;17.43
M81;Bode's Galaxy;2026-04-02;21:01:28;70.05;0.00;N;Oui;Oui;15.60;99.1;89.04
M82;Cigar Galaxy;2026-04-02;21:01:47;69.44;0.00;N;Oui;Oui;15.60;99.1;89.42
M84;;2026-04-02;23:30:34;53.77;180.00;S;Oui;Oui;15.69;98.9;29.89
M85;;2026-04-02;23:30:55;59.07;180.00;S;Oui;Oui;15.69;98.9;34.52
M86;;2026-04-02;23:31:42;53.83;180.00;S;Oui;Oui;15.69;98.9;29.81
M87;Virgo A;2026-04-02;23:36:19;53.27;180.00;S;Oui;Oui;15.70;98.9;28.81
M88;;2026-04-02;23:37:29;55.30;180.00;S;Oui;Oui;15.70;98.9;30.49
M89;;2026-04-02;23:41:09;53.44;180.00;S;Oui;Oui;15.70;98.9;28.44
M90;Carabin Galaxy;2026-04-02;23:42:19;54.05;180.00;S;Oui;Oui;15.70;98.9;28.87
M91;;2026-04-02;23:40:55;55.38;180.00;S;Oui;Oui;15.70;98.9;30.22
M95;;2026-04-02;21:49:45;52.59;180.00;S;Oui;Oui;15.63;99.1;46.16
M96;;2026-04-02;21:52:32;52.70;180.00;S;Oui;Oui;15.63;99.1;45.65
M97;Owl Nebula;2026-04-02;22:20:30;84.10;0.00;N;Oui;Oui;15.65;99.0;72.97
M98;;2026-04-02;23:19:21;55.78;180.00;S;Oui;Oui;15.68;98.9;32.96
M99;St. Catherine's Wheel;2026-04-02;23:24:21;55.30;180.00;S;Oui;Oui;15.69;98.9;31.94
M100;Mirror Galaxy;2026-04-02;23:28:26;56.71;180.00;S;Oui;Oui;15.69;98.9;32.68
M104;Sombrero Galaxy;2026-04-02;23:45:28;29.26;180.00;S;Oui;Oui;15.70;98.9;11.25
M105;;2026-04-02;21:53:36;53.46;180.00;S;Oui;Oui;15.63;99.1;45.84
M106;;2026-04-02;23:24:29;88.19;180.00;S;Oui;Oui;15.69;98.9;62.08
M108;Surfboard Galaxy;2026-04-02;22:17:14;83.44;0.00;N;Oui;Oui;15.64;99.0;73.75
M109;Vacuum Cleaner Galaxy;2026-04-02;23:03:11;85.74;360.00;N;Oui;Oui;15.67;99.0;68.85
M40;Winnecke 4;2026-04-03;23:23:48;81.03;0.00;N;Oui;Oui;16.61;96.1;79.28
M49;;2026-04-03;23:31:21;48.88;180.00;S;Oui;Oui;16.61;96.1;36.09
M58;;2026-04-03;23:39:16;52.70;180.00;S;Oui;Oui;16.62;96.0;37.75
M59;;2026-04-03;23:43:34;52.53;180.00;S;Oui;Oui;16.62;96.0;37.00
M60;;2026-04-03;23:45:11;52.44;180.00;S;Oui;Oui;16.62;96.0;36.70
M61;Swelling Spiral Galaxy;2026-04-03;23:23:30;45.36;180.00;S;Oui;Oui;16.61;96.1;35.03
M65;Leo Triplet;2026-04-03;22:20:41;53.98;180.00;S;Oui;Oui;16.57;96.2;52.08
M66;Leo Triplet;2026-04-03;22:22:00;53.87;180.00;S;Oui;Oui;16.57;96.2;51.77
M68;;2026-04-03;23:41:00;14.14;180.00;S;Oui;Oui;16.62;96.0;23.02
M81;Bode's Galaxy;2026-04-03;20:57:32;70.05;360.00;N;Oui;Oui;16.51;96.4;97.11
M82;Cigar Galaxy;2026-04-03;20:57:51;69.44;360.00;N;Oui;Oui;16.51;96.4;97.41
M84;;2026-04-03;23:26:38;53.77;180.00;S;Oui;Oui;16.61;96.1;40.45
M85;;2026-04-03;23:26:59;59.07;180.00;S;Oui;Oui;16.61;96.1;44.52
M86;;2026-04-03;23:27:46;53.83;180.00;S;Oui;Oui;16.61;96.1;40.32
M87;Virgo A;2026-04-03;23:32:23;53.27;180.00;S;Oui;Oui;16.61;96.1;39.20
M88;;2026-04-03;23:33:33;55.30;180.00;S;Oui;Oui;16.61;96.0;40.62
M89;;2026-04-03;23:37:13;53.44;180.00;S;Oui;Oui;16.61;96.0;38.62
M90;Carabin Galaxy;2026-04-03;23:38:23;54.05;180.00;S;Oui;Oui;16.62;96.0;38.94
M91;;2026-04-03;23:36:59;55.38;180.00;S;Oui;Oui;16.61;96.0;40.19
M94;Crocodile Eye;2026-04-03;23:52:24;82.00;180.00;S;Oui;Oui;16.62;96.0;62.06
M95;;2026-04-03;21:45:49;52.59;180.00;S;Oui;Oui;16.54;96.3;58.27
M96;;2026-04-03;21:48:37;52.70;180.00;S;Oui;Oui;16.55;96.3;57.76
M97;Owl Nebula;2026-04-03;22:16:34;84.10;360.00;N;Oui;Oui;16.56;96.2;81.57
M98;;2026-04-03;23:15:25;55.78;180.00;S;Oui;Oui;16.60;96.1;43.68
M99;St. Catherine's Wheel;2026-04-03;23:20:25;55.30;180.00;S;Oui;Oui;16.60;96.1;42.55
M100;Mirror Galaxy;2026-04-03;23:24:30;56.71;180.00;S;Oui;Oui;16.61;96.1;43.01
M104;Sombrero Galaxy;2026-04-03;23:41:32;29.26;180.00;S;Oui;Oui;16.62;96.0;23.05
M105;;2026-04-03;21:49:40;53.46;180.00;S;Oui;Oui;16.55;96.3;57.92
M106;;2026-04-03;23:20:33;88.19;180.00;S;Oui;Oui;16.60;96.1;69.91
M108;Surfboard Galaxy;2026-04-03;22:13:18;83.44;360.00;N;Oui;Oui;16.56;96.3;82.35
M109;Vacuum Cleaner Galaxy;2026-04-03;22:59:15;85.74;360.00;N;Oui;Oui;16.59;96.1;76.74
M40;Winnecke 4;2026-04-04;23:19:52;81.03;360.00;N;Oui;Oui;17.51;91.6;86.51
M49;;2026-04-04;23:27:25;48.88;180.00;S;Oui;Oui;17.52;91.5;47.40
M58;;2026-04-04;23:35:20;52.70;180.00;S;Oui;Oui;17.52;91.5;48.58
M59;;2026-04-04;23:39:38;52.53;180.00;S;Oui;Oui;17.52;91.5;47.74
M60;;2026-04-04;23:41:15;52.44;180.00;S;Oui;Oui;17.52;91.5;47.40
M61;Swelling Spiral Galaxy;2026-04-04;23:19:34;45.36;180.00;S;Oui;Oui;17.51;91.6;46.69
M64;Black Eye Galaxy;2026-04-04;23:54:17;62.57;180.00;S;Oui;Oui;17.53;91.4;53.17
M65;Leo Triplet;2026-04-04;22:16:46;53.98;180.00;S;Oui;Oui;17.47;91.8;63.87
M66;Leo Triplet;2026-04-04;22:18:04;53.87;180.00;S;Oui;Oui;17.47;91.8;63.55
M68;;2026-04-04;23:37:04;14.14;180.00;S;Oui;Oui;17.52;91.5;32.14
M81;Bode's Galaxy;2026-04-04;20:53:37;70.05;0.00;N;Oui;Non;17.42;92.1;104.89
M82;Cigar Galaxy;2026-04-04;20:53:55;69.44;0.00;N;Oui;Non;17.42;92.1;105.10
M84;;2026-04-04;23:22:43;53.77;180.00;S;Oui;Oui;17.51;91.5;51.46
M85;;2026-04-04;23:23:03;59.07;180.00;S;Oui;Oui;17.51;91.5;55.09
M86;;2026-04-04;23:23:50;53.83;180.00;S;Oui;Oui;17.51;91.5;51.31
M87;Virgo A;2026-04-04;23:28:27;53.27;180.00;S;Oui;Oui;17.52;91.5;50.14
M88;;2026-04-04;23:29:37;55.30;180.00;S;Oui;Oui;17.52;91.5;51.35
M89;;2026-04-04;23:33:17;53.44;180.00;S;Oui;Oui;17.52;91.5;49.44
M90;Carabin Galaxy;2026-04-04;23:34:27;54.05;180.00;S;Oui;Oui;17.52;91.5;49.67
M91;;2026-04-04;23:33:04;55.38;180.00;S;Oui;Oui;17.52;91.5;50.84
M94;Crocodile Eye;2026-04-04;23:48:28;82.00;180.00;S;Oui;Oui;17.53;91.5;69.99
M95;;2026-04-04;21:41:53;52.59;180.00;S;Oui;Non;17.45;91.9;70.23
M96;;2026-04-04;21:44:41;52.70;180.00;S;Oui;Oui;17.45;91.9;69.71
M97;Owl Nebula;2026-04-04;22:12:38;84.10;360.00;N;Oui;Oui;17.47;91.8;90.23
M98;;2026-04-04;23:11:29;55.78;180.00;S;Oui;Oui;17.51;91.6;54.75
M99;St. Catherine's Wheel;2026-04-04;23:16:29;55.30;180.00;S;Oui;Oui;17.51;91.6;53.56
M100;Mirror Galaxy;2026-04-04;23:20:34;56.71;180.00;S;Oui;Oui;17.51;91.6;53.83
M104;Sombrero Galaxy;2026-04-04;23:37:36;29.26;180.00;S;Oui;Oui;17.52;91.5;34.92
M105;;2026-04-04;21:45:44;53.46;180.00;S;Oui;Oui;17.45;91.9;69.86
M106;;2026-04-04;23:16:37;88.19;180.00;S;Oui;Oui;17.51;91.6;78.14
M108;Surfboard Galaxy;2026-04-04;22:09:22;83.44;0.00;N;Oui;Oui;17.47;91.8;90.99
M109;Vacuum Cleaner Galaxy;2026-04-04;22:55:19;85.74;0.00;N;Oui;Oui;17.50;91.6;84.87
M40;Winnecke 4;2026-04-05;23:15:56;81.03;0.00;N;Oui;Oui;18.41;85.6;93.78
M49;;2026-04-05;23:23:29;48.88;180.00;S;Oui;Oui;18.41;85.6;58.82
M58;;2026-04-05;23:31:24;52.70;180.00;S;Oui;Oui;18.42;85.5;59.65
M59;;2026-04-05;23:35:42;52.53;180.00;S;Oui;Oui;18.42;85.5;58.76
M60;;2026-04-05;23:37:19;52.44;180.00;S;Oui;Oui;18.42;85.5;58.40
M61;Swelling Spiral Galaxy;2026-04-05;23:15:38;45.36;180.00;S;Oui;Oui;18.41;85.6;58.35
M64;Black Eye Galaxy;2026-04-05;23:50:21;62.57;180.00;S;Oui;Oui;18.43;85.4;63.09
M65;Leo Triplet;2026-04-05;22:12:50;53.98;180.00;S;Oui;Non;18.37;85.9;75.58
M66;Leo Triplet;2026-04-05;22:14:09;53.87;180.00;S;Oui;Non;18.37;85.9;75.27
M68;;2026-04-05;23:33:09;14.14;180.00;S;Oui;Oui;18.42;85.5;42.48
M81;Bode's Galaxy;2026-04-05;20:49:41;70.05;0.00;N;Oui;Non;18.32;86.3;112.20
M82;Cigar Galaxy;2026-04-05;20:50:00;69.44;0.00;N;Oui;Non;18.32;86.3;112.30
M84;;2026-04-05;23:18:47;53.77;180.00;S;Oui;Oui;18.41;85.6;62.64
M85;;2026-04-05;23:19:07;59.07;180.00;S;Oui;Oui;18.41;85.6;65.90
M86;;2026-04-05;23:19:54;53.83;180.00;S;Oui;Oui;18.41;85.6;62.47
M87;Virgo A;2026-04-05;23:24:31;53.27;180.00;S;Oui;Oui;18.41;85.5;61.27
M88;;2026-04-05;23:25:41;55.30;180.00;S;Oui;Oui;18.41;85.5;62.33
M89;;2026-04-05;23:29:21;53.44;180.00;S;Oui;Oui;18.42;85.5;60.49
M90;Carabin Galaxy;2026-04-05;23:30:31;54.05;180.00;S;Oui;Oui;18.42;85.5;60.66
M91;;2026-04-05;23:29:08;55.38;180.00;S;Oui;Oui;18.41;85.5;61.76
M94;Crocodile Eye;2026-04-05;23:44:32;82.00;180.00;S;Oui;Oui;18.42;85.5;78.33
M95;;2026-04-05;21:37:57;52.59;180.00;S;Oui;Non;18.35;86.0;82.08
M96;;2026-04-05;21:40:45;52.70;180.00;S;Oui;Non;18.35;86.0;81.55
M97;Owl Nebula;2026-04-05;22:08:42;84.10;0.00;N;Oui;Non;18.36;85.9;98.81
M98;;2026-04-05;23:07:33;55.78;180.00;S;Oui;Oui;18.40;85.6;65.95
M99;St. Catherine's Wheel;2026-04-05;23:12:34;55.30;180.00;S;Oui;Oui;18.40;85.6;64.73
M100;Mirror Galaxy;2026-04-05;23:16:38;56.71;180.00;S;Oui;Oui;18.41;85.6;64.85
M104;Sombrero Galaxy;2026-04-05;23:33:40;29.26;180.00;S;Oui;Oui;18.42;85.5;46.72
M105;;2026-04-05;21:41:48;53.46;180.00;S;Oui;Non;18.35;86.0;81.69
M106;;2026-04-05;23:12:41;88.19;180.00;S;Oui;Oui;18.40;85.6;86.56
M108;Surfboard Galaxy;2026-04-05;22:05:26;83.44;0.00;N;Oui;Non;18.36;85.9;99.53
M109;Vacuum Cleaner Galaxy;2026-04-05;22:51:23;85.74;360.00;N;Oui;Non;18.39;85.7;93.03
M40;Winnecke 4;2026-04-06;23:12:00;81.03;0.00;N;Oui;Non;19.30;78.4;100.90
M49;;2026-04-06;23:19:33;48.88;180.00;S;Oui;Non;19.30;78.3;70.28
M58;;2026-04-06;23:27:28;52.70;180.00;S;Oui;Non;19.31;78.3;70.84
M59;;2026-04-06;23:31:47;52.53;180.00;S;Oui;Non;19.31;78.3;69.91
M60;;2026-04-06;23:33:24;52.44;180.00;S;Oui;Non;19.31;78.3;69.55
M61;Swelling Spiral Galaxy;2026-04-06;23:11:42;45.36;180.00;S;Oui;Non;19.30;78.4;70.00
M64;Black Eye Galaxy;2026-04-06;23:46:26;62.57;180.00;S;Oui;Non;19.32;78.2;73.31
M65;Leo Triplet;2026-04-06;22:08:54;53.98;180.00;S;Oui;Non;19.26;78.7;87.26
M66;Leo Triplet;2026-04-06;22:10:13;53.87;180.00;S;Oui;Non;19.26;78.7;86.94
M68;;2026-04-06;23:29:13;14.14;180.00;S;Oui;Non;19.31;78.3;53.32
M81;Bode's Galaxy;2026-04-06;20:45:45;70.05;360.00;N;Oui;Non;19.21;79.2;118.82
M82;Cigar Galaxy;2026-04-06;20:46:04;69.44;360.00;N;Oui;Non;19.21;79.2;118.81
M84;;2026-04-06;23:14:51;53.77;180.00;S;Oui;Non;19.30;78.4;73.90
M85;;2026-04-06;23:15:11;59.07;180.00;S;Oui;Non;19.30;78.4;76.83
M86;;2026-04-06;23:15:59;53.83;180.00;S;Oui;Non;19.30;78.3;73.71
M87;Virgo A;2026-04-06;23:20:35;53.27;180.00;S;Oui;Non;19.30;78.3;72.50
M88;;2026-04-06;23:21:45;55.30;180.00;S;Oui;Non;19.31;78.3;73.43
M89;;2026-04-06;23:25:25;53.44;180.00;S;Oui;Non;19.31;78.3;71.66
M90;Carabin Galaxy;2026-04-06;23:26:35;54.05;180.00;S;Oui;Non;19.31;78.3;71.78
M91;;2026-04-06;23:25:12;55.38;180.00;S;Oui;Non;19.31;78.3;72.82
M94;Crocodile Eye;2026-04-06;23:40:36;82.00;180.00;S;Oui;Non;19.32;78.2;86.89
M95;;2026-04-06;21:34:01;52.59;180.00;S;Oui;Non;19.24;78.9;93.87
M96;;2026-04-06;21:36:49;52.70;180.00;S;Oui;Non;19.24;78.9;93.34
M97;Owl Nebula;2026-04-06;22:04:46;84.10;360.00;N;Oui;Non;19.26;78.7;107.16
M98;;2026-04-06;23:03:37;55.78;180.00;S;Oui;Non;19.29;78.4;77.20
M99;St. Catherine's Wheel;2026-04-06;23:08:38;55.30;180.00;S;Oui;Non;19.30;78.4;75.96
M100;Mirror Galaxy;2026-04-06;23:12:42;56.71;180.00;S;Oui;Non;19.30;78.4;75.96
M104;Sombrero Galaxy;2026-04-06;23:29:44;29.26;180.00;S;Oui;Non;19.31;78.3;58.50
M105;;2026-04-06;21:37:53;53.46;180.00;S;Oui;Non;19.24;78.9;93.46
M106;;2026-04-06;23:08:46;88.19;180.00;S;Oui;Non;19.30;78.4;95.02
M108;Surfboard Galaxy;2026-04-06;22:01:30;83.44;360.00;N;Oui;Non;19.26;78.8;107.83
M109;Vacuum Cleaner Galaxy;2026-04-06;22:47:28;85.74;360.00;N;Oui;Non;19.28;78.5;101.09
M40;Winnecke 4;2026-04-07;23:08:04;81.03;360.00;N;Oui;Non;20.19;70.1;107.73
M49;;2026-04-07;23:15:37;48.88;180.00;S;Oui;Non;20.20;70.1;81.79
M58;;2026-04-07;23:23:33;52.70;180.00;S;Oui;Non;20.20;70.1;82.12
M59;;2026-04-07;23:27:51;52.53;180.00;S;Oui;Non;20.20;70.0;81.16
M60;;2026-04-07;23:29:28;52.44;180.00;S;Oui;Non;20.20;70.0;80.78
M61;Swelling Spiral Galaxy;2026-04-07;23:07:47;45.36;180.00;S;Oui;Non;20.19;70.1;81.67
M64;Black Eye Galaxy;2026-04-07;23:42:30;62.57;180.00;S;Oui;Non;20.21;69.9;83.71
M65;Leo Triplet;2026-04-07;22:04:58;53.98;180.00;S;Oui;Non;20.15;70.5;98.93
M66;Leo Triplet;2026-04-07;22:06:17;53.87;180.00;S;Oui;Non;20.15;70.5;98.61
M68;;2026-04-07;23:25:17;14.14;180.00;S;Oui;Non;20.20;70.0;64.41
M81;Bode's Galaxy;2026-04-07;20:41:49;70.05;0.00;N;Oui;Non;20.10;71.0;124.46
M82;Cigar Galaxy;2026-04-07;20:42:08;69.44;0.00;N;Oui;Non;20.10;71.0;124.31
M84;;2026-04-07;23:10:55;53.77;180.00;S;Oui;Non;20.19;70.1;85.22
M85;;2026-04-07;23:11:15;59.07;180.00;S;Oui;Non;20.19;70.1;87.85
M86;;2026-04-07;23:12:03;53.83;180.00;S;Oui;Non;20.19;70.1;85.02
M87;Virgo A;2026-04-07;23:16:40;53.27;180.00;S;Oui;Non;20.20;70.1;83.80
M88;;2026-04-07;23:17:49;55.30;180.00;S;Oui;Non;20.20;70.1;84.61
M89;;2026-04-07;23:21:29;53.44;180.00;S;Oui;Non;20.20;70.1;82.91
M90;Carabin Galaxy;2026-04-07;23:22:39;54.05;180.00;S;Oui;Non;20.20;70.1;82.99
M91;;2026-04-07;23:21:16;55.38;180.00;S;Oui;Non;20.20;70.1;83.96
M94;Crocodile Eye;2026-04-07;23:36:40;82.00;180.00;S;Oui;Non;20.21;70.0;95.50
M95;;2026-04-07;21:30:05;52.59;180.00;S;Oui;Non;20.13;70.7;105.66
M96;;2026-04-07;21:32:53;52.70;180.00;S;Oui;Non;20.13;70.7;105.12
M97;Owl Nebula;2026-04-07;22:00:50;84.10;360.00;N;Oui;Non;20.15;70.5;115.12
M98;;2026-04-07;22:59:41;55.78;180.00;S;Oui;Non;20.19;70.2;88.51
M99;St. Catherine's Wheel;2026-04-07;23:04:42;55.30;180.00;S;Oui;Non;20.19;70.2;87.25
M100;Mirror Galaxy;2026-04-07;23:08:46;56.71;180.00;S;Oui;Non;20.19;70.1;87.14
M104;Sombrero Galaxy;2026-04-07;23:25:48;29.26;180.00;S;Oui;Non;20.20;70.0;70.28
M105;;2026-04-07;21:33:57;53.46;180.00;S;Oui;Non;20.13;70.7;105.23
M106;;2026-04-07;23:04:50;88.19;180.00;S;Oui;Non;20.19;70.2;103.37
M108;Surfboard Galaxy;2026-04-07;21:57:34;83.44;0.00;N;Oui;Non;20.15;70.6;115.70
M109;Vacuum Cleaner Galaxy;2026-04-07;22:43:32;85.74;0.00;N;Oui;Non;20.18;70.3;108.89
M40;Winnecke 4;2026-04-08;23:04:08;81.03;0.00;N;Oui;Non;21.09;61.2;114.04
M49;;2026-04-08;23:11:41;48.88;180.00;S;Oui;Non;21.09;61.1;93.38
M53;;2026-04-08;23:54:43;59.05;180.00;S;Oui;Non;21.12;60.8;89.31
M58;;2026-04-08;23:19:37;52.70;180.00;S;Oui;Non;21.10;61.1;93.48
M59;;2026-04-08;23:23:55;52.53;180.00;S;Oui;Non;21.10;61.0;92.50
M60;;2026-04-08;23:25:32;52.44;180.00;S;Oui;Non;21.10;61.0;92.11
M61;Swelling Spiral Galaxy;2026-04-08;23:03:51;45.36;180.00;S;Oui;Non;21.09;61.2;93.41
M64;Black Eye Galaxy;2026-04-08;23:38:34;62.57;180.00;S;Oui;Non;21.11;60.9;94.22
M65;Leo Triplet;2026-04-08;22:01:02;53.98;180.00;S;Oui;Non;21.05;61.6;110.65
M66;Leo Triplet;2026-04-08;22:02:21;53.87;180.00;S;Oui;Non;21.05;61.6;110.33
M68;;2026-04-08;23:21:21;14.14;180.00;S;Oui;Non;21.10;61.0;75.69
M81;Bode's Galaxy;2026-04-08;20:37:53;70.05;0.00;N;Oui;Non;21.00;62.1;128.73
M82;Cigar Galaxy;2026-04-08;20:38:12;69.44;360.00;N;Oui;Non;21.00;62.1;128.45
M84;;2026-04-08;23:06:59;53.77;180.00;S;Oui;Non;21.09;61.1;96.61
M85;;2026-04-08;23:07:19;59.07;180.00;S;Oui;Non;21.09;61.1;98.93
M86;;2026-04-08;23:08:07;53.83;180.00;S;Oui;Non;21.09;61.1;96.40
M87;Virgo A;2026-04-08;23:12:44;53.27;180.00;S;Oui;Non;21.09;61.1;95.18
M88;;2026-04-08;23:13:53;55.30;180.00;S;Oui;Non;21.09;61.1;95.87
M89;;2026-04-08;23:17:33;53.44;180.00;S;Oui;Non;21.10;61.1;94.25
M90;Carabin Galaxy;2026-04-08;23:18:43;54.05;180.00;S;Oui;Non;21.10;61.1;94.29
M91;;2026-04-08;23:17:20;55.38;180.00;S;Oui;Non;21.10;61.1;95.19
M94;Crocodile Eye;2026-04-08;23:32:44;82.00;180.00;S;Oui;Non;21.11;61.0;104.05
M95;;2026-04-08;21:26:09;52.59;180.00;S;Oui;Non;21.03;61.8;117.50
M96;;2026-04-08;21:28:57;52.70;180.00;S;Oui;Non;21.03;61.8;116.95
M97;Owl Nebula;2026-04-08;21:56:54;84.10;0.00;N;Oui;Non;21.05;61.6;122.43
M98;;2026-04-08;22:55:45;55.78;180.00;S;Oui;Non;21.08;61.2;99.87
M99;St. Catherine's Wheel;2026-04-08;23:00:46;55.30;180.00;S;Oui;Non;21.09;61.2;98.61
M100;Mirror Galaxy;2026-04-08;23:04:50;56.71;180.00;S;Oui;Non;21.09;61.1;98.39
M104;Sombrero Galaxy;2026-04-08;23:21:52;29.26;180.00;S;Oui;Non;21.10;61.0;82.13
M105;;2026-04-08;21:30:01;53.46;180.00;S;Oui;Non;21.03;61.8;117.05
M106;;2026-04-08;23:00:54;88.19;180.00;S;Oui;Non;21.09;61.2;111.45
M108;Surfboard Galaxy;2026-04-08;21:53:38;83.44;0.00;N;Oui;Non;21.04;61.6;122.91
M109;Vacuum Cleaner Galaxy;2026-04-08;22:39:36;85.74;360.00;N;Oui;Non;21.07;61.3;116.22
M40;Winnecke 4;2026-04-09;23:00:12;81.03;0.00;N;Oui;Non;21.99;51.7;119.56
M49;;2026-04-09;23:07:45;48.88;180.00;S;Oui;Non;22.00;51.6;105.07
M53;;2026-04-09;23:50:47;59.05;180.00;S;Oui;Non;22.02;51.3;100.02
M58;;2026-04-09;23:15:41;52.70;180.00;S;Oui;Non;22.00;51.6;104.93
M59;;2026-04-09;23:19:59;52.53;180.00;S;Oui;Non;22.00;51.5;103.93
M60;;2026-04-09;23:21:36;52.44;180.00;S;Oui;Non;22.01;51.5;103.54
M61;Swelling Spiral Galaxy;2026-04-09;22:59:55;45.36;180.00;S;Oui;Non;21.99;51.7;105.26
M63;Sunflower Galaxy;2026-04-09;23:53:40;82.91;180.00;S;Oui;Non;22.03;51.3;108.31
M64;Black Eye Galaxy;2026-04-09;23:34:38;62.57;180.00;S;Oui;Non;22.01;51.4;104.79
M65;Leo Triplet;2026-04-09;21:57:06;53.98;180.00;S;Oui;Non;21.95;52.1;122.46
M66;Leo Triplet;2026-04-09;21:58:25;53.87;180.00;S;Oui;Non;21.95;52.1;122.13
M68;;2026-04-09;23:17:25;14.14;180.00;S;Oui;Non;22.00;51.5;87.14
M81;Bode's Galaxy;2026-04-09;20:33:57;70.05;360.00;N;Oui;Non;21.90;52.6;131.23
M82;Cigar Galaxy;2026-04-09;20:34:16;69.44;360.00;N;Oui;Non;21.90;52.6;130.81
M84;;2026-04-09;23:03:03;53.77;180.00;S;Oui;Non;21.99;51.6;108.09
M85;;2026-04-09;23:03:23;59.07;180.00;S;Oui;Non;21.99;51.6;110.06
M86;;2026-04-09;23:04:11;53.83;180.00;S;Oui;Non;21.99;51.6;107.87
M87;Virgo A;2026-04-09;23:08:48;53.27;180.00;S;Oui;Non;22.00;51.6;106.65
M88;;2026-04-09;23:09:57;55.30;180.00;S;Oui;Non;22.00;51.6;107.21
M89;;2026-04-09;23:13:37;53.44;180.00;S;Oui;Non;22.00;51.6;105.67
M90;Carabin Galaxy;2026-04-09;23:14:47;54.05;180.00;S;Oui;Non;22.00;51.6;105.67
M91;;2026-04-09;23:13:24;55.38;180.00;S;Oui;Non;22.00;51.6;106.50
M94;Crocodile Eye;2026-04-09;23:28:48;82.00;180.00;S;Oui;Non;22.01;51.5;112.36
M95;;2026-04-09;21:22:14;52.59;180.00;S;Oui;Non;21.93;52.3;129.44
M96;;2026-04-09;21:25:01;52.70;180.00;S;Oui;Non;21.93;52.3;128.89
M97;Owl Nebula;2026-04-09;21:52:58;84.10;360.00;N;Oui;Non;21.95;52.1;128.75
M98;;2026-04-09;22:51:49;55.78;180.00;S;Oui;Non;21.99;51.7;111.30
M99;St. Catherine's Wheel;2026-04-09;22:56:50;55.30;180.00;S;Oui;Non;21.99;51.7;110.03
M100;Mirror Galaxy;2026-04-09;23:00:55;56.71;180.00;S;Oui;Non;21.99;51.7;109.70
M104;Sombrero Galaxy;2026-04-09;23:17:56;29.26;180.00;S;Oui;Non;22.00;51.5;94.09
M105;;2026-04-09;21:26:05;53.46;180.00;S;Oui;Non;21.93;52.3;128.97
M106;;2026-04-09;22:56:58;88.19;180.00;S;Oui;Non;21.99;51.7;119.06
M108;Surfboard Galaxy;2026-04-09;21:49:42;83.44;360.00;N;Oui;Non;21.95;52.1;129.08
M109;Vacuum Cleaner Galaxy;2026-04-09;22:35:40;85.74;360.00;N;Oui;Non;21.98;51.8;122.81
M40;Winnecke 4;2026-04-10;22:56:16;81.03;360.00;N;Oui;Non;22.91;42.0;123.97
M49;;2026-04-10;23:03:49;48.88;180.00;S;Oui;Non;22.91;41.9;116.88
M53;;2026-04-10;23:46:51;59.05;180.00;S;Oui;Non;22.94;41.6;110.79
M58;;2026-04-10;23:11:45;52.70;180.00;S;Oui;Non;22.92;41.9;116.48
M59;;2026-04-10;23:16:03;52.53;180.00;S;Oui;Non;22.92;41.8;115.46
M60;;2026-04-10;23:17:40;52.44;180.00;S;Oui;Non;22.92;41.8;115.07
M61;Swelling Spiral Galaxy;2026-04-10;22:55:59;45.36;180.00;S;Oui;Non;22.91;42.0;117.25
M63;Sunflower Galaxy;2026-04-10;23:49:44;82.91;180.00;S;Oui;Non;22.94;41.6;115.80
M64;Black Eye Galaxy;2026-04-10;23:30:42;62.57;180.00;S;Oui;Non;22.93;41.7;115.34
M65;Leo Triplet;2026-04-10;21:53:10;53.98;180.00;S;Oui;Non;22.87;42.4;134.37
M66;Leo Triplet;2026-04-10;21:54:29;53.87;180.00;S;Oui;Non;22.87;42.4;134.04
M68;;2026-04-10;23:13:29;14.14;180.00;S;Oui;Non;22.92;41.9;98.75
M84;;2026-04-10;22:59:07;53.77;180.00;S;Oui;Non;22.91;41.9;119.65
M85;;2026-04-10;22:59:27;59.07;180.00;S;Oui;Non;22.91;41.9;121.21
M86;;2026-04-10;23:00:15;53.83;180.00;S;Oui;Non;22.91;41.9;119.42
M87;Virgo A;2026-04-10;23:04:52;53.27;180.00;S;Oui;Non;22.91;41.9;118.20
M88;;2026-04-10;23:06:01;55.30;180.00;S;Oui;Non;22.91;41.9;118.61
M89;;2026-04-10;23:09:41;53.44;180.00;S;Oui;Non;22.92;41.9;117.19
M90;Carabin Galaxy;2026-04-10;23:10:51;54.05;180.00;S;Oui;Non;22.92;41.9;117.13
M91;;2026-04-10;23:09:28;55.38;180.00;S;Oui;Non;22.92;41.9;117.87
M94;Crocodile Eye;2026-04-10;23:24:52;82.00;180.00;S;Oui;Non;22.93;41.8;120.20
M95;;2026-04-10;21:18:18;52.59;180.00;S;Oui;Non;22.84;42.6;141.53
M96;;2026-04-10;21:21:05;52.70;180.00;S;Oui;Non;22.85;42.6;140.97
M97;Owl Nebula;2026-04-10;21:49:03;84.10;360.00;N;Oui;Non;22.86;42.4;133.54
M98;;2026-04-10;22:47:54;55.78;180.00;S;Oui;Non;22.90;42.0;122.79
M99;St. Catherine's Wheel;2026-04-10;22:52:54;55.30;180.00;S;Oui;Non;22.91;42.0;121.53
M100;Mirror Galaxy;2026-04-10;22:56:59;56.71;180.00;S;Oui;Non;22.91;42.0;121.06
M104;Sombrero Galaxy;2026-04-10;23:14:00;29.26;180.00;S;Oui;Non;22.92;41.8;106.22
M105;;2026-04-10;21:22:09;53.46;180.00;S;Oui;Non;22.85;42.6;141.02
M106;;2026-04-10;22:53:02;88.19;180.00;S;Oui;Non;22.91;42.0;125.84
M108;Surfboard Galaxy;2026-04-10;21:45:46;83.44;0.00;N;Oui;Non;22.86;42.4;133.68
M109;Vacuum Cleaner Galaxy;2026-04-10;22:31:44;85.74;0.00;N;Oui;Non;22.89;42.1;128.25
M40;Winnecke 4;2026-04-11;22:52:20;81.03;0.00;N;Oui;Non;23.84;32.4;126.83
M49;;2026-04-11;22:59:53;48.88;180.00;S;Oui;Non;23.84;32.4;128.82
M53;;2026-04-11;23:42:55;59.05;180.00;S;Oui;Non;23.87;32.1;121.51
M58;;2026-04-11;23:07:49;52.70;180.00;S;Oui;Non;23.85;32.3;128.09
M59;;2026-04-11;23:12:07;52.53;180.00;S;Oui;Non;23.85;32.3;127.06
M60;;2026-04-11;23:13:44;52.44;180.00;S;Oui;Non;23.85;32.3;126.66
M61;Swelling Spiral Galaxy;2026-04-11;22:52:03;45.36;180.00;S;Oui;Non;23.84;32.4;129.42
M63;Sunflower Galaxy;2026-04-11;23:45:48;82.91;180.00;S;Oui;Non;23.87;32.1;122.58
M64;Black Eye Galaxy;2026-04-11;23:26:46;62.57;180.00;S;Oui;Non;23.86;32.2;125.74
M65;Leo Triplet;2026-04-11;21:49:14;53.98;180.00;S;Oui;Non;23.80;32.8;146.36
M66;Leo Triplet;2026-04-11;21:50:33;53.87;180.00;S;Oui;Non;23.80;32.8;146.04
M68;;2026-04-11;23:09:33;14.14;180.00;S;Oui;Non;23.85;32.3;110.54
M84;;2026-04-11;22:55:11;53.77;180.00;S;Oui;Non;23.84;32.4;131.25
M85;;2026-04-11;22:55:31;59.07;180.00;S;Oui;Non;23.84;32.4;132.26
M86;;2026-04-11;22:56:19;53.83;180.00;S;Oui;Non;23.84;32.4;131.00
M87;Virgo A;2026-04-11;23:00:56;53.27;180.00;S;Oui;Non;23.85;32.3;129.81
M88;;2026-04-11;23:02:06;55.30;180.00;S;Oui;Non;23.85;32.3;130.03
M89;;2026-04-11;23:05:46;53.44;180.00;S;Oui;Non;23.85;32.3;128.75
M90;Carabin Galaxy;2026-04-11;23:06:55;54.05;180.00;S;Oui;Non;23.85;32.3;128.63
M91;;2026-04-11;23:05:32;55.38;180.00;S;Oui;Non;23.85;32.3;129.25
M94;Crocodile Eye;2026-04-11;23:20:56;82.00;180.00;S;Oui;Non;23.86;32.2;127.20
M95;;2026-04-11;21:14:22;52.59;180.00;S;Oui;Non;23.78;33.0;153.80
M96;;2026-04-11;21:17:09;52.70;180.00;S;Oui;Non;23.78;33.0;153.22
M97;Owl Nebula;2026-04-11;21:45:07;84.10;0.00;N;Oui;Non;23.80;32.8;136.16
M98;;2026-04-11;22:43:58;55.78;180.00;S;Oui;Non;23.83;32.5;134.28
M99;St. Catherine's Wheel;2026-04-11;22:48:58;55.30;180.00;S;Oui;Non;23.84;32.4;133.03
M100;Mirror Galaxy;2026-04-11;22:53:03;56.71;180.00;S;Oui;Non;23.84;32.4;132.39
M104;Sombrero Galaxy;2026-04-11;23:10:04;29.26;180.00;S;Oui;Non;23.85;32.3;118.56
M105;;2026-04-11;21:18:13;53.46;180.00;S;Oui;Non;23.78;33.0;153.23
M106;;2026-04-11;22:49:06;88.19;180.00;S;Oui;Non;23.84;32.4;131.32
M108;Surfboard Galaxy;2026-04-11;21:41:51;83.44;0.00;N;Oui;Non;23.79;32.9;136.07
M109;Vacuum Cleaner Galaxy;2026-04-11;22:27:48;85.74;360.00;N;Oui;Non;23.82;32.6;132.01
M40;Winnecke 4;2026-04-12;22:48:25;81.03;0.00;N;Oui;Non;24.79;23.3;127.76
M49;;2026-04-12;22:55:57;48.88;180.00;S;Oui;Non;24.80;23.3;140.83
M51;Whirlpool Galaxy;2026-04-12;23:55:54;88.08;180.00;S;Oui;Non;24.84;22.9;124.26
M53;;2026-04-12;23:38:59;59.05;180.00;S;Oui;Non;24.83;23.0;131.97
M58;;2026-04-12;23:03:53;52.70;180.00;S;Oui;Non;24.80;23.2;139.63
M59;;2026-04-12;23:08:11;52.53;180.00;S;Oui;Non;24.81;23.2;138.60
M60;;2026-04-12;23:09:48;52.44;180.00;S;Oui;Non;24.81;23.2;138.20
M61;Swelling Spiral Galaxy;2026-04-12;22:48:07;45.36;180.00;S;Oui;Non;24.79;23.3;141.75
M63;Sunflower Galaxy;2026-04-12;23:41:53;82.91;180.00;S;Oui;Non;24.83;23.0;128.17
M64;Black Eye Galaxy;2026-04-12;23:22:50;62.57;180.00;S;Oui;Non;24.81;23.1;135.69
M65;Leo Triplet;2026-04-12;21:45:18;53.98;180.00;S;Oui;Non;24.75;23.7;158.25
M66;Leo Triplet;2026-04-12;21:46:37;53.87;180.00;S;Oui;Non;24.75;23.7;157.93
M68;;2026-04-12;23:05:37;14.14;180.00;S;Oui;Non;24.80;23.2;122.47
M84;;2026-04-12;22:51:15;53.77;180.00;S;Oui;Non;24.79;23.3;142.73
M85;;2026-04-12;22:51:35;59.07;180.00;S;Oui;Non;24.79;23.3;142.92
M86;;2026-04-12;22:52:23;53.83;180.00;S;Oui;Non;24.79;23.3;142.47
M87;Virgo A;2026-04-12;22:57:00;53.27;180.00;S;Oui;Non;24.80;23.3;141.32
M88;;2026-04-12;22:58:10;55.30;180.00;S;Oui;Non;24.80;23.3;141.26
M89;;2026-04-12;23:01:50;53.44;180.00;S;Oui;Non;24.80;23.3;140.21
M90;Carabin Galaxy;2026-04-12;23:02:59;54.05;180.00;S;Oui;Non;24.80;23.3;140.01
M91;;2026-04-12;23:01:36;55.38;180.00;S;Oui;Non;24.80;23.3;140.46
M94;Crocodile Eye;2026-04-12;23:17:00;82.00;180.00;S;Oui;Non;24.81;23.2;132.79
M95;;2026-04-12;21:10:26;52.59;180.00;S;Oui;Non;24.73;23.9;166.18
M96;;2026-04-12;21:13:13;52.70;180.00;S;Oui;Non;24.73;23.9;165.56
M97;Owl Nebula;2026-04-12;21:41:11;84.10;360.00;N;Oui;Non;24.75;23.7;136.05
M98;;2026-04-12;22:40:02;55.78;180.00;S;Oui;Non;24.79;23.4;145.54
M99;St. Catherine's Wheel;2026-04-12;22:45:02;55.30;180.00;S;Oui;Non;24.79;23.4;144.33
M100;Mirror Galaxy;2026-04-12;22:49:07;56.71;180.00;S;Oui;Non;24.79;23.3;143.46
M104;Sombrero Galaxy;2026-04-12;23:06:08;29.26;180.00;S;Oui;Non;24.80;23.2;131.15
M105;;2026-04-12;21:14:17;53.46;180.00;S;Oui;Non;24.73;23.9;165.45
M106;;2026-04-12;22:45:10;88.19;180.00;S;Oui;Non;24.79;23.4;134.83
M108;Surfboard Galaxy;2026-04-12;21:37:55;83.44;360.00;N;Oui;Non;24.74;23.8;135.72
M109;Vacuum Cleaner Galaxy;2026-04-12;22:23:52;85.74;360.00;N;Oui;Non;24.78;23.5;133.50
M40;Winnecke 4;2026-04-13;22:44:29;81.03;360.00;N;Oui;Non;25.77;15.2;126.50
M49;;2026-04-13;22:52:02;48.88;180.00;S;Oui;Non;25.77;15.1;152.65
M51;Whirlpool Galaxy;2026-04-13;23:51:58;88.08;180.00;S;Oui;Non;25.81;14.8;127.02
M53;;2026-04-13;23:35:03;59.05;180.00;S;Oui;Non;25.80;14.9;141.70
M58;;2026-04-13;22:59:57;52.70;180.00;S;Oui;Non;25.78;15.1;150.71
M59;;2026-04-13;23:04:15;52.53;180.00;S;Oui;Non;25.78;15.1;149.69
M60;;2026-04-13;23:05:52;52.44;180.00;S;Oui;Non;25.78;15.1;149.32
M61;Swelling Spiral Galaxy;2026-04-13;22:44:11;45.36;180.00;S;Oui;Non;25.77;15.2;154.14
M63;Sunflower Galaxy;2026-04-13;23:37:57;82.91;180.00;S;Oui;Non;25.80;14.9;131.95
M64;Black Eye Galaxy;2026-04-13;23:18:54;62.57;180.00;S;Oui;Non;25.79;15.0;144.49
M65;Leo Triplet;2026-04-13;21:41:22;53.98;180.00;S;Oui;Non;25.72;15.5;168.77
M66;Leo Triplet;2026-04-13;21:42:41;53.87;180.00;S;Oui;Non;25.73;15.5;168.52
M68;;2026-04-13;23:01:41;14.14;180.00;S;Oui;Non;25.78;15.1;134.45
M84;;2026-04-13;22:47:19;53.77;180.00;S;Oui;Non;25.77;15.2;153.59
M85;;2026-04-13;22:47:40;59.07;180.00;S;Oui;Non;25.77;15.2;152.38
M86;;2026-04-13;22:48:27;53.83;180.00;S;Oui;Non;25.77;15.2;153.32
M87;Virgo A;2026-04-13;22:53:04;53.27;180.00;S;Oui;Non;25.77;15.1;152.29
M88;;2026-04-13;22:54:14;55.30;180.00;S;Oui;Non;25.77;15.1;151.75
M89;;2026-04-13;22:57:54;53.44;180.00;S;Oui;Non;25.78;15.1;151.13
M90;Carabin Galaxy;2026-04-13;22:59:04;54.05;180.00;S;Oui;Non;25.78;15.1;150.79
M91;;2026-04-13;22:57:40;55.38;180.00;S;Oui;Non;25.78;15.1;150.94
M94;Crocodile Eye;2026-04-13;23:13:05;82.00;180.00;S;Oui;Non;25.79;15.0;136.20
M95;;2026-04-13;21:06:30;52.59;180.00;S;Oui;Non;25.70;15.7;176.47
M96;;2026-04-13;21:09:17;52.70;180.00;S;Oui;Non;25.70;15.7;175.95
M97;Owl Nebula;2026-04-13;21:37:15;84.10;0.00;N;Oui;Non;25.72;15.5;133.04
M98;;2026-04-13;22:36:06;55.78;180.00;S;Oui;Non;25.76;15.2;155.86
M99;St. Catherine's Wheel;2026-04-13;22:41:06;55.30;180.00;S;Oui;Non;25.77;15.2;154.80
M100;Mirror Galaxy;2026-04-13;22:45:11;56.71;180.00;S;Oui;Non;25.77;15.2;153.57
M104;Sombrero Galaxy;2026-04-13;23:02:13;29.26;180.00;S;Oui;Non;25.78;15.1;144.03
M105;;2026-04-13;21:10:21;53.46;180.00;S;Oui;Non;25.70;15.7;175.20
M106;;2026-04-13;22:41:14;88.19;180.00;S;Oui;Non;25.77;15.2;135.67
M108;Surfboard Galaxy;2026-04-13;21:33:59;83.44;0.00;N;Oui;Non;25.72;15.6;132.51
M109;Vacuum Cleaner Galaxy;2026-04-13;22:19:56;85.74;0.00;N;Oui;Non;25.75;15.3;132.34
M40;Winnecke 4;2026-04-14;22:40:33;81.03;0.00;N;Oui;Non;26.77;8.4;123.07
M49;;2026-04-14;22:48:06;48.88;180.00;S;Oui;Non;26.78;8.4;163.19
M51;Whirlpool Galaxy;2026-04-14;23:48:02;88.08;180.00;S;Oui;Non;26.82;8.1;127.63
M53;;2026-04-14;23:31:07;59.05;180.00;S;Oui;Non;26.81;8.2;149.58
M58;;2026-04-14;22:56:01;52.70;180.00;S;Oui;Non;26.78;8.3;159.91
M59;;2026-04-14;23:00:19;52.53;180.00;S;Oui;Non;26.78;8.3;159.06
M60;;2026-04-14;23:01:56;52.44;180.00;S;Oui;Non;26.79;8.3;158.75
M61;Swelling Spiral Galaxy;2026-04-14;22:40:15;45.36;180.00;S;Oui;Non;26.77;8.4;165.90
M63;Sunflower Galaxy;2026-04-14;23:34:01;82.91;180.00;S;Oui;Non;26.81;8.2;133.22
M64;Black Eye Galaxy;2026-04-14;23:14:58;62.57;180.00;S;Oui;Non;26.79;8.2;150.71
M65;Leo Triplet;2026-04-14;21:37:26;53.98;180.00;S;Oui;Non;26.73;8.7;169.34
M66;Leo Triplet;2026-04-14;21:38:45;53.87;180.00;S;Oui;Non;26.73;8.6;169.47
M68;;2026-04-14;22:57:45;14.14;180.00;S;Oui;Non;26.78;8.3;146.19
M83;Southern Pinwheel Galaxy;2026-04-14;23:55:09;11.02;180.00;S;Oui;Non;26.82;8.1;135.86
M84;;2026-04-14;22:43:23;53.77;180.00;S;Oui;Non;26.77;8.4;161.95
M85;;2026-04-14;22:43:44;59.07;180.00;S;Oui;Non;26.77;8.4;158.42
M86;;2026-04-14;22:44:31;53.83;180.00;S;Oui;Non;26.77;8.4;161.69
M87;Virgo A;2026-04-14;22:49:08;53.27;180.00;S;Oui;Non;26.78;8.4;161.07
M88;;2026-04-14;22:50:18;55.30;180.00;S;Oui;Non;26.78;8.3;159.72
M89;;2026-04-14;22:53:58;53.44;180.00;S;Oui;Non;26.78;8.3;159.99
M90;Carabin Galaxy;2026-04-14;22:55:08;54.05;180.00;S;Oui;Non;26.78;8.3;159.44
M91;;2026-04-14;22:53:44;55.38;180.00;S;Oui;Non;26.78;8.3;159.00
M94;Crocodile Eye;2026-04-14;23:09:09;82.00;180.00;S;Oui;Non;26.79;8.3;136.65
M95;;2026-04-14;21:02:34;52.59;180.00;S;Oui;Non;26.70;8.8;166.78
M96;;2026-04-14;21:05:22;52.70;180.00;S;Oui;Non;26.70;8.8;167.17
M97;Owl Nebula;2026-04-14;21:33:19;84.10;0.00;N;Oui;Non;26.72;8.7;127.48
M98;;2026-04-14;22:32:10;55.78;180.00;S;Oui;Non;26.76;8.4;162.69
M99;St. Catherine's Wheel;2026-04-14;22:37:10;55.30;180.00;S;Oui;Non;26.77;8.4;162.17
M100;Mirror Galaxy;2026-04-14;22:41:15;56.71;180.00;S;Oui;Non;26.77;8.4;160.50
M104;Sombrero Galaxy;2026-04-14;22:58:17;29.26;180.00;S;Oui;Non;26.78;8.3;157.17
M105;;2026-04-14;21:06:25;53.46;180.00;S;Oui;Non;26.70;8.8;166.79
M106;;2026-04-14;22:37:18;88.19;180.00;S;Oui;Non;26.77;8.4;133.50
M108;Surfboard Galaxy;2026-04-14;21:30:03;83.44;0.00;N;Oui;Non;26.72;8.7;126.81
M109;Vacuum Cleaner Galaxy;2026-04-14;22:16:00;85.74;360.00;N;Oui;Non;26.75;8.5;128.53
M40;Winnecke 4;2026-04-15;22:36:37;81.03;0.00;N;Oui;Non;27.80;3.4;117.71
M49;;2026-04-15;22:44:10;48.88;180.00;S;Oui;Non;27.81;3.4;167.19
M51;Whirlpool Galaxy;2026-04-15;23:44:06;88.08;180.00;S;Oui;Non;27.85;3.2;125.84
M53;;2026-04-15;23:27:11;59.05;180.00;S;Oui;Non;27.84;3.3;153.39
M58;;2026-04-15;22:52:05;52.70;180.00;S;Oui;Non;27.81;3.3;162.93
M59;;2026-04-15;22:56:23;52.53;180.00;S;Oui;Non;27.82;3.3;162.69
M60;;2026-04-15;22:58:00;52.44;180.00;S;Oui;Non;27.82;3.3;162.62
M61;Swelling Spiral Galaxy;2026-04-15;22:36:19;45.36;180.00;S;Oui;Non;27.80;3.4;171.12
M63;Sunflower Galaxy;2026-04-15;23:30:05;82.91;180.00;S;Oui;Non;27.84;3.2;131.59
M64;Black Eye Galaxy;2026-04-15;23:11:02;62.57;180.00;S;Oui;Non;27.83;3.3;152.07
M65;Leo Triplet;2026-04-15;21:33:31;53.98;180.00;S;Oui;Non;27.75;3.6;158.51
M66;Leo Triplet;2026-04-15;21:34:49;53.87;180.00;S;Oui;Non;27.76;3.6;158.78
M68;;2026-04-15;22:53:49;14.14;180.00;S;Oui;Non;27.81;3.3;156.75
M83;Southern Pinwheel Galaxy;2026-04-15;23:51:13;11.02;180.00;S;Oui;Non;27.86;3.2;148.32
M84;;2026-04-15;22:39:28;53.77;180.00;S;Oui;Non;27.80;3.4;162.70
M85;;2026-04-15;22:39:48;59.07;180.00;S;Oui;Non;27.80;3.4;157.44
M86;;2026-04-15;22:40:35;53.83;180.00;S;Oui;Non;27.80;3.4;162.60
M87;Virgo A;2026-04-15;22:45:12;53.27;180.00;S;Oui;Non;27.81;3.4;162.89
M88;;2026-04-15;22:46:22;55.30;180.00;S;Oui;Non;27.81;3.4;160.85
M89;;2026-04-15;22:50:02;53.44;180.00;S;Oui;Non;27.81;3.4;162.40
M90;Carabin Galaxy;2026-04-15;22:51:12;54.05;180.00;S;Oui;Non;27.81;3.4;161.73
M91;;2026-04-15;22:49:49;55.38;180.00;S;Oui;Non;27.81;3.4;160.56
M94;Crocodile Eye;2026-04-15;23:05:13;82.00;180.00;S;Oui;Non;27.82;3.3;133.84
M95;;2026-04-15;20:58:38;52.59;180.00;S;Oui;Non;27.73;3.7;153.47
M96;;2026-04-15;21:01:26;52.70;180.00;S;Oui;Non;27.73;3.7;153.94
M97;Owl Nebula;2026-04-15;21:29:23;84.10;360.00;N;Oui;Non;27.75;3.6;119.93
M98;;2026-04-15;22:28:14;55.78;180.00;S;Oui;Non;27.79;3.4;160.96
M99;St. Catherine's Wheel;2026-04-15;22:33:14;55.30;180.00;S;Oui;Non;27.80;3.4;161.38
M100;Mirror Galaxy;2026-04-15;22:37:19;56.71;180.00;S;Oui;Non;27.80;3.4;159.87
M104;Sombrero Galaxy;2026-04-15;22:54:21;29.26;180.00;S;Oui;Non;27.81;3.3;170.33
M105;;2026-04-15;21:02:29;53.46;180.00;S;Oui;Non;27.73;3.7;153.69
M106;;2026-04-15;22:33:22;88.19;180.00;S;Oui;Non;27.80;3.4;128.52
M108;Surfboard Galaxy;2026-04-15;21:26:07;83.44;360.00;N;Oui;Non;27.75;3.6;119.19
M109;Vacuum Cleaner Galaxy;2026-04-15;22:12:04;85.74;360.00;N;Oui;Non;27.78;3.5;122.46
M3;;2026-04-16;23:52:27;69.26;180.00;S;Oui;Non;28.92;0.5;139.80
M40;Winnecke 4;2026-04-16;22:32:41;81.03;360.00;N;Oui;Non;28.86;0.6;110.84
M49;;2026-04-16;22:40:14;48.88;180.00;S;Oui;Non;28.87;0.6;159.54
M51;Whirlpool Galaxy;2026-04-16;23:40:10;88.08;180.00;S;Oui;Non;28.91;0.5;121.72
M53;;2026-04-16;23:23:15;59.05;180.00;S;Oui;Non;28.90;0.5;151.01
M58;;2026-04-16;22:48:09;52.70;180.00;S;Oui;Non;28.87;0.6;156.60
M59;;2026-04-16;22:52:27;52.53;180.00;S;Oui;Non;28.87;0.6;157.02
M60;;2026-04-16;22:54:04;52.44;180.00;S;Oui;Non;28.88;0.6;157.20
M61;Swelling Spiral Galaxy;2026-04-16;22:32:23;45.36;180.00;S;Oui;Non;28.86;0.6;161.70
M63;Sunflower Galaxy;2026-04-16;23:26:09;82.91;180.00;S;Oui;Non;28.90;0.5;127.14
M64;Black Eye Galaxy;2026-04-16;23:07:06;62.57;180.00;S;Oui;Non;28.89;0.6;147.55
M65;Leo Triplet;2026-04-16;21:29:35;53.98;180.00;S;Oui;Non;28.81;0.7;145.41
M66;Leo Triplet;2026-04-16;21:30:54;53.87;180.00;S;Oui;Non;28.81;0.7;145.71
M68;;2026-04-16;22:49:54;14.14;180.00;S;Oui;Non;28.87;0.6;162.83
M83;Southern Pinwheel Galaxy;2026-04-16;23:47:17;11.02;180.00;S;Oui;Non;28.92;0.5;159.73
M84;;2026-04-16;22:35:32;53.77;180.00;S;Oui;Non;28.86;0.6;154.63
M85;;2026-04-16;22:35:52;59.07;180.00;S;Oui;Non;28.86;0.6;149.70
M86;;2026-04-16;22:36:39;53.83;180.00;S;Oui;Non;28.86;0.6;154.68
M87;Virgo A;2026-04-16;22:41:16;53.27;180.00;S;Oui;Non;28.87;0.6;155.57
M88;;2026-04-16;22:42:26;55.30;180.00;S;Oui;Non;28.87;0.6;153.74
M89;;2026-04-16;22:46:06;53.44;180.00;S;Oui;Non;28.87;0.6;155.76
M90;Carabin Galaxy;2026-04-16;22:47:16;54.05;180.00;S;Oui;Non;28.87;0.6;155.25
M91;;2026-04-16;22:45:53;55.38;180.00;S;Oui;Non;28.87;0.6;153.89
M94;Crocodile Eye;2026-04-16;23:01:17;82.00;180.00;S;Oui;Non;28.88;0.6;128.10
M95;;2026-04-16;20:54:42;52.59;180.00;S;Oui;Non;28.79;0.7;139.67
M96;;2026-04-16;20:57:30;52.70;180.00;S;Oui;Non;28.79;0.7;140.17
M97;Owl Nebula;2026-04-16;21:25:27;84.10;0.00;N;Oui;Non;28.81;0.7;110.98
M98;;2026-04-16;22:24:18;55.78;180.00;S;Oui;Non;28.85;0.6;151.75
M99;St. Catherine's Wheel;2026-04-16;22:29:19;55.30;180.00;S;Oui;Non;28.86;0.6;152.67
M100;Mirror Galaxy;2026-04-16;22:33:23;56.71;180.00;S;Oui;Non;28.86;0.6;151.73
M104;Sombrero Galaxy;2026-04-16;22:50:25;29.26;180.00;S;Oui;Non;28.87;0.6;173.89
M105;;2026-04-16;20:58:33;53.46;180.00;S;Oui;Non;28.79;0.7;139.97
M106;;2026-04-16;22:29:26;88.19;180.00;S;Oui;Non;28.86;0.6;121.30
M108;Surfboard Galaxy;2026-04-16;21:22:11;83.44;0.00;N;Oui;Non;28.81;0.7;110.21
M109;Vacuum Cleaner Galaxy;2026-04-16;22:08:08;85.74;0.00;N;Oui;Non;28.84;0.6;114.67
M3;;2026-04-17;23:48:31;69.26;180.00;S;Oui;Non;0.48;0.4;134.58
M40;Winnecke 4;2026-04-17;22:28:45;81.03;0.00;N;Oui;Non;0.41;0.3;102.87
M49;;2026-04-17;22:36:18;48.88;180.00;S;Oui;Non;0.42;0.3;147.28
M51;Whirlpool Galaxy;2026-04-17;23:36:14;88.08;180.00;S;Oui;Non;0.47;0.4;115.67
M53;;2026-04-17;23:19:19;59.05;180.00;S;Oui;Non;0.45;0.4;143.32
M58;;2026-04-17;22:44:13;52.70;180.00;S;Oui;Non;0.43;0.3;145.42
M59;;2026-04-17;22:48:32;52.53;180.00;S;Oui;Non;0.43;0.3;146.12
M60;;2026-04-17;22:50:09;52.44;180.00;S;Oui;Non;0.43;0.3;146.40
M61;Swelling Spiral Galaxy;2026-04-17;22:28:27;45.36;180.00;S;Oui;Non;0.41;0.3;148.50
M63;Sunflower Galaxy;2026-04-17;23:22:13;82.91;180.00;S;Oui;Non;0.46;0.4;120.39
M64;Black Eye Galaxy;2026-04-17;23:03:11;62.57;180.00;S;Oui;Non;0.44;0.4;138.80
M65;Leo Triplet;2026-04-17;21:25:39;53.98;180.00;S;Oui;Non;0.37;0.3;131.62
M66;Leo Triplet;2026-04-17;21:26:58;53.87;180.00;S;Oui;Non;0.37;0.3;131.92
M68;;2026-04-17;22:45:58;14.14;180.00;S;Oui;Non;0.43;0.3;159.25
M83;Southern Pinwheel Galaxy;2026-04-17;23:43:21;11.02;180.00;S;Oui;Non;0.47;0.4;165.95
M84;;2026-04-17;22:31:36;53.77;180.00;S;Oui;Non;0.42;0.3;142.82
M85;;2026-04-17;22:31:56;59.07;180.00;S;Oui;Non;0.42;0.3;138.59
M86;;2026-04-17;22:32:44;53.83;180.00;S;Oui;Non;0.42;0.3;142.93
M87;Virgo A;2026-04-17;22:37:20;53.27;180.00;S;Oui;Non;0.42;0.3;144.02
M88;;2026-04-17;22:38:30;55.30;180.00;S;Oui;Non;0.42;0.3;142.53
M89;;2026-04-17;22:42:10;53.44;180.00;S;Oui;Non;0.42;0.3;144.54
M90;Carabin Galaxy;2026-04-17;22:43:20;54.05;180.00;S;Oui;Non;0.43;0.3;144.19
M91;;2026-04-17;22:41:57;55.38;180.00;S;Oui;Non;0.42;0.3;142.91
M94;Crocodile Eye;2026-04-17;22:57:21;82.00;180.00;S;Oui;Non;0.44;0.4;120.18
M95;;2026-04-17;20:50:46;52.59;180.00;S;Oui;Non;0.34;0.3;125.55
M96;;2026-04-17;20:53:34;52.70;180.00;S;Oui;Non;0.34;0.3;126.06
M97;Owl Nebula;2026-04-17;21:21:31;84.10;0.00;N;Oui;Non;0.36;0.3;101.12
M98;;2026-04-17;22:20:22;55.78;180.00;S;Oui;Non;0.41;0.3;139.63
M99;St. Catherine's Wheel;2026-04-17;22:25:23;55.30;180.00;S;Oui;Non;0.41;0.3;140.73
M100;Mirror Galaxy;2026-04-17;22:29:27;56.71;180.00;S;Oui;Non;0.41;0.3;140.19
M104;Sombrero Galaxy;2026-04-17;22:46:29;29.26;180.00;S;Oui;Non;0.43;0.3;160.55
M105;;2026-04-17;20:54:38;53.46;180.00;S;Oui;Non;0.34;0.3;125.88
M106;;2026-04-17;22:25:30;88.19;180.00;S;Oui;Non;0.41;0.3;112.51
M108;Surfboard Galaxy;2026-04-17;21:18:15;83.44;0.00;N;Oui;Non;0.36;0.3;100.34
M109;Vacuum Cleaner Galaxy;2026-04-17;22:04:12;85.74;360.00;N;Oui;Non;0.40;0.3;105.70
M3;;2026-04-18;23:44:35;69.26;180.00;S;Oui;Non;1.58;3.0;126.51
M40;Winnecke 4;2026-04-18;22:24:49;81.03;0.00;N;Oui;Non;1.52;2.8;94.22
M49;;2026-04-18;22:32:22;48.88;180.00;S;Oui;Non;1.53;2.8;133.75
M51;Whirlpool Galaxy;2026-04-18;23:32:18;88.08;180.00;S;Oui;Non;1.57;2.9;108.17
M53;;2026-04-18;23:15:24;59.05;180.00;S;Oui;Non;1.56;2.9;132.68
M58;;2026-04-18;22:40:18;52.70;180.00;S;Oui;Non;1.53;2.8;132.52
M59;;2026-04-18;22:44:36;52.53;180.00;S;Oui;Non;1.54;2.8;133.34
M60;;2026-04-18;22:46:13;52.44;180.00;S;Oui;Non;1.54;2.8;133.67
M61;Swelling Spiral Galaxy;2026-04-18;22:24:32;45.36;180.00;S;Oui;Non;1.52;2.8;134.50
M63;Sunflower Galaxy;2026-04-18;23:18:17;82.91;180.00;S;Oui;Non;1.56;2.9;112.02
M64;Black Eye Galaxy;2026-04-18;22:59:15;62.57;180.00;S;Oui;Non;1.55;2.9;127.76
M65;Leo Triplet;2026-04-18;21:21:43;53.98;180.00;S;Oui;Non;1.47;2.6;117.45
M66;Leo Triplet;2026-04-18;21:23:02;53.87;180.00;S;Oui;Non;1.47;2.6;117.76
M68;;2026-04-18;22:42:02;14.14;180.00;S;Oui;Non;1.53;2.8;148.86
M83;Southern Pinwheel Galaxy;2026-04-18;23:39:25;11.02;180.00;S;Oui;Non;1.58;3.0;160.36
M84;;2026-04-18;22:27:40;53.77;180.00;S;Oui;Non;1.52;2.8;129.67
M85;;2026-04-18;22:28:00;59.07;180.00;S;Oui;Non;1.52;2.8;126.00
M86;;2026-04-18;22:28:48;53.83;180.00;S;Oui;Non;1.52;2.8;129.82
M87;Virgo A;2026-04-18;22:33:25;53.27;180.00;S;Oui;Non;1.53;2.8;130.97
M88;;2026-04-18;22:34:34;55.30;180.00;S;Oui;Non;1.53;2.8;129.74
M89;;2026-04-18;22:38:14;53.44;180.00;S;Oui;Non;1.53;2.8;131.66
M90;Carabin Galaxy;2026-04-18;22:39:24;54.05;180.00;S;Oui;Non;1.53;2.8;131.42
M91;;2026-04-18;22:38:01;55.38;180.00;S;Oui;Non;1.53;2.8;130.24
M94;Crocodile Eye;2026-04-18;22:53:25;82.00;180.00;S;Oui;Non;1.54;2.8;110.79
M97;Owl Nebula;2026-04-18;21:17:35;84.10;360.00;N;Oui;Non;1.47;2.6;90.73
M98;;2026-04-18;22:16:26;55.78;180.00;S;Oui;Non;1.51;2.7;126.40
M99;St. Catherine's Wheel;2026-04-18;22:21:27;55.30;180.00;S;Oui;Non;1.52;2.8;127.57
M100;Mirror Galaxy;2026-04-18;22:25:31;56.71;180.00;S;Oui;Non;1.52;2.8;127.28
M104;Sombrero Galaxy;2026-04-18;22:42:33;29.26;180.00;S;Oui;Non;1.53;2.8;146.27
M105;;2026-04-18;20:50:42;53.46;180.00;S;Oui;Non;1.45;2.5;111.53
M106;;2026-04-18;22:21:35;88.19;180.00;S;Oui;Non;1.52;2.8;102.71
M108;Surfboard Galaxy;2026-04-18;21:14:19;83.44;360.00;N;Oui;Non;1.47;2.6;89.97
M109;Vacuum Cleaner Galaxy;2026-04-18;22:00:17;85.74;0.00;N;Oui;Non;1.50;2.7;95.99
M3;;2026-04-19;23:40:39;69.26;180.00;S;Oui;Non;2.70;8.2;116.66
M40;Winnecke 4;2026-04-19;22:20:53;81.03;360.00;N;Oui;Non;2.64;7.9;85.30
M49;;2026-04-19;22:28:26;48.88;180.00;S;Oui;Non;2.65;7.9;119.71
M51;Whirlpool Galaxy;2026-04-19;23:28:22;88.08;180.00;S;Oui;Non;2.70;8.2;99.74
M53;;2026-04-19;23:11:28;59.05;180.00;S;Oui;Non;2.68;8.1;120.59
M58;;2026-04-19;22:36:22;52.70;180.00;S;Oui;Non;2.65;7.9;118.90
M59;;2026-04-19;22:40:40;52.53;180.00;S;Oui;Non;2.66;8.0;119.79
M60;;2026-04-19;22:42:17;52.44;180.00;S;Oui;Non;2.66;8.0;120.15
M61;Swelling Spiral Galaxy;2026-04-19;22:20:36;45.36;180.00;S;Oui;Non;2.64;7.9;120.17
M63;Sunflower Galaxy;2026-04-19;23:14:21;82.91;180.00;S;Oui;Non;2.68;8.1;102.62
M64;Black Eye Galaxy;2026-04-19;22:55:19;62.57;180.00;S;Oui;Non;2.67;8.0;115.56
M65;Leo Triplet;2026-04-19;21:17:47;53.98;180.00;S;Oui;Oui;2.59;7.6;103.05
M66;Leo Triplet;2026-04-19;21:19:06;53.87;180.00;S;Oui;Oui;2.59;7.6;103.37
M68;;2026-04-19;22:38:06;14.14;180.00;S;Oui;Non;2.66;7.9;136.13
M83;Southern Pinwheel Galaxy;2026-04-19;23:35:29;11.02;180.00;S;Oui;Non;2.70;8.2;148.51
M84;;2026-04-19;22:23:44;53.77;180.00;S;Oui;Non;2.64;7.9;115.93
M85;;2026-04-19;22:24:04;59.07;180.00;S;Oui;Non;2.64;7.9;112.71
M86;;2026-04-19;22:24:52;53.83;180.00;S;Oui;Non;2.65;7.9;116.10
M87;Virgo A;2026-04-19;22:29:29;53.27;180.00;S;Oui;Non;2.65;7.9;117.29
M88;;2026-04-19;22:30:38;55.30;180.00;S;Oui;Non;2.65;7.9;116.24
M89;;2026-04-19;22:34:18;53.44;180.00;S;Oui;Non;2.65;7.9;118.07
M90;Carabin Galaxy;2026-04-19;22:35:28;54.05;180.00;S;Oui;Non;2.65;7.9;117.90
M91;;2026-04-19;22:34:05;55.38;180.00;S;Oui;Non;2.65;7.9;116.81
M94;Crocodile Eye;2026-04-19;22:49:29;82.00;180.00;S;Oui;Non;2.66;8.0;100.54
M97;Owl Nebula;2026-04-19;21:13:39;84.10;0.00;N;Oui;Oui;2.59;7.6;80.20
M98;;2026-04-19;22:12:30;55.78;180.00;S;Oui;Non;2.64;7.8;112.64
M99;St. Catherine's Wheel;2026-04-19;22:17:31;55.30;180.00;S;Oui;Non;2.64;7.8;113.85
M100;Mirror Galaxy;2026-04-19;22:21:35;56.71;180.00;S;Oui;Non;2.64;7.9;113.74
M104;Sombrero Galaxy;2026-04-19;22:38:37;29.26;180.00;S;Oui;Non;2.66;7.9;131.74
M106;;2026-04-19;22:17:39;88.19;180.00;S;Oui;Non;2.64;7.9;92.36
M108;Surfboard Galaxy;2026-04-19;21:10:23;83.44;0.00;N;Oui;Oui;2.59;7.6;79.49
M109;Vacuum Cleaner Galaxy;2026-04-19;21:56:21;85.74;0.00;N;Oui;Oui;2.62;7.8;85.96
M3;;2026-04-20;23:36:43;69.26;180.00;S;Oui;Non;3.83;15.9;105.82
M40;Winnecke 4;2026-04-20;22:16:57;81.03;0.00;N;Oui;Oui;3.77;15.4;76.54
M49;;2026-04-20;22:24:30;48.88;180.00;S;Oui;Oui;3.78;15.4;105.47
M51;Whirlpool Galaxy;2026-04-20;23:24:26;88.08;180.00;S;Oui;Oui;3.82;15.8;90.86
M53;;2026-04-20;23:07:32;59.05;180.00;S;Oui;Oui;3.81;15.7;107.83
M58;;2026-04-20;22:32:26;52.70;180.00;S;Oui;Oui;3.78;15.5;104.98
M59;;2026-04-20;22:36:44;52.53;180.00;S;Oui;Oui;3.79;15.5;105.91
M60;;2026-04-20;22:38:21;52.44;180.00;S;Oui;Oui;3.79;15.5;106.28
M61;Swelling Spiral Galaxy;2026-04-20;22:16:40;45.36;180.00;S;Oui;Oui;3.77;15.4;105.70
M63;Sunflower Galaxy;2026-04-20;23:10:25;82.91;180.00;S;Oui;Oui;3.81;15.7;92.70
M64;Black Eye Galaxy;2026-04-20;22:51:23;62.57;180.00;S;Oui;Oui;3.80;15.6;102.81
M65;Leo Triplet;2026-04-20;21:13:51;53.98;180.00;S;Oui;Oui;3.72;15.0;88.56
M66;Leo Triplet;2026-04-20;21:15:10;53.87;180.00;S;Oui;Oui;3.72;15.0;88.88
M68;;2026-04-20;22:34:10;14.14;180.00;S;Oui;Oui;3.78;15.5;122.57
M83;Southern Pinwheel Galaxy;2026-04-20;23:31:33;11.02;180.00;S;Oui;Non;3.83;15.8;135.06
M84;;2026-04-20;22:19:48;53.77;180.00;S;Oui;Oui;3.77;15.4;101.93
M85;;2026-04-20;22:20:08;59.07;180.00;S;Oui;Oui;3.77;15.4;99.11
M86;;2026-04-20;22:20:56;53.83;180.00;S;Oui;Oui;3.77;15.4;102.12
M87;Virgo A;2026-04-20;22:25:33;53.27;180.00;S;Oui;Oui;3.78;15.4;103.32
M88;;2026-04-20;22:26:42;55.30;180.00;S;Oui;Oui;3.78;15.4;102.44
M89;;2026-04-20;22:30:22;53.44;180.00;S;Oui;Oui;3.78;15.5;104.17
M90;Carabin Galaxy;2026-04-20;22:31:32;54.05;180.00;S;Oui;Oui;3.78;15.5;104.07
M91;;2026-04-20;22:30:09;55.38;180.00;S;Oui;Oui;3.78;15.5;103.06
M94;Crocodile Eye;2026-04-20;22:45:33;82.00;180.00;S;Oui;Oui;3.79;15.5;89.90
M97;Owl Nebula;2026-04-20;21:09:43;84.10;0.00;N;Oui;Oui;3.72;15.0;69.95
M98;;2026-04-20;22:08:34;55.78;180.00;S;Oui;Oui;3.76;15.3;98.65
M99;St. Catherine's Wheel;2026-04-20;22:13:35;55.30;180.00;S;Oui;Oui;3.77;15.4;99.89
M100;Mirror Galaxy;2026-04-20;22:17:40;56.71;180.00;S;Oui;Oui;3.77;15.4;99.93
M104;Sombrero Galaxy;2026-04-20;22:34:41;29.26;180.00;S;Oui;Oui;3.78;15.5;117.12
M106;;2026-04-20;22:13:43;88.19;180.00;S;Oui;Oui;3.77;15.4;81.89
M108;Surfboard Galaxy;2026-04-20;21:06:27;83.44;0.00;N;Oui;Oui;3.71;15.0;69.31
M109;Vacuum Cleaner Galaxy;2026-04-20;21:52:25;85.74;360.00;N;Oui;Oui;3.75;15.2;76.03
M3;;2026-04-21;23:32:47;69.26;180.00;S;Oui;Oui;4.96;25.4;94.54
M40;Winnecke 4;2026-04-21;22:13:01;81.03;0.00;N;Oui;Oui;4.90;24.8;68.39
M49;;2026-04-21;22:20:34;48.88;180.00;S;Oui;Oui;4.90;24.9;91.19
M51;Whirlpool Galaxy;2026-04-21;23:20:30;88.08;180.00;S;Oui;Oui;4.95;25.3;81.96
M53;;2026-04-21;23:03:36;59.05;180.00;S;Oui;Oui;4.94;25.2;94.81
M58;;2026-04-21;22:28:30;52.70;180.00;S;Oui;Oui;4.91;25.0;90.99
M59;;2026-04-21;22:32:48;52.53;180.00;S;Oui;Oui;4.91;25.0;91.95
M60;;2026-04-21;22:34:25;52.44;180.00;S;Oui;Oui;4.91;25.0;92.33
M61;Swelling Spiral Galaxy;2026-04-21;22:12:44;45.36;180.00;S;Oui;Oui;4.90;24.8;91.23
M63;Sunflower Galaxy;2026-04-21;23:06:29;82.91;180.00;S;Oui;Oui;4.94;25.2;82.70
M64;Black Eye Galaxy;2026-04-21;22:47:27;62.57;180.00;S;Oui;Oui;4.92;25.1;89.88
M65;Leo Triplet;2026-04-21;21:09:55;53.98;180.00;S;Oui;Oui;4.85;24.4;74.09
M66;Leo Triplet;2026-04-21;21:11:14;53.87;180.00;S;Oui;Oui;4.85;24.4;74.41
M68;;2026-04-21;22:30:14;14.14;180.00;S;Oui;Oui;4.91;25.0;108.73
M83;Southern Pinwheel Galaxy;2026-04-21;23:27:37;11.02;180.00;S;Oui;Oui;4.95;25.4;121.14
M84;;2026-04-21;22:15:52;53.77;180.00;S;Oui;Oui;4.90;24.9;87.88
M85;;2026-04-21;22:16:12;59.07;180.00;S;Oui;Oui;4.90;24.9;85.44
M86;;2026-04-21;22:17:00;53.83;180.00;S;Oui;Oui;4.90;24.9;88.09
M87;Virgo A;2026-04-21;22:21:37;53.27;180.00;S;Oui;Oui;4.90;24.9;89.30
M88;;2026-04-21;22:22:46;55.30;180.00;S;Oui;Oui;4.90;24.9;88.56
M89;;2026-04-21;22:26:26;53.44;180.00;S;Oui;Oui;4.91;24.9;90.21
M90;Carabin Galaxy;2026-04-21;22:27:36;54.05;180.00;S;Oui;Oui;4.91;24.9;90.15
M91;;2026-04-21;22:26:13;55.38;180.00;S;Oui;Oui;4.91;24.9;89.23
M94;Crocodile Eye;2026-04-21;22:41:37;82.00;180.00;S;Oui;Oui;4.92;25.0;79.28
M97;Owl Nebula;2026-04-21;21:05:48;84.10;360.00;N;Oui;Oui;4.84;24.4;60.45
M98;;2026-04-21;22:04:39;55.78;180.00;S;Oui;Oui;4.89;24.8;84.64
M99;St. Catherine's Wheel;2026-04-21;22:09:39;55.30;180.00;S;Oui;Oui;4.89;24.8;85.89
M100;Mirror Galaxy;2026-04-21;22:13:44;56.71;180.00;S;Oui;Oui;4.90;24.8;86.06
M101;Pinwheel Galaxy;2026-04-21;23:53:45;84.77;0.00;N;Oui;Oui;4.97;25.6;81.91
M104;Sombrero Galaxy;2026-04-21;22:30:45;29.26;180.00;S;Oui;Oui;4.91;25.0;102.51
M106;;2026-04-21;22:09:47;88.19;180.00;S;Oui;Oui;4.89;24.8;71.71
M108;Surfboard Galaxy;2026-04-21;21:02:31;83.44;360.00;N;Oui;Oui;4.84;24.3;59.93
M109;Vacuum Cleaner Galaxy;2026-04-21;21:48:29;85.74;0.00;N;Oui;Oui;4.88;24.7;66.64
M3;;2026-04-22;23:28:51;69.26;180.00;S;Oui;Oui;6.07;36.3;83.24
M40;Winnecke 4;2026-04-22;22:09:05;81.03;360.00;N;Oui;Oui;6.01;35.6;61.38
M49;;2026-04-22;22:16:38;48.88;180.00;S;Oui;Oui;6.02;35.7;77.02
M51;Whirlpool Galaxy;2026-04-22;23:16:35;88.08;180.00;S;Oui;Oui;6.06;36.2;73.47
M53;;2026-04-22;22:59:40;59.05;180.00;S;Oui;Oui;6.05;36.0;81.83
M58;;2026-04-22;22:24:34;52.70;180.00;S;Oui;Oui;6.02;35.8;77.10
M59;;2026-04-22;22:28:52;52.53;180.00;S;Oui;Oui;6.02;35.8;78.09
M60;;2026-04-22;22:30:29;52.44;180.00;S;Oui;Oui;6.03;35.8;78.47
M61;Swelling Spiral Galaxy;2026-04-22;22:08:48;45.36;180.00;S;Oui;Oui;6.01;35.6;76.86
M63;Sunflower Galaxy;2026-04-22;23:02:33;82.91;180.00;S;Oui;Oui;6.05;36.1;73.04
M64;Black Eye Galaxy;2026-04-22;22:43:31;62.57;180.00;S;Oui;Oui;6.04;35.9;77.06
M65;Leo Triplet;2026-04-22;21:05:59;53.98;180.00;S;Oui;Oui;5.96;35.1;59.76
M66;Leo Triplet;2026-04-22;21:07:18;53.87;180.00;S;Oui;Oui;5.96;35.2;60.08
M68;;2026-04-22;22:26:18;14.14;180.00;S;Oui;Oui;6.02;35.8;94.87
M83;Southern Pinwheel Galaxy;2026-04-22;23:23:42;11.02;180.00;S;Oui;Oui;6.07;36.2;107.14
M84;;2026-04-22;22:11:56;53.77;180.00;S;Oui;Oui;6.01;35.7;73.96
M85;;2026-04-22;22:12:16;59.07;180.00;S;Oui;Oui;6.01;35.7;71.93
M86;;2026-04-22;22:13:04;53.83;180.00;S;Oui;Oui;6.01;35.7;74.18
M87;Virgo A;2026-04-22;22:17:41;53.27;180.00;S;Oui;Oui;6.02;35.7;75.39
M88;;2026-04-22;22:18:51;55.30;180.00;S;Oui;Oui;6.02;35.7;74.81
M89;;2026-04-22;22:22:31;53.44;180.00;S;Oui;Oui;6.02;35.7;76.35
M90;Carabin Galaxy;2026-04-22;22:23:40;54.05;180.00;S;Oui;Oui;6.02;35.7;76.35
M91;;2026-04-22;22:22:17;55.38;180.00;S;Oui;Oui;6.02;35.7;75.51
M94;Crocodile Eye;2026-04-22;22:37:41;82.00;180.00;S;Oui;Oui;6.03;35.9;69.09
M97;Owl Nebula;2026-04-22;21:01:52;84.10;0.00;N;Oui;Oui;5.96;35.1;52.37
M98;;2026-04-22;22:00:43;55.78;180.00;S;Oui;Oui;6.00;35.6;70.76
M99;St. Catherine's Wheel;2026-04-22;22:05:43;55.30;180.00;S;Oui;Oui;6.01;35.6;72.02
M100;Mirror Galaxy;2026-04-22;22:09:48;56.71;180.00;S;Oui;Oui;6.01;35.6;72.33
M101;Pinwheel Galaxy;2026-04-22;23:49:49;84.77;360.00;N;Oui;Oui;6.09;36.4;75.38
M104;Sombrero Galaxy;2026-04-22;22:26:49;29.26;180.00;S;Oui;Oui;6.02;35.8;88.01
M106;;2026-04-22;22:05:51;88.19;180.00;S;Oui;Oui;6.01;35.6;62.28
M109;Vacuum Cleaner Galaxy;2026-04-22;21:44:33;85.74;0.00;N;Oui;Oui;5.99;35.4;58.34
M3;;2026-04-23;23:24:56;69.26;180.00;S;Oui;Oui;7.17;47.7;72.26
M40;Winnecke 4;2026-04-23;22:05:10;81.03;0.00;N;Oui;Oui;7.11;47.1;56.07
M49;;2026-04-23;22:12:42;48.88;180.00;S;Oui;Oui;7.11;47.1;63.08
M51;Whirlpool Galaxy;2026-04-23;23:12:39;88.08;180.00;S;Oui;Oui;7.16;47.6;65.83
M53;;2026-04-23;22:55:44;59.05;180.00;S;Oui;Oui;7.14;47.5;69.14
M58;;2026-04-23;22:20:38;52.70;180.00;S;Oui;Oui;7.12;47.2;63.47
M59;;2026-04-23;22:24:56;52.53;180.00;S;Oui;Oui;7.12;47.2;64.49
M60;;2026-04-23;22:26:33;52.44;180.00;S;Oui;Oui;7.12;47.2;64.88
M61;Swelling Spiral Galaxy;2026-04-23;22:04:52;45.36;180.00;S;Oui;Oui;7.11;47.1;62.71
M63;Sunflower Galaxy;2026-04-23;22:58:38;82.91;180.00;S;Oui;Oui;7.15;47.5;64.17
M64;Black Eye Galaxy;2026-04-23;22:39:35;62.57;180.00;S;Oui;Oui;7.13;47.3;64.60
M65;Leo Triplet;2026-04-23;21:02:03;53.98;180.00;S;Oui;Oui;7.06;46.6;45.68
M66;Leo Triplet;2026-04-23;21:03:22;53.87;180.00;S;Oui;Oui;7.06;46.6;46.01
M68;;2026-04-23;22:22:22;14.14;180.00;S;Oui;Oui;7.12;47.2;81.17
M83;Southern Pinwheel Galaxy;2026-04-23;23:19:46;11.02;180.00;S;Oui;Oui;7.16;47.7;93.26
M84;;2026-04-23;22:08:00;53.77;180.00;S;Oui;Oui;7.11;47.1;60.32
M85;;2026-04-23;22:08:20;59.07;180.00;S;Oui;Oui;7.11;47.1;58.77
M86;;2026-04-23;22:09:08;53.83;180.00;S;Oui;Oui;7.11;47.1;60.55
M87;Virgo A;2026-04-23;22:13:45;53.27;180.00;S;Oui;Oui;7.11;47.1;61.76
M88;;2026-04-23;22:14:55;55.30;180.00;S;Oui;Oui;7.11;47.1;61.35
M89;;2026-04-23;22:18:35;53.44;180.00;S;Oui;Oui;7.12;47.2;62.77
M90;Carabin Galaxy;2026-04-23;22:19:44;54.05;180.00;S;Oui;Oui;7.12;47.2;62.83
M91;;2026-04-23;22:18:21;55.38;180.00;S;Oui;Oui;7.12;47.2;62.09
M94;Crocodile Eye;2026-04-23;22:33:45;82.00;180.00;S;Oui;Oui;7.13;47.3;59.79
M98;;2026-04-23;21:56:47;55.78;180.00;S;Oui;Oui;7.10;47.0;57.19
M99;St. Catherine's Wheel;2026-04-23;22:01:47;55.30;180.00;S;Oui;Oui;7.10;47.0;58.45
M100;Mirror Galaxy;2026-04-23;22:05:52;56.71;180.00;S;Oui;Oui;7.11;47.1;58.92
M101;Pinwheel Galaxy;2026-04-23;23:45:53;84.77;0.00;N;Oui;Oui;7.18;47.9;69.71
M104;Sombrero Galaxy;2026-04-23;22:22:53;29.26;180.00;S;Oui;Oui;7.12;47.2;73.71
M106;;2026-04-23;22:01:55;88.19;180.00;S;Oui;Oui;7.10;47.0;54.18
M109;Vacuum Cleaner Galaxy;2026-04-23;21:40:37;85.74;360.00;N;Oui;Oui;7.09;46.9;51.79
M3;;2026-04-24;23:21:00;69.26;180.00;S;Oui;Oui;8.24;59.0;61.98
M40;Winnecke 4;2026-04-24;22:01:14;81.03;360.00;N;Oui;Oui;8.18;58.4;52.97
M49;;2026-04-24;22:08:47;48.88;180.00;S;Oui;Oui;8.18;58.5;49.51
M51;Whirlpool Galaxy;2026-04-24;23:08:43;88.08;180.00;S;Oui;Oui;8.23;58.9;59.52
M53;;2026-04-24;22:51:48;59.05;180.00;S;Oui;Oui;8.21;58.8;56.99
M58;;2026-04-24;22:16:42;52.70;180.00;S;Oui;Oui;8.19;58.5;50.30
M59;;2026-04-24;22:21:00;52.53;180.00;S;Oui;Oui;8.19;58.6;51.32
M60;;2026-04-24;22:22:37;52.44;180.00;S;Oui;Oui;8.19;58.6;51.72
M61;Swelling Spiral Galaxy;2026-04-24;22:00:56;45.36;180.00;S;Oui;Oui;8.18;58.4;48.88
M63;Sunflower Galaxy;2026-04-24;22:54:42;82.91;180.00;S;Oui;Oui;8.22;58.8;56.57
M64;Black Eye Galaxy;2026-04-24;22:35:39;62.57;180.00;S;Oui;Oui;8.20;58.7;52.83
M68;;2026-04-24;22:18:26;14.14;180.00;S;Oui;Oui;8.19;58.5;67.77
M83;Southern Pinwheel Galaxy;2026-04-24;23:15:50;11.02;180.00;S;Oui;Oui;8.23;59.0;79.63
M84;;2026-04-24;22:04:04;53.77;180.00;S;Oui;Oui;8.18;58.4;47.15
M85;;2026-04-24;22:04:25;59.07;180.00;S;Oui;Oui;8.18;58.4;46.24
M86;;2026-04-24;22:05:12;53.83;180.00;S;Oui;Oui;8.18;58.4;47.40
M87;Virgo A;2026-04-24;22:09:49;53.27;180.00;S;Oui;Oui;8.18;58.5;48.58
M88;;2026-04-24;22:10:59;55.30;180.00;S;Oui;Oui;8.18;58.5;48.40
M89;;2026-04-24;22:14:39;53.44;180.00;S;Oui;Oui;8.19;58.5;49.65
M90;Carabin Galaxy;2026-04-24;22:15:49;54.05;180.00;S;Oui;Oui;8.19;58.5;49.78
M91;;2026-04-24;22:14:25;55.38;180.00;S;Oui;Oui;8.19;58.5;49.17
M94;Crocodile Eye;2026-04-24;22:29:50;82.00;180.00;S;Oui;Oui;8.20;58.6;51.95
M98;;2026-04-24;21:52:51;55.78;180.00;S;Oui;Oui;8.17;58.3;44.16
M99;St. Catherine's Wheel;2026-04-24;21:57:51;55.30;180.00;S;Oui;Oui;8.17;58.4;45.40
M100;Mirror Galaxy;2026-04-24;22:01:56;56.71;180.00;S;Oui;Oui;8.18;58.4;46.06
M101;Pinwheel Galaxy;2026-04-24;23:41:57;84.77;0.00;N;Oui;Oui;8.25;59.2;65.26
M104;Sombrero Galaxy;2026-04-24;22:18:58;29.26;180.00;S;Oui;Oui;8.19;58.5;59.67
M106;;2026-04-24;21:57:59;88.19;180.00;S;Oui;Oui;8.18;58.4;48.11
M109;Vacuum Cleaner Galaxy;2026-04-24;21:36:41;85.74;0.00;N;Oui;Oui;8.16;58.2;47.69
M3;;2026-04-25;23:17:04;69.26;180.00;S;Oui;Oui;9.28;69.6;52.84
M40;Winnecke 4;2026-04-25;21:57:18;81.03;360.00;N;Oui;Oui;9.22;69.1;52.39
M49;;2026-04-25;22:04:51;48.88;180.00;S;Oui;Oui;9.23;69.1;36.49
M51;Whirlpool Galaxy;2026-04-25;23:04:47;88.08;180.00;S;Oui;Oui;9.27;69.6;55.00
M53;;2026-04-25;22:47:52;59.05;180.00;S;Oui;Oui;9.26;69.4;45.76
M58;;2026-04-25;22:12:46;52.70;180.00;S;Oui;Oui;9.23;69.2;37.83
M59;;2026-04-25;22:17:04;52.53;180.00;S;Oui;Oui;9.24;69.2;38.86
M60;;2026-04-25;22:18:41;52.44;180.00;S;Oui;Oui;9.24;69.2;39.25
M61;Swelling Spiral Galaxy;2026-04-25;21:57:00;45.36;180.00;S;Oui;Oui;9.22;69.1;35.47
M63;Sunflower Galaxy;2026-04-25;22:50:46;82.91;180.00;S;Oui;Oui;9.26;69.5;50.84
M64;Black Eye Galaxy;2026-04-25;22:31:43;62.57;180.00;S;Oui;Oui;9.25;69.3;42.22
M68;;2026-04-25;22:14:30;14.14;180.00;S;Oui;Oui;9.24;69.2;54.80
M83;Southern Pinwheel Galaxy;2026-04-25;23:11:54;11.02;180.00;S;Oui;Oui;9.28;69.6;66.33
M84;;2026-04-25;22:00:08;53.77;180.00;S;Oui;Oui;9.22;69.1;34.76
M85;;2026-04-25;22:00:29;59.07;180.00;S;Oui;Oui;9.23;69.1;34.83
M86;;2026-04-25;22:01:16;53.83;180.00;S;Oui;Oui;9.23;69.1;35.02
M87;Virgo A;2026-04-25;22:05:53;53.27;180.00;S;Oui;Oui;9.23;69.1;36.15
M88;;2026-04-25;22:07:03;55.30;180.00;S;Oui;Oui;9.23;69.1;36.31
M89;;2026-04-25;22:10:43;53.44;180.00;S;Oui;Oui;9.23;69.2;37.28
M90;Carabin Galaxy;2026-04-25;22:11:53;54.05;180.00;S;Oui;Oui;9.23;69.2;37.51
M91;;2026-04-25;22:10:29;55.38;180.00;S;Oui;Oui;9.23;69.2;37.11
M94;Crocodile Eye;2026-04-25;22:25:54;82.00;180.00;S;Oui;Oui;9.24;69.3;46.27
M98;;2026-04-25;21:48:55;55.78;180.00;S;Oui;Oui;9.22;69.0;32.04
M99;St. Catherine's Wheel;2026-04-25;21:53:55;55.30;180.00;S;Oui;Oui;9.22;69.1;33.23
M100;Mirror Galaxy;2026-04-25;21:58:00;56.71;180.00;S;Oui;Oui;9.22;69.1;34.17
M101;Pinwheel Galaxy;2026-04-25;23:38:01;84.77;360.00;N;Oui;Oui;9.30;69.8;62.33
M104;Sombrero Galaxy;2026-04-25;22:15:02;29.26;180.00;S;Oui;Oui;9.24;69.2;45.95
M106;;2026-04-25;21:54:03;88.19;180.00;S;Oui;Oui;9.22;69.1;44.79
M109;Vacuum Cleaner Galaxy;2026-04-25;21:32:45;85.74;0.00;N;Oui;Oui;9.21;68.9;46.58
M3;;2026-04-26;23:13:08;69.26;180.00;S;Oui;Oui;10.30;79.0;45.43
M40;Winnecke 4;2026-04-26;21:53:22;81.03;0.00;N;Oui;Oui;10.24;78.6;54.25
M49;;2026-04-26;22:00:55;48.88;180.00;S;Oui;Oui;10.25;78.6;24.44
M51;Whirlpool Galaxy;2026-04-26;23:00:51;88.08;180.00;S;Oui;Oui;10.29;79.0;52.66
M53;;2026-04-26;22:43:56;59.05;180.00;S;Oui;Oui;10.28;78.9;36.06
M58;;2026-04-26;22:08:50;52.70;180.00;S;Oui;Oui;10.25;78.7;26.67
M59;;2026-04-26;22:13:08;52.53;180.00;S;Oui;Oui;10.25;78.7;27.66
M60;;2026-04-26;22:14:45;52.44;180.00;S;Oui;Oui;10.26;78.7;28.03
M61;Swelling Spiral Galaxy;2026-04-26;21:53:04;45.36;180.00;S;Oui;Oui;10.24;78.6;22.72
M63;Sunflower Galaxy;2026-04-26;22:46:50;82.91;180.00;S;Oui;Oui;10.28;78.9;47.52
M64;Black Eye Galaxy;2026-04-26;22:27:47;62.57;180.00;S;Oui;Oui;10.26;78.8;33.62
M68;;2026-04-26;22:10:34;14.14;180.00;S;Oui;Oui;10.25;78.7;42.45
M83;Southern Pinwheel Galaxy;2026-04-26;23:07:58;11.02;180.00;S;Oui;Oui;10.29;79.0;53.46
M84;;2026-04-26;21:56:13;53.77;180.00;S;Oui;Oui;10.24;78.6;23.91
M85;;2026-04-26;21:56:33;59.07;180.00;S;Oui;Oui;10.24;78.6;25.64
M86;;2026-04-26;21:57:20;53.83;180.00;S;Oui;Oui;10.24;78.6;24.19
M87;Virgo A;2026-04-26;22:01:57;53.27;180.00;S;Oui;Oui;10.25;78.6;25.15
M88;;2026-04-26;22:03:07;55.30;180.00;S;Oui;Oui;10.25;78.6;25.86
M89;;2026-04-26;22:06:47;53.44;180.00;S;Oui;Oui;10.25;78.6;26.31
M90;Carabin Galaxy;2026-04-26;22:07:57;54.05;180.00;S;Oui;Oui;10.25;78.7;26.69
M91;;2026-04-26;22:06:34;55.38;180.00;S;Oui;Oui;10.25;78.6;26.67
M94;Crocodile Eye;2026-04-26;22:21:58;82.00;180.00;S;Oui;Oui;10.26;78.7;43.44
M98;;2026-04-26;21:44:59;55.78;180.00;S;Oui;Oui;10.23;78.5;21.91
M99;St. Catherine's Wheel;2026-04-26;21:49:59;55.30;180.00;S;Oui;Oui;10.24;78.5;22.88
M100;Mirror Galaxy;2026-04-26;21:54:04;56.71;180.00;S;Oui;Oui;10.24;78.6;24.23
M101;Pinwheel Galaxy;2026-04-26;23:34:05;84.77;0.00;N;Oui;Oui;10.31;79.2;61.09
M104;Sombrero Galaxy;2026-04-26;22:11:06;29.26;180.00;S;Oui;Oui;10.25;78.7;32.59
M106;;2026-04-26;21:50:07;88.19;180.00;S;Oui;Oui;10.24;78.5;44.66
M109;Vacuum Cleaner Galaxy;2026-04-26;21:28:49;85.74;360.00;N;Oui;Oui;10.22;78.4;48.46
M3;;2026-04-27;23:09:12;69.26;180.00;S;Oui;Oui;11.29;86.9;40.51
M40;Winnecke 4;2026-04-27;21:49:26;81.03;360.00;N;Oui;Oui;11.23;86.5;58.12
M49;;2026-04-27;21:56:59;48.88;180.00;S;Oui;Oui;11.24;86.5;14.93
M51;Whirlpool Galaxy;2026-04-27;22:56:55;88.08;180.00;S;Oui;Oui;11.28;86.8;52.63
M53;;2026-04-27;22:40:00;59.05;180.00;S;Oui;Oui;11.27;86.8;29.08
M58;;2026-04-27;22:04:54;52.70;180.00;S;Oui;Oui;11.24;86.6;18.61
M59;;2026-04-27;22:09:12;52.53;180.00;S;Oui;Oui;11.25;86.6;19.36
M60;;2026-04-27;22:10:49;52.44;180.00;S;Oui;Oui;11.25;86.6;19.63
M61;Swelling Spiral Galaxy;2026-04-27;21:49:08;45.36;180.00;S;Oui;Oui;11.23;86.5;11.74
M63;Sunflower Galaxy;2026-04-27;22:42:54;82.91;180.00;S;Oui;Oui;11.27;86.8;46.95
M64;Black Eye Galaxy;2026-04-27;22:23:51;62.57;180.00;S;Oui;Oui;11.26;86.7;28.49
M68;;2026-04-27;22:06:39;14.14;180.00;S;Oui;Oui;11.24;86.6;31.06
M83;Southern Pinwheel Galaxy;2026-04-27;23:04:02;11.02;180.00;S;Oui;Oui;11.28;86.9;41.11
M84;;2026-04-27;21:52:17;53.77;180.00;S;Oui;Oui;11.23;86.5;16.99
M85;;2026-04-27;21:52:37;59.07;180.00;S;Oui;Oui;11.23;86.5;21.13
M86;;2026-04-27;21:53:24;53.83;180.00;S;Oui;Oui;11.23;86.5;17.22
M87;Virgo A;2026-04-27;21:58:01;53.27;180.00;S;Oui;Oui;11.24;86.6;17.66
M88;;2026-04-27;21:59:11;55.30;180.00;S;Oui;Oui;11.24;86.6;19.25
M89;;2026-04-27;22:02:51;53.44;180.00;S;Oui;Oui;11.24;86.6;18.66
M90;Carabin Galaxy;2026-04-27;22:04:01;54.05;180.00;S;Oui;Oui;11.24;86.6;19.26
M91;;2026-04-27;22:02:38;55.38;180.00;S;Oui;Oui;11.24;86.6;19.89
M94;Crocodile Eye;2026-04-27;22:18:02;82.00;180.00;S;Oui;Oui;11.25;86.7;43.79
M98;;2026-04-27;21:41:03;55.78;180.00;S;Oui;Oui;11.23;86.5;16.85
M99;St. Catherine's Wheel;2026-04-27;21:46:04;55.30;180.00;S;Oui;Oui;11.23;86.5;17.16
M100;Mirror Galaxy;2026-04-27;21:50:08;56.71;180.00;S;Oui;Oui;11.23;86.5;18.87
M101;Pinwheel Galaxy;2026-04-27;23:30:09;84.77;360.00;N;Oui;Oui;11.30;87.0;61.53
M104;Sombrero Galaxy;2026-04-27;22:07:10;29.26;180.00;S;Oui;Oui;11.24;86.6;19.63
M106;;2026-04-27;21:46:11;88.19;180.00;S;Oui;Oui;11.23;86.5;47.52
M109;Vacuum Cleaner Galaxy;2026-04-27;21:24:53;85.74;0.00;N;Oui;Oui;11.22;86.4;52.80
M3;;2026-04-28;23:05:16;69.26;180.00;S;Oui;Oui;12.25;93.0;38.81
M40;Winnecke 4;2026-04-28;21:45:30;81.03;360.00;N;Oui;Oui;12.20;92.7;63.46
M49;;2026-04-28;21:53:03;48.88;180.00;S;Oui;Oui;12.20;92.7;13.52
M51;Whirlpool Galaxy;2026-04-28;22:52:59;88.08;180.00;S;Oui;Oui;12.24;92.9;54.77
M53;;2026-04-28;22:36:04;59.05;180.00;S;Oui;Oui;12.23;92.9;26.61
M58;;2026-04-28;22:00:58;52.70;180.00;S;Oui;Oui;12.21;92.7;17.63
M59;;2026-04-28;22:05:17;52.53;180.00;S;Oui;Oui;12.21;92.8;17.73
M60;;2026-04-28;22:06:54;52.44;180.00;S;Oui;Oui;12.21;92.8;17.75
M61;Swelling Spiral Galaxy;2026-04-28;21:45:12;45.36;180.00;S;Oui;Oui;12.20;92.7;9.85
M63;Sunflower Galaxy;2026-04-28;22:38:58;82.91;180.00;S;Oui;Oui;12.23;92.9;49.05
M64;Black Eye Galaxy;2026-04-28;22:19:56;62.57;180.00;S;Oui;Oui;12.22;92.8;28.38
M68;;2026-04-28;22:02:43;14.14;180.00;S;Oui;Oui;12.21;92.7;21.65
M83;Southern Pinwheel Galaxy;2026-04-28;23:00:06;11.02;180.00;S;Oui;Oui;12.25;93.0;29.54
M84;;2026-04-28;21:48:21;53.77;180.00;S;Oui;Oui;12.20;92.7;18.28
M85;;2026-04-28;21:48:41;59.07;180.00;S;Oui;Oui;12.20;92.7;23.59
M86;;2026-04-28;21:49:29;53.83;180.00;S;Oui;Oui;12.20;92.7;18.36
M87;Virgo A;2026-04-28;21:54:05;53.27;180.00;S;Oui;Oui;12.20;92.7;17.91
M88;;2026-04-28;21:55:15;55.30;180.00;S;Oui;Oui;12.21;92.7;19.96
M89;;2026-04-28;21:58:55;53.44;180.00;S;Oui;Oui;12.21;92.7;18.26
M90;Carabin Galaxy;2026-04-28;22:00:05;54.05;180.00;S;Oui;Oui;12.21;92.7;18.91
M91;;2026-04-28;21:58:42;55.38;180.00;S;Oui;Oui;12.21;92.7;20.16
M94;Crocodile Eye;2026-04-28;22:14:06;82.00;180.00;S;Oui;Oui;12.22;92.8;47.03
M98;;2026-04-28;21:37:07;55.78;180.00;S;Oui;Oui;12.19;92.7;20.36
M99;St. Catherine's Wheel;2026-04-28;21:42:08;55.30;180.00;S;Oui;Oui;12.20;92.7;19.80
M100;Mirror Galaxy;2026-04-28;21:46:12;56.71;180.00;S;Oui;Oui;12.20;92.7;21.20
M101;Pinwheel Galaxy;2026-04-28;23:26:14;84.77;360.00;N;Oui;Oui;12.27;93.0;63.49
M104;Sombrero Galaxy;2026-04-28;22:03:14;29.26;180.00;S;Oui;Oui;12.21;92.7;7.43
M106;;2026-04-28;21:42:15;88.19;180.00;S;Oui;Oui;12.20;92.7;52.67
M109;Vacuum Cleaner Galaxy;2026-04-28;21:20:57;85.74;0.00;N;Oui;Oui;12.18;92.6;58.87
M3;;2026-04-29;23:01:20;69.26;180.00;S;Oui;Oui;13.20;97.1;40.49
M40;Winnecke 4;2026-04-29;21:41:34;81.03;0.00;N;Oui;Oui;13.14;97.0;69.77
M49;;2026-04-29;21:49:07;48.88;180.00;S;Oui;Oui;13.15;97.0;21.32
M51;Whirlpool Galaxy;2026-04-29;22:49:03;88.08;180.00;S;Oui;Oui;13.19;97.1;58.68
M53;;2026-04-29;22:32:09;59.05;180.00;S;Oui;Oui;13.18;97.1;29.43
M58;;2026-04-29;21:57:03;52.70;180.00;S;Oui;Oui;13.15;97.0;24.15
M59;;2026-04-29;22:01:21;52.53;180.00;S;Oui;Oui;13.16;97.0;23.70
M60;;2026-04-29;22:02:58;52.44;180.00;S;Oui;Oui;13.16;97.0;23.51
M61;Swelling Spiral Galaxy;2026-04-29;21:41:16;45.36;180.00;S;Oui;Oui;13.14;97.0;19.26
M63;Sunflower Galaxy;2026-04-29;22:35:02;82.91;180.00;S;Oui;Oui;13.18;97.1;53.31
M64;Black Eye Galaxy;2026-04-29;22:16:00;62.57;180.00;S;Oui;Oui;13.17;97.0;33.01
M68;;2026-04-29;21:58:47;14.14;180.00;S;Oui;Oui;13.16;97.0;17.03
M83;Southern Pinwheel Galaxy;2026-04-29;22:56:10;11.02;180.00;S;Oui;Oui;13.19;97.1;19.55
M84;;2026-04-29;21:44:25;53.77;180.00;S;Oui;Oui;13.15;97.0;26.20
M85;;2026-04-29;21:44:45;59.07;180.00;S;Oui;Oui;13.15;97.0;31.08
M86;;2026-04-29;21:45:33;53.83;180.00;S;Oui;Oui;13.15;97.0;26.15
M87;Virgo A;2026-04-29;21:50:10;53.27;180.00;S;Oui;Oui;13.15;97.0;25.23
M88;;2026-04-29;21:51:19;55.30;180.00;S;Oui;Oui;13.15;97.0;27.04
M89;;2026-04-29;21:54:59;53.44;180.00;S;Oui;Oui;13.15;97.0;25.00
M90;Carabin Galaxy;2026-04-29;21:56:09;54.05;180.00;S;Oui;Oui;13.15;97.0;25.49
M91;;2026-04-29;21:54:46;55.38;180.00;S;Oui;Oui;13.15;97.0;26.86
M94;Crocodile Eye;2026-04-29;22:10:10;82.00;180.00;S;Oui;Oui;13.16;97.0;52.45
M98;;2026-04-29;21:33:11;55.78;180.00;S;Oui;Oui;13.14;96.9;29.14
M99;St. Catherine's Wheel;2026-04-29;21:38:12;55.30;180.00;S;Oui;Oui;13.14;97.0;28.19
M100;Mirror Galaxy;2026-04-29;21:42:16;56.71;180.00;S;Oui;Oui;13.14;97.0;29.08
M101;Pinwheel Galaxy;2026-04-29;23:22:18;84.77;0.00;N;Oui;Oui;13.21;97.2;66.72
M104;Sombrero Galaxy;2026-04-29;21:59:18;29.26;180.00;S;Oui;Oui;13.16;97.0;6.95
M106;;2026-04-29;21:38:20;88.19;180.00;S;Oui;Oui;13.14;97.0;59.35
M3;;2026-04-30;22:57:24;69.26;180.00;S;Oui;Oui;14.12;99.4;44.99
M40;Winnecke 4;2026-04-30;21:37:38;81.03;360.00;N;Oui;Oui;14.07;99.3;76.66
M49;;2026-04-30;21:45:11;48.88;180.00;S;Oui;Oui;14.08;99.3;31.93
M51;Whirlpool Galaxy;2026-04-30;22:45:07;88.08;180.00;S;Oui;Oui;14.11;99.4;63.90
M53;;2026-04-30;22:28:13;59.05;180.00;S;Oui;Oui;14.10;99.4;36.09
M58;;2026-04-30;21:53:07;52.70;180.00;S;Oui;Oui;14.08;99.3;33.84
M59;;2026-04-30;21:57:25;52.53;180.00;S;Oui;Oui;14.08;99.3;33.14
M60;;2026-04-30;21:59:02;52.44;180.00;S;Oui;Oui;14.09;99.3;32.86
M61;Swelling Spiral Galaxy;2026-04-30;21:37:21;45.36;180.00;S;Oui;Oui;14.07;99.3;30.68
M63;Sunflower Galaxy;2026-04-30;22:31:06;82.91;180.00;S;Oui;Oui;14.11;99.4;59.13
M64;Black Eye Galaxy;2026-04-30;22:12:04;62.57;180.00;S;Oui;Oui;14.09;99.4;40.58
M68;;2026-04-30;21:54:51;14.14;180.00;S;Oui;Oui;14.08;99.3;20.23
M83;Southern Pinwheel Galaxy;2026-04-30;22:52:14;11.02;180.00;S;Oui;Oui;14.12;99.4;14.08
M84;;2026-04-30;21:40:29;53.77;180.00;S;Oui;Oui;14.07;99.3;36.43
M85;;2026-04-30;21:40:49;59.07;180.00;S;Oui;Oui;14.07;99.3;40.70
M86;;2026-04-30;21:41:37;53.83;180.00;S;Oui;Oui;14.07;99.3;36.31
M87;Virgo A;2026-04-30;21:46:14;53.27;180.00;S;Oui;Oui;14.08;99.3;35.23
M88;;2026-04-30;21:47:23;55.30;180.00;S;Oui;Oui;14.08;99.3;36.73
M89;;2026-04-30;21:51:03;53.44;180.00;S;Oui;Oui;14.08;99.3;34.72
M90;Carabin Galaxy;2026-04-30;21:52:13;54.05;180.00;S;Oui;Oui;14.08;99.3;35.07
M91;;2026-04-30;21:50:50;55.38;180.00;S;Oui;Oui;14.08;99.3;36.36
M94;Crocodile Eye;2026-04-30;22:06:14;82.00;180.00;S;Oui;Oui;14.09;99.3;59.29
M98;;2026-04-30;21:29:15;55.78;180.00;S;Oui;Oui;14.07;99.3;39.62
M99;St. Catherine's Wheel;2026-04-30;21:34:16;55.30;180.00;S;Oui;Oui;14.07;99.3;38.52
M100;Mirror Galaxy;2026-04-30;21:38:20;56.71;180.00;S;Oui;Oui;14.07;99.3;39.07
M101;Pinwheel Galaxy;2026-04-30;23:18:22;84.77;360.00;N;Oui;Oui;14.14;99.4;70.92
M104;Sombrero Galaxy;2026-04-30;21:55:22;29.26;180.00;S;Oui;Oui;14.08;99.3;18.57
M106;;2026-04-30;21:34:24;88.19;180.00;S;Oui;Oui;14.07;99.3;66.95
M3;;2026-05-01;22:53:28;69.26;180.00;S;Oui;Oui;15.04;99.7;51.44
M40;Winnecke 4;2026-05-01;21:33:42;81.03;360.00;N;Oui;Oui;14.98;99.8;83.84
M49;;2026-05-01;21:41:15;48.88;180.00;S;Oui;Oui;14.99;99.8;43.18
M51;Whirlpool Galaxy;2026-05-01;22:41:11;88.08;180.00;S;Oui;Oui;15.03;99.7;70.02
M53;;2026-05-01;22:24:17;59.05;180.00;S;Oui;Oui;15.02;99.8;44.74
M58;;2026-05-01;21:49:11;52.70;180.00;S;Oui;Oui;14.99;99.8;44.52
M59;;2026-05-01;21:53:29;52.53;180.00;S;Oui;Oui;15.00;99.8;43.71
M60;;2026-05-01;21:55:06;52.44;180.00;S;Oui;Oui;15.00;99.8;43.38
M61;Swelling Spiral Galaxy;2026-05-01;21:33:25;45.36;180.00;S;Oui;Oui;14.98;99.8;42.35
M63;Sunflower Galaxy;2026-05-01;22:27:10;82.91;180.00;S;Oui;Oui;15.02;99.8;65.97
M64;Black Eye Galaxy;2026-05-01;22:08:08;62.57;180.00;S;Oui;Oui;15.01;99.8;49.62
M68;;2026-05-01;21:50:55;14.14;180.00;S;Oui;Oui;15.00;99.8;28.49
M83;Southern Pinwheel Galaxy;2026-05-01;22:48:18;11.02;180.00;S;Oui;Oui;15.03;99.7;17.46
M84;;2026-05-01;21:36:33;53.77;180.00;S;Oui;Oui;14.99;99.8;47.34
M85;;2026-05-01;21:36:53;59.07;180.00;S;Oui;Oui;14.99;99.8;51.13
M86;;2026-05-01;21:37:41;53.83;180.00;S;Oui;Oui;14.99;99.8;47.20
M87;Virgo A;2026-05-01;21:42:18;53.27;180.00;S;Oui;Oui;14.99;99.8;46.05
M88;;2026-05-01;21:43:27;55.30;180.00;S;Oui;Oui;14.99;99.8;47.33
M89;;2026-05-01;21:47:07;53.44;180.00;S;Oui;Oui;14.99;99.8;45.38
M90;Carabin Galaxy;2026-05-01;21:48:17;54.05;180.00;S;Oui;Oui;14.99;99.8;45.64
M91;;2026-05-01;21:46:54;55.38;180.00;S;Oui;Oui;14.99;99.8;46.85
M94;Crocodile Eye;2026-05-01;22:02:18;82.00;180.00;S;Oui;Oui;15.00;99.8;67.01
M98;;2026-05-01;21:25:19;55.78;180.00;S;Oui;Oui;14.98;99.8;50.62
M99;St. Catherine's Wheel;2026-05-01;21:30:20;55.30;180.00;S;Oui;Oui;14.98;99.8;49.45
M100;Mirror Galaxy;2026-05-01;21:34:25;56.71;180.00;S;Oui;Oui;14.99;99.8;49.78
M101;Pinwheel Galaxy;2026-05-01;23:14:26;84.77;360.00;N;Oui;Oui;15.05;99.7;75.81
M104;Sombrero Galaxy;2026-05-01;21:51:26;29.26;180.00;S;Oui;Oui;15.00;99.8;30.49
M106;;2026-05-01;21:30:28;88.19;180.00;S;Oui;Oui;14.98;99.8;75.07
M3;;2026-05-02;22:49:32;69.26;180.00;S;Oui;Oui;15.94;98.3;59.12
M40;Winnecke 4;2026-05-02;21:29:46;81.03;0.00;N;Oui;Oui;15.89;98.4;91.11
M49;;2026-05-02;21:37:19;48.88;180.00;S;Oui;Oui;15.89;98.4;54.58
M51;Whirlpool Galaxy;2026-05-02;22:37:15;88.08;180.00;S;Oui;Oui;15.93;98.3;76.72
M53;;2026-05-02;22:20:21;59.05;180.00;S;Oui;Oui;15.92;98.3;54.35
M58;;2026-05-02;21:45:15;52.70;180.00;S;Oui;Oui;15.90;98.4;55.54
M59;;2026-05-02;21:49:33;52.53;180.00;S;Oui;Oui;15.90;98.4;54.66
M60;;2026-05-02;21:51:10;52.44;180.00;S;Oui;Oui;15.90;98.4;54.31
M61;Swelling Spiral Galaxy;2026-05-02;21:29:29;45.36;180.00;S;Oui;Oui;15.89;98.4;54.03
M63;Sunflower Galaxy;2026-05-02;22:23:14;82.91;180.00;S;Oui;Oui;15.92;98.3;73.45
M64;Black Eye Galaxy;2026-05-02;22:04:12;62.57;180.00;S;Oui;Oui;15.91;98.3;59.38
M68;;2026-05-02;21:46:59;14.14;180.00;S;Oui;Oui;15.90;98.4;38.56
M83;Southern Pinwheel Galaxy;2026-05-02;22:44:22;11.02;180.00;S;Oui;Oui;15.93;98.3;26.27
M84;;2026-05-02;21:32:37;53.77;180.00;S;Oui;Oui;15.89;98.4;58.49
M85;;2026-05-02;21:32:57;59.07;180.00;S;Oui;Oui;15.89;98.4;61.88
M86;;2026-05-02;21:33:45;53.83;180.00;S;Oui;Oui;15.89;98.4;58.33
M87;Virgo A;2026-05-02;21:38:22;53.27;180.00;S;Oui;Oui;15.89;98.4;57.14
M88;;2026-05-02;21:39:31;55.30;180.00;S;Oui;Oui;15.89;98.4;58.25
M89;;2026-05-02;21:43:11;53.44;180.00;S;Oui;Oui;15.90;98.4;56.38
M90;Carabin Galaxy;2026-05-02;21:44:21;54.05;180.00;S;Oui;Oui;15.90;98.4;56.58
M91;;2026-05-02;21:42:58;55.38;180.00;S;Oui;Oui;15.90;98.4;57.70
M94;Crocodile Eye;2026-05-02;21:58:22;82.00;180.00;S;Oui;Oui;15.91;98.3;75.22
M99;St. Catherine's Wheel;2026-05-02;21:26:24;55.30;180.00;S;Oui;Oui;15.89;98.4;60.58
M100;Mirror Galaxy;2026-05-02;21:30:29;56.71;180.00;S;Oui;Oui;15.89;98.4;60.76
M101;Pinwheel Galaxy;2026-05-02;23:10:30;84.77;0.00;N;Oui;Oui;15.95;98.2;81.16
M104;Sombrero Galaxy;2026-05-02;21:47:30;29.26;180.00;S;Oui;Oui;15.90;98.4;42.35
M106;;2026-05-02;21:26:32;88.19;180.00;S;Oui;Oui;15.89;98.4;83.44
M3;;2026-05-03;22:45:36;69.26;180.00;S;Oui;Oui;16.83;95.1;67.53
M49;;2026-05-03;21:33:23;48.88;180.00;S;Oui;Non;16.79;95.3;66.04
M51;Whirlpool Galaxy;2026-05-03;22:33:20;88.08;180.00;S;Oui;Oui;16.82;95.1;83.75
M53;;2026-05-03;22:16:25;59.05;180.00;S;Oui;Oui;16.81;95.1;64.44
M58;;2026-05-03;21:41:19;52.70;180.00;S;Oui;Non;16.79;95.2;66.69
M59;;2026-05-03;21:45:37;52.53;180.00;S;Oui;Non;16.80;95.2;65.78
M60;;2026-05-03;21:47:14;52.44;180.00;S;Oui;Non;16.80;95.2;65.41
M63;Sunflower Galaxy;2026-05-03;22:19:18;82.91;180.00;S;Oui;Oui;16.82;95.1;81.30
M64;Black Eye Galaxy;2026-05-03;22:00:16;62.57;180.00;S;Oui;Oui;16.80;95.2;69.51
M68;;2026-05-03;21:43:03;14.14;180.00;S;Oui;Non;16.79;95.2;49.28
M83;Southern Pinwheel Galaxy;2026-05-03;22:40:27;11.02;180.00;S;Oui;Oui;16.83;95.1;36.71
M84;;2026-05-03;21:28:41;53.77;180.00;S;Oui;Non;16.78;95.3;69.73
M85;;2026-05-03;21:29:01;59.07;180.00;S;Oui;Non;16.78;95.3;72.78
M86;;2026-05-03;21:29:49;53.83;180.00;S;Oui;Non;16.79;95.3;69.55
M87;Virgo A;2026-05-03;21:34:26;53.27;180.00;S;Oui;Non;16.79;95.3;68.34
M88;;2026-05-03;21:35:36;55.30;180.00;S;Oui;Non;16.79;95.3;69.32
M89;;2026-05-03;21:39:16;53.44;180.00;S;Oui;Non;16.79;95.2;67.52
M90;Carabin Galaxy;2026-05-03;21:40:25;54.05;180.00;S;Oui;Non;16.79;95.2;67.66
M91;;2026-05-03;21:39:02;55.38;180.00;S;Oui;Non;16.79;95.2;68.72
M94;Crocodile Eye;2026-05-03;21:54:26;82.00;180.00;S;Oui;Oui;16.80;95.2;83.71
M101;Pinwheel Galaxy;2026-05-03;23:06:34;84.77;360.00;N;Oui;Oui;16.85;95.0;86.77
M104;Sombrero Galaxy;2026-05-03;21:43:34;29.26;180.00;S;Oui;Non;16.79;95.2;54.15
M3;;2026-05-04;22:41:41;69.26;180.00;S;Oui;Non;17.73;90.3;76.40
M51;Whirlpool Galaxy;2026-05-04;22:29:24;88.08;180.00;S;Oui;Non;17.72;90.3;90.93
M53;;2026-05-04;22:12:29;59.05;180.00;S;Oui;Non;17.71;90.4;74.81
M58;;2026-05-04;21:37:23;52.70;180.00;S;Oui;Non;17.69;90.5;77.93
M59;;2026-05-04;21:41:41;52.53;180.00;S;Oui;Non;17.69;90.5;76.98
M60;;2026-05-04;21:43:18;52.44;180.00;S;Oui;Non;17.69;90.5;76.61
M63;Sunflower Galaxy;2026-05-04;22:15:23;82.91;180.00;S;Oui;Non;17.71;90.4;89.33
M64;Black Eye Galaxy;2026-05-04;21:56:20;62.57;180.00;S;Oui;Non;17.70;90.4;79.84
M68;;2026-05-04;21:39:07;14.14;180.00;S;Oui;Non;17.69;90.5;60.30
M83;Southern Pinwheel Galaxy;2026-05-04;22:36:31;11.02;180.00;S;Oui;Non;17.72;90.3;47.71
M87;Virgo A;2026-05-04;21:30:30;53.27;180.00;S;Oui;Non;17.68;90.5;79.61
M88;;2026-05-04;21:31:40;55.30;180.00;S;Oui;Non;17.68;90.5;80.46
M89;;2026-05-04;21:35:20;53.44;180.00;S;Oui;Non;17.68;90.5;78.74
M90;Carabin Galaxy;2026-05-04;21:36:29;54.05;180.00;S;Oui;Non;17.68;90.5;78.83
M91;;2026-05-04;21:35:06;55.38;180.00;S;Oui;Non;17.68;90.5;79.82
M94;Crocodile Eye;2026-05-04;21:50:30;82.00;180.00;S;Oui;Non;17.69;90.5;92.30
M101;Pinwheel Galaxy;2026-05-04;23:02:38;84.77;360.00;N;Oui;Oui;17.74;90.2;92.47
M104;Sombrero Galaxy;2026-05-04;21:39:38;29.26;180.00;S;Oui;Non;17.69;90.5;65.93
M3;;2026-05-05;22:37:45;69.26;180.00;S;Oui;Non;18.62;84.0;85.53
M51;Whirlpool Galaxy;2026-05-05;22:25:28;88.08;180.00;S;Oui;Non;18.61;84.1;98.10
M53;;2026-05-05;22:08:33;59.05;180.00;S;Oui;Non;18.60;84.1;85.33
M58;;2026-05-05;21:33:27;52.70;180.00;S;Oui;Non;18.58;84.3;89.24
M59;;2026-05-05;21:37:45;52.53;180.00;S;Oui;Non;18.58;84.3;88.26
M60;;2026-05-05;21:39:22;52.44;180.00;S;Oui;Non;18.58;84.3;87.88
M63;Sunflower Galaxy;2026-05-05;22:11:27;82.91;180.00;S;Oui;Non;18.60;84.1;97.40
M64;Black Eye Galaxy;2026-05-05;21:52:24;62.57;180.00;S;Oui;Non;18.59;84.2;90.29
M68;;2026-05-05;21:35:11;14.14;180.00;S;Oui;Non;18.58;84.3;71.51
M83;Southern Pinwheel Galaxy;2026-05-05;22:32:35;11.02;180.00;S;Oui;Non;18.62;84.0;58.99
M94;Crocodile Eye;2026-05-05;21:46:34;82.00;180.00;S;Oui;Non;18.59;84.2;100.86
M101;Pinwheel Galaxy;2026-05-05;22:58:42;84.77;0.00;N;Oui;Non;18.63;83.9;98.10
M104;Sombrero Galaxy;2026-05-05;21:35:43;29.26;180.00;S;Oui;Non;18.58;84.3;77.73
M3;;2026-05-06;22:33:49;69.26;180.00;S;Oui;Non;19.52;76.5;94.80
M51;Whirlpool Galaxy;2026-05-06;22:21:32;88.08;180.00;S;Oui;Non;19.51;76.5;105.09
M53;;2026-05-06;22:04:37;59.05;180.00;S;Oui;Non;19.50;76.6;95.98
M63;Sunflower Galaxy;2026-05-06;22:07:31;82.91;180.00;S;Oui;Non;19.50;76.6;105.34
M64;Black Eye Galaxy;2026-05-06;21:48:28;62.57;180.00;S;Oui;Non;19.49;76.7;100.80
M83;Southern Pinwheel Galaxy;2026-05-06;22:28:39;11.02;180.00;S;Oui;Non;19.52;76.5;70.47
M94;Crocodile Eye;2026-05-06;21:42:39;82.00;180.00;S;Oui;Non;19.49;76.8;109.24
M101;Pinwheel Galaxy;2026-05-06;22:54:46;84.77;360.00;N;Oui;Non;19.53;76.3;103.49
M3;;2026-05-07;22:29:53;69.26;180.00;S;Oui;Non;20.43;67.9;104.09
M51;Whirlpool Galaxy;2026-05-07;22:17:36;88.08;180.00;S;Oui;Non;20.42;67.9;111.70
M53;;2026-05-07;22:00:41;59.05;180.00;S;Oui;Non;20.41;68.0;106.68
M63;Sunflower Galaxy;2026-05-07;22:03:35;82.91;180.00;S;Oui;Non;20.41;68.0;112.97
M64;Black Eye Galaxy;2026-05-07;21:44:32;62.57;180.00;S;Oui;Non;20.40;68.1;111.32
M83;Southern Pinwheel Galaxy;2026-05-07;22:24:43;11.02;180.00;S;Oui;Non;20.43;67.9;82.14
M101;Pinwheel Galaxy;2026-05-07;22:50:50;84.77;360.00;N;Oui;Non;20.44;67.7;108.45
M102;Spindle Galaxy;2026-05-07;23:53:57;83.35;360.00;N;Oui;Non;20.48;67.3;100.72
M3;;2026-05-08;22:25:57;69.26;180.00;S;Oui;Non;21.35;58.4;113.25
M51;Whirlpool Galaxy;2026-05-08;22:13:40;88.08;180.00;S;Oui;Non;21.34;58.5;117.66
M53;;2026-05-08;21:56:45;59.05;180.00;S;Oui;Non;21.33;58.6;117.38
M63;Sunflower Galaxy;2026-05-08;21:59:39;82.91;180.00;S;Oui;Non;21.33;58.6;120.01
M83;Southern Pinwheel Galaxy;2026-05-08;22:20:47;11.02;180.00;S;Oui;Non;21.35;58.5;94.01
M101;Pinwheel Galaxy;2026-05-08;22:46:54;84.77;0.00;N;Oui;Non;21.36;58.3;112.75
M102;Spindle Galaxy;2026-05-08;23:50:01;83.35;360.00;N;Oui;Non;21.41;57.9;104.20
M3;;2026-05-09;22:22:01;69.26;180.00;S;Oui;Non;22.29;48.5;122.03
M51;Whirlpool Galaxy;2026-05-09;22:09:44;88.08;180.00;S;Oui;Non;22.28;48.6;122.59
M53;;2026-05-09;21:52:49;59.05;180.00;S;Oui;Non;22.27;48.7;127.91
M63;Sunflower Galaxy;2026-05-09;21:55:43;82.91;180.00;S;Oui;Non;22.27;48.7;126.08
M83;Southern Pinwheel Galaxy;2026-05-09;22:16:51;11.02;180.00;S;Oui;Non;22.29;48.5;106.10
M101;Pinwheel Galaxy;2026-05-09;22:42:59;84.77;360.00;N;Oui;Non;22.31;48.3;116.11
M102;Spindle Galaxy;2026-05-09;23:46:05;83.35;0.00;N;Oui;Non;22.35;47.9;107.12
M3;;2026-05-10;22:18:05;69.26;180.00;S;Oui;Non;23.25;38.3;130.02
M5;Rose Cluster;2026-05-10;23:54:11;42.96;180.00;S;Oui;Non;23.32;37.7;106.97
M51;Whirlpool Galaxy;2026-05-10;22:05:48;88.08;180.00;S;Oui;Non;23.25;38.4;126.05
M53;;2026-05-10;21:48:54;59.05;180.00;S;Oui;Non;23.24;38.5;137.94
M63;Sunflower Galaxy;2026-05-10;21:51:47;82.91;180.00;S;Oui;Non;23.24;38.5;130.60
M83;Southern Pinwheel Galaxy;2026-05-10;22:12:55;11.02;180.00;S;Oui;Non;23.25;38.4;118.40
M101;Pinwheel Galaxy;2026-05-10;22:39:03;84.77;360.00;N;Oui;Non;23.27;38.2;118.25
M102;Spindle Galaxy;2026-05-10;23:42:09;83.35;360.00;N;Oui;Non;23.31;37.7;109.27
M3;;2026-05-11;22:14:09;69.26;180.00;S;Oui;Non;24.24;28.4;136.52
M5;Rose Cluster;2026-05-11;23:50:15;42.96;180.00;S;Oui;Non;24.31;27.8;118.64
M51;Whirlpool Galaxy;2026-05-11;22:01:52;88.08;180.00;S;Oui;Non;24.23;28.5;127.54
M83;Southern Pinwheel Galaxy;2026-05-11;22:08:59;11.02;180.00;S;Oui;Non;24.24;28.5;130.88
M101;Pinwheel Galaxy;2026-05-11;22:35:07;84.77;0.00;N;Oui;Non;24.26;28.3;118.88
M102;Spindle Galaxy;2026-05-11;23:38:13;83.35;360.00;N;Oui;Non;24.30;27.9;110.46
M3;;2026-05-12;22:10:13;69.26;180.00;S;Oui;Non;25.26;19.3;140.47
M5;Rose Cluster;2026-05-12;23:46:19;42.96;180.00;S;Oui;Non;25.33;18.7;130.21
M51;Whirlpool Galaxy;2026-05-12;21:57:56;88.08;180.00;S;Oui;Non;25.25;19.4;126.74
M83;Southern Pinwheel Galaxy;2026-05-12;22:05:03;11.02;180.00;S;Oui;Non;25.26;19.3;143.39
M101;Pinwheel Galaxy;2026-05-12;22:31:11;84.77;360.00;N;Oui;Non;25.27;19.2;117.84
M102;Spindle Galaxy;2026-05-12;23:34:17;83.35;0.00;N;Oui;Non;25.32;18.8;110.54
M3;;2026-05-13;22:06:17;69.26;180.00;S;Oui;Non;26.30;11.4;140.77
M5;Rose Cluster;2026-05-13;23:42:23;42.96;180.00;S;Oui;Non;26.37;10.9;141.21
M83;Southern Pinwheel Galaxy;2026-05-13;22:01:07;11.02;180.00;S;Oui;Non;26.30;11.4;155.38
M101;Pinwheel Galaxy;2026-05-13;22:27:15;84.77;360.00;N;Oui;Non;26.32;11.3;115.10
M102;Spindle Galaxy;2026-05-13;23:30:21;83.35;360.00;N;Oui;Non;26.37;11.0;109.41
M3;;2026-05-14;22:02:21;69.26;180.00;S;Oui;Non;27.38;5.3;137.07
M5;Rose Cluster;2026-05-14;23:38:27;42.96;180.00;S;Oui;Non;27.45;4.9;150.47
M101;Pinwheel Galaxy;2026-05-14;22:23:19;84.77;0.00;N;Oui;Non;27.39;5.2;110.83
M102;Spindle Galaxy;2026-05-14;23:26:25;83.35;360.00;N;Oui;Non;27.44;5.0;107.08
M5;Rose Cluster;2026-05-15;23:34:31;42.96;180.00;S;Oui;Non;28.55;1.3;155.35
M101;Pinwheel Galaxy;2026-05-15;22:19:23;84.77;360.00;N;Oui;Non;28.49;1.4;105.29
M102;Spindle Galaxy;2026-05-15;23:22:30;83.35;0.00;N;Oui;Non;28.54;1.3;103.67
M5;Rose Cluster;2026-05-16;23:30:35;42.96;180.00;S;Oui;Non;0.13;0.2;152.94
M101;Pinwheel Galaxy;2026-05-16;22:15:27;84.77;360.00;N;Oui;Non;0.07;0.2;98.86
M102;Spindle Galaxy;2026-05-16;23:18:34;83.35;360.00;N;Oui;Non;0.12;0.2;99.40
M5;Rose Cluster;2026-05-17;23:26:39;42.96;180.00;S;Oui;Non;1.26;2.0;144.54
M101;Pinwheel Galaxy;2026-05-17;22:11:31;84.77;0.00;N;Oui;Non;1.20;1.8;91.91
M102;Spindle Galaxy;2026-05-17;23:14:38;83.35;360.00;N;Oui;Non;1.25;1.9;94.54
M5;Rose Cluster;2026-05-18;23:22:44;42.96;180.00;S;Oui;Non;2.39;6.5;133.26
M102;Spindle Galaxy;2026-05-18;23:10:42;83.35;0.00;N;Oui;Non;2.38;6.4;89.41
M5;Rose Cluster;2026-05-19;23:18:48;42.96;180.00;S;Oui;Non;3.51;13.4;120.82
M102;Spindle Galaxy;2026-05-19;23:06:46;83.35;360.00;N;Oui;Oui;3.50;13.3;84.34
M5;Rose Cluster;2026-05-20;23:14:52;42.96;180.00;S;Oui;Oui;4.62;22.3;107.98
M102;Spindle Galaxy;2026-05-20;23:02:50;83.35;360.00;N;Oui;Oui;4.61;22.2;79.64
M5;Rose Cluster;2026-05-21;23:10:56;42.96;180.00;S;Oui;Oui;5.70;32.5;95.11
M102;Spindle Galaxy;2026-05-21;22:58:54;83.35;0.00;N;Oui;Oui;5.69;32.4;75.61
M5;Rose Cluster;2026-05-22;23:07:00;42.96;180.00;S;Oui;Oui;6.76;43.4;82.46
M102;Spindle Galaxy;2026-05-22;22:54:58;83.35;360.00;N;Oui;Oui;6.75;43.3;72.47
M5;Rose Cluster;2026-05-23;23:03:04;42.96;180.00;S;Oui;Oui;7.79;54.4;70.16
M102;Spindle Galaxy;2026-05-23;22:51:02;83.35;360.00;N;Oui;Oui;7.78;54.3;70.40
M5;Rose Cluster;2026-05-24;22:59:08;42.96;180.00;S;Oui;Oui;8.80;64.8;58.40
M102;Spindle Galaxy;2026-05-24;22:47:06;83.35;0.00;N;Oui;Oui;8.79;64.7;69.47
M5;Rose Cluster;2026-05-25;22:55:12;42.96;180.00;S;Oui;Oui;9.78;74.4;47.37
M80;;2026-05-25;23:53:32;17.91;180.00;S;Oui;Oui;9.82;74.7;61.91
M102;Spindle Galaxy;2026-05-25;22:43:10;83.35;360.00;N;Oui;Oui;9.77;74.3;69.66
M5;Rose Cluster;2026-05-26;22:51:16;42.96;180.00;S;Oui;Oui;10.74;82.7;37.46
M80;;2026-05-26;23:49:36;17.91;180.00;S;Oui;Oui;10.77;83.0;49.31
M4;Spider Globular Cluster;2026-05-27;23:52:12;14.36;180.00;S;Oui;Oui;11.72;89.7;38.84
M5;Rose Cluster;2026-05-27;22:47:20;42.96;180.00;S;Oui;Oui;11.67;89.5;29.47
M80;;2026-05-27;23:45:40;17.91;180.00;S;Oui;Oui;11.71;89.7;36.99
M4;Spider Globular Cluster;2026-05-28;23:48:16;14.36;180.00;S;Oui;Oui;12.64;94.8;26.69
M80;;2026-05-28;23:41:44;17.91;180.00;S;Oui;Oui;12.63;94.8;24.93
M4;Spider Globular Cluster;2026-05-29;23:44:20;14.36;180.00;S;Oui;Oui;13.54;98.1;14.70
M80;;2026-05-29;23:37:48;17.91;180.00;S;Oui;Oui;13.54;98.1;13.18
M107;Crucifix Cluster;2026-05-29;23:53:15;27.83;180.00;S;Oui;Oui;13.55;98.1;20.11
M4;Spider Globular Cluster;2026-05-30;23:40:24;14.36;180.00;S;Oui;Oui;14.44;99.7;2.84
M80;;2026-05-30;23:33:52;17.91;180.00;S;Oui;Oui;14.44;99.7;3.62
M107;Crucifix Cluster;2026-05-30;23:49:19;27.83;180.00;S;Oui;Oui;14.45;99.7;14.17
M4;Spider Globular Cluster;2026-05-31;23:36:28;14.36;180.00;S;Oui;Oui;15.34;99.4;8.99
M13;Great Hercules Cluster;2026-05-31;23:54:31;77.34;180.00;S;Oui;Oui;15.35;99.4;64.52
M80;;2026-05-31;23:29:56;17.91;180.00;S;Oui;Oui;15.33;99.4;11.53
M107;Crucifix Cluster;2026-05-31;23:45:23;27.83;180.00;S;Oui;Oui;15.34;99.4;16.50
M4;Spider Globular Cluster;2026-06-01;23:32:32;14.36;180.00;S;Oui;Oui;16.23;97.4;20.80
M13;Great Hercules Cluster;2026-06-01;23:50:35;77.34;180.00;S;Oui;Oui;16.24;97.4;66.98
M80;;2026-06-01;23:26:00;17.91;180.00;S;Oui;Oui;16.23;97.4;23.05
M107;Crucifix Cluster;2026-06-01;23:41:27;27.83;180.00;S;Oui;Oui;16.24;97.4;24.84
M4;Spider Globular Cluster;2026-06-02;23:28:36;14.36;180.00;S;Oui;Oui;17.13;93.7;32.67
M12;;2026-06-02;23:52:11;38.93;180.00;S;Oui;Oui;17.14;93.6;38.89
M13;Great Hercules Cluster;2026-06-02;23:46:39;77.34;180.00;S;Oui;Oui;17.14;93.6;70.42
M80;;2026-06-02;23:22:05;17.91;180.00;S;Oui;Oui;17.12;93.7;34.81
M107;Crucifix Cluster;2026-06-02;23:37:32;27.83;180.00;S;Oui;Oui;17.13;93.7;35.20
M4;Spider Globular Cluster;2026-06-03;23:24:40;14.36;180.00;S;Oui;Oui;18.03;88.3;44.64
M12;;2026-06-03;23:48:16;38.93;180.00;S;Oui;Oui;18.05;88.2;48.21
M13;Great Hercules Cluster;2026-06-03;23:42:43;77.34;180.00;S;Oui;Oui;18.04;88.3;74.68
M80;;2026-06-03;23:18:09;17.91;180.00;S;Oui;Oui;18.03;88.4;46.73
M107;Crucifix Cluster;2026-06-03;23:33:36;27.83;180.00;S;Oui;Oui;18.04;88.3;46.31
M4;Spider Globular Cluster;2026-06-04;23:20:44;14.36;180.00;S;Oui;Oui;18.95;81.4;56.77
M10;;2026-06-04;23:54:13;36.78;180.00;S;Oui;Oui;18.97;81.3;55.40
M12;;2026-06-04;23:44:20;38.93;180.00;S;Oui;Oui;18.96;81.3;58.45
M13;Great Hercules Cluster;2026-06-04;23:38:48;77.34;180.00;S;Oui;Oui;18.96;81.3;79.59
M107;Crucifix Cluster;2026-06-04;23:29:40;27.83;180.00;S;Oui;Oui;18.95;81.4;57.86
M10;;2026-06-05;23:50:17;36.78;180.00;S;Oui;Oui;19.90;73.0;66.37
M12;;2026-06-05;23:40:24;38.93;180.00;S;Oui;Oui;19.89;73.1;69.29
M13;Great Hercules Cluster;2026-06-05;23:34:52;77.34;180.00;S;Oui;Non;19.89;73.1;84.99
M19;;2026-06-05;23:55:45;14.62;180.00;S;Oui;Oui;19.90;73.0;60.81
M62;Flickering Globular;2026-06-05;23:54:20;10.77;180.00;S;Oui;Oui;19.90;73.0;60.82
M107;Crucifix Cluster;2026-06-05;23:25:44;27.83;180.00;S;Oui;Non;19.89;73.1;69.75
M10;;2026-06-06;23:46:21;36.78;180.00;S;Oui;Non;20.85;63.6;77.81
M12;;2026-06-06;23:36:28;38.93;180.00;S;Oui;Non;20.85;63.7;80.58
M13;Great Hercules Cluster;2026-06-06;23:30:56;77.34;180.00;S;Oui;Non;20.84;63.7;90.68
M19;;2026-06-06;23:51:49;14.62;180.00;S;Oui;Non;20.86;63.6;73.42
M62;Flickering Globular;2026-06-06;23:50:24;10.77;180.00;S;Oui;Non;20.86;63.6;73.42
M10;;2026-06-07;23:42:25;36.78;180.00;S;Oui;Non;21.83;53.4;89.63
M19;;2026-06-07;23:47:53;14.62;180.00;S;Oui;Non;21.83;53.3;86.32
M62;Flickering Globular;2026-06-07;23:46:28;10.77;180.00;S;Oui;Non;21.83;53.4;86.31
M11;Wild Duck Cluster;2026-07-04;23:49:54;34.62;180.00;S;Oui;Oui;19.38;77.8;57.41
M26;;2026-07-04;23:44:01;31.48;180.00;S;Oui;Oui;19.38;77.8;58.60
M54;;2026-07-04;23:53:50;10.40;180.00;S;Oui;Oui;19.38;77.7;57.80
M57;Ring Nebula;2026-07-04;23:52:23;73.91;180.00;S;Oui;Oui;19.38;77.7;67.76
M70;;2026-07-04;23:42:02;8.59;180.00;S;Oui;Oui;19.38;77.8;60.51
M11;Wild Duck Cluster;2026-07-05;23:45:58;34.62;180.00;S;Oui;Oui;20.37;68.5;69.41
M26;;2026-07-05;23:40:05;31.48;180.00;S;Oui;Oui;20.37;68.5;70.89
M54;;2026-07-05;23:49:55;10.40;180.00;S;Oui;Oui;20.37;68.4;70.82
M57;Ring Nebula;2026-07-05;23:48:27;73.91;180.00;S;Oui;Oui;20.37;68.4;73.21
M70;;2026-07-05;23:38:06;8.59;180.00;S;Oui;Oui;20.36;68.5;73.50
M11;Wild Duck Cluster;2026-07-06;23:42:02;34.62;180.00;S;Oui;Oui;21.39;58.1;81.88
M26;;2026-07-06;23:36:09;31.48;180.00;S;Oui;Oui;21.38;58.1;83.60
M54;;2026-07-06;23:45:59;10.40;180.00;S;Oui;Oui;21.39;58.0;84.16
M57;Ring Nebula;2026-07-06;23:44:31;73.91;180.00;S;Oui;Oui;21.39;58.0;79.54
M70;;2026-07-06;23:34:10;8.59;180.00;S;Oui;Oui;21.38;58.1;86.82
M11;Wild Duck Cluster;2026-07-07;23:38:06;34.62;180.00;S;Oui;Oui;22.43;47.0;94.72
M22;Great Sagittarius Cluster;2026-07-07;23:23:26;16.98;180.00;S;Oui;Oui;22.42;47.1;100.89
M26;;2026-07-07;23:32:13;31.48;180.00;S;Oui;Oui;22.43;47.0;96.67
M54;;2026-07-07;23:42:03;10.40;180.00;S;Oui;Oui;22.43;47.0;97.84
M57;Ring Nebula;2026-07-07;23:40:35;73.91;180.00;S;Oui;Oui;22.43;47.0;86.48
M70;;2026-07-07;23:30:14;8.59;180.00;S;Oui;Oui;22.43;47.1;100.47
M11;Wild Duck Cluster;2026-07-08;23:34:10;34.62;180.00;S;Oui;Oui;23.51;35.8;107.81
M22;Great Sagittarius Cluster;2026-07-08;23:19:30;16.98;180.00;S;Oui;Oui;23.49;35.9;114.88
M26;;2026-07-08;23:28:17;31.48;180.00;S;Oui;Oui;23.50;35.9;109.99
M54;;2026-07-08;23:38:07;10.40;180.00;S;Oui;Oui;23.51;35.8;111.83
M57;Ring Nebula;2026-07-08;23:36:39;73.91;180.00;S;Oui;Oui;23.51;35.8;93.73
M70;;2026-07-08;23:26:18;8.59;180.00;S;Oui;Oui;23.50;35.9;114.43
M11;Wild Duck Cluster;2026-07-09;23:30:14;34.62;180.00;S;Oui;Non;24.60;25.2;121.00
M22;Great Sagittarius Cluster;2026-07-09;23:15:35;16.98;180.00;S;Oui;Non;24.59;25.3;129.13
M26;;2026-07-09;23:24:21;31.48;180.00;S;Oui;Non;24.60;25.2;123.43
M54;;2026-07-09;23:34:11;10.40;180.00;S;Oui;Non;24.61;25.1;126.09
M56;;2026-07-09;23:55:40;71.07;180.00;S;Oui;Oui;24.62;25.0;98.55
M57;Ring Nebula;2026-07-09;23:32:43;73.91;180.00;S;Oui;Non;24.60;25.1;100.95
M70;;2026-07-09;23:22:22;8.59;180.00;S;Oui;Non;24.60;25.2;128.64
M11;Wild Duck Cluster;2026-07-10;23:26:18;34.62;180.00;S;Oui;Non;25.72;15.7;134.00
M22;Great Sagittarius Cluster;2026-07-10;23:11:39;16.98;180.00;S;Oui;Non;25.71;15.8;143.58
M26;;2026-07-10;23:20:25;31.48;180.00;S;Oui;Non;25.71;15.7;136.74
M54;;2026-07-10;23:30:15;10.40;180.00;S;Oui;Non;25.72;15.7;140.53
M56;;2026-07-10;23:51:44;71.07;180.00;S;Oui;Non;25.74;15.5;106.52
M57;Ring Nebula;2026-07-10;23:28:47;73.91;180.00;S;Oui;Non;25.72;15.7;107.74
M70;;2026-07-10;23:18:26;8.59;180.00;S;Oui;Non;25.71;15.7;143.02
M11;Wild Duck Cluster;2026-07-11;23:22:22;34.62;180.00;S;Oui;Non;26.85;8.1;146.21
M22;Great Sagittarius Cluster;2026-07-11;23:07:43;16.98;180.00;S;Oui;Non;26.83;8.2;158.09
M26;;2026-07-11;23:16:29;31.48;180.00;S;Oui;Non;26.84;8.1;149.33
M54;;2026-07-11;23:26:19;10.40;180.00;S;Oui;Non;26.85;8.1;155.05
M56;;2026-07-11;23:47:48;71.07;180.00;S;Oui;Non;26.87;8.0;113.76
M57;Ring Nebula;2026-07-11;23:24:51;73.91;180.00;S;Oui;Non;26.85;8.1;113.63
M70;;2026-07-11;23:14:31;8.59;180.00;S;Oui;Non;26.84;8.1;157.40
M11;Wild Duck Cluster;2026-07-12;23:18:27;34.62;180.00;S;Oui;Non;27.97;2.9;156.02
M22;Great Sagittarius Cluster;2026-07-12;23:03:47;16.98;180.00;S;Oui;Non;27.96;2.9;172.23
M26;;2026-07-12;23:12:34;31.48;180.00;S;Oui;Non;27.97;2.9;159.45
M54;;2026-07-12;23:22:23;10.40;180.00;S;Oui;Non;27.98;2.8;169.33
M56;;2026-07-12;23:43:52;71.07;180.00;S;Oui;Non;27.99;2.8;119.71
M57;Ring Nebula;2026-07-12;23:20:55;73.91;180.00;S;Oui;Non;27.98;2.9;118.10
M70;;2026-07-12;23:10:35;8.59;180.00;S;Oui;Non;27.97;2.9;171.04
M11;Wild Duck Cluster;2026-07-13;23:14:31;34.62;180.00;S;Oui;Non;29.10;0.3;159.52
M22;Great Sagittarius Cluster;2026-07-13;22:59:51;16.98;180.00;S;Oui;Non;29.08;0.3;171.65
M26;;2026-07-13;23:08:38;31.48;180.00;S;Oui;Non;29.09;0.3;162.10
M54;;2026-07-13;23:18:27;10.40;180.00;S;Oui;Non;29.10;0.3;174.13
M56;;2026-07-13;23:39:56;71.07;180.00;S;Oui;Non;29.12;0.3;123.76
M57;Ring Nebula;2026-07-13;23:16:59;73.91;180.00;S;Oui;Non;29.10;0.3;120.70
M70;;2026-07-13;23:06:39;8.59;180.00;S;Oui;Non;29.09;0.3;171.16
M11;Wild Duck Cluster;2026-07-14;23:10:35;34.62;180.00;S;Oui;Non;0.67;0.6;154.15
M22;Great Sagittarius Cluster;2026-07-14;22:55:55;16.98;180.00;S;Oui;Non;0.66;0.5;157.66
M26;;2026-07-14;23:04:42;31.48;180.00;S;Oui;Non;0.67;0.6;154.96
M54;;2026-07-14;23:14:31;10.40;180.00;S;Oui;Non;0.68;0.6;160.61
M56;;2026-07-14;23:36:00;71.07;180.00;S;Oui;Non;0.69;0.6;125.45
M57;Ring Nebula;2026-07-14;23:13:03;73.91;180.00;S;Oui;Non;0.68;0.6;121.15
M70;;2026-07-14;23:02:43;8.59;180.00;S;Oui;Non;0.67;0.6;157.74
M11;Wild Duck Cluster;2026-07-15;23:06:39;34.62;180.00;S;Oui;Non;1.76;3.5;143.90
M22;Great Sagittarius Cluster;2026-07-15;22:51:59;16.98;180.00;S;Oui;Non;1.75;3.4;143.53
M26;;2026-07-15;23:00:46;31.48;180.00;S;Oui;Non;1.76;3.5;143.62
M54;;2026-07-15;23:10:35;10.40;180.00;S;Oui;Non;1.76;3.5;146.53
M55;Specter Cluster;2026-07-15;23:55:25;9.92;180.00;S;Oui;Non;1.80;3.6;154.98
M56;;2026-07-15;23:32:04;71.07;180.00;S;Oui;Non;1.78;3.6;124.60
M57;Ring Nebula;2026-07-15;23:09:08;73.91;180.00;S;Oui;Non;1.76;3.5;119.45
M70;;2026-07-15;22:58:47;8.59;180.00;S;Oui;Non;1.75;3.5;143.75
M11;Wild Duck Cluster;2026-07-16;23:02:43;34.62;180.00;S;Oui;Non;2.82;8.8;132.03
M26;;2026-07-16;22:56:50;31.48;180.00;S;Oui;Non;2.82;8.7;131.15
M54;;2026-07-16;23:06:40;10.40;180.00;S;Oui;Non;2.83;8.8;132.64
M55;Specter Cluster;2026-07-16;23:51:29;9.92;180.00;S;Oui;Non;2.86;9.0;141.33
M56;;2026-07-16;23:28:08;71.07;180.00;S;Oui;Non;2.84;8.9;121.48
M57;Ring Nebula;2026-07-16;23:05:12;73.91;180.00;S;Oui;Non;2.82;8.8;115.94
M70;;2026-07-16;22:54:51;8.59;180.00;S;Oui;Non;2.82;8.7;129.91
M11;Wild Duck Cluster;2026-07-17;22:58:47;34.62;180.00;S;Oui;Non;3.86;15.9;119.74
M26;;2026-07-17;22:52:54;31.48;180.00;S;Oui;Non;3.85;15.9;118.47
M54;;2026-07-17;23:02:44;10.40;180.00;S;Oui;Non;3.86;16.0;119.05
M55;Specter Cluster;2026-07-17;23:47:33;9.92;180.00;S;Oui;Non;3.89;16.2;127.85
M56;;2026-07-17;23:24:12;71.07;180.00;S;Oui;Non;3.88;16.1;116.60
M57;Ring Nebula;2026-07-17;23:01:16;73.91;180.00;S;Oui;Non;3.86;15.9;111.06
M70;;2026-07-17;22:50:55;8.59;180.00;S;Oui;Non;3.85;15.9;116.34
M11;Wild Duck Cluster;2026-07-18;22:54:51;34.62;180.00;S;Oui;Non;4.87;24.5;107.44
M26;;2026-07-18;22:48:58;31.48;180.00;S;Oui;Non;4.87;24.5;105.89
M54;;2026-07-18;22:58:48;10.40;180.00;S;Oui;Non;4.87;24.6;105.77
M55;Specter Cluster;2026-07-18;23:43:37;9.92;180.00;S;Oui;Non;4.90;24.8;114.65
M56;;2026-07-18;23:20:17;71.07;180.00;S;Oui;Non;4.89;24.7;110.54
M57;Ring Nebula;2026-07-18;22:57:20;73.91;180.00;S;Oui;Non;4.87;24.5;105.28
M70;;2026-07-18;22:46:59;8.59;180.00;S;Oui;Non;4.86;24.5;103.09
M11;Wild Duck Cluster;2026-07-19;22:50:55;34.62;180.00;S;Oui;Non;5.85;34.0;95.31
M26;;2026-07-19;22:45:02;31.48;180.00;S;Oui;Non;5.85;34.0;93.53
M54;;2026-07-19;22:54:52;10.40;180.00;S;Oui;Non;5.86;34.1;92.82
M55;Specter Cluster;2026-07-19;23:39:41;9.92;180.00;S;Oui;Non;5.89;34.4;101.76
M56;;2026-07-19;23:16:21;71.07;180.00;S;Oui;Non;5.87;34.2;103.77
M57;Ring Nebula;2026-07-19;22:53:24;73.91;180.00;S;Oui;Non;5.86;34.1;99.00
M70;;2026-07-19;22:43:03;8.59;180.00;S;Oui;Non;5.85;34.0;90.16
M71;Angelfish Cluster;2026-07-19;23:53:25;59.66;180.00;S;Oui;Non;5.90;34.5;112.17
M11;Wild Duck Cluster;2026-07-20;22:46:59;34.62;180.00;S;Oui;Non;6.82;44.0;83.43
M26;;2026-07-20;22:41:06;31.48;180.00;S;Oui;Non;6.81;44.0;81.44
M27;Dumbbell Nebula;2026-07-20;23:55:18;63.60;180.00;S;Oui;Non;6.86;44.5;104.84
M54;;2026-07-20;22:50:56;10.40;180.00;S;Oui;Non;6.82;44.0;80.17
M55;Specter Cluster;2026-07-20;23:35:45;9.92;180.00;S;Oui;Non;6.85;44.3;89.17
M56;;2026-07-20;23:12:25;71.07;180.00;S;Oui;Non;6.83;44.2;96.66
M57;Ring Nebula;2026-07-20;22:49:28;73.91;180.00;S;Oui;Non;6.82;44.0;92.53
M70;;2026-07-20;22:39:07;8.59;180.00;S;Oui;Non;6.81;43.9;77.53
M71;Angelfish Cluster;2026-07-20;23:49:29;59.66;180.00;S;Oui;Non;6.86;44.4;102.98
M11;Wild Duck Cluster;2026-07-21;22:43:03;34.62;180.00;S;Oui;Non;7.76;54.0;71.84
M26;;2026-07-21;22:37:10;31.48;180.00;S;Oui;Non;7.75;53.9;69.65
M27;Dumbbell Nebula;2026-07-21;23:51:22;63.60;180.00;S;Oui;Non;7.80;54.4;96.09
M54;;2026-07-21;22:47:00;10.40;180.00;S;Oui;Non;7.76;54.0;67.79
M55;Specter Cluster;2026-07-21;23:31:49;9.92;180.00;S;Oui;Non;7.79;54.3;76.83
M56;;2026-07-21;23:08:29;71.07;180.00;S;Oui;Non;7.77;54.1;89.49
M57;Ring Nebula;2026-07-21;22:45:32;73.91;180.00;S;Oui;Non;7.76;54.0;86.10
M70;;2026-07-21;22:35:11;8.59;180.00;S;Oui;Non;7.75;53.9;65.18
M71;Angelfish Cluster;2026-07-21;23:45:34;59.66;180.00;S;Oui;Non;7.80;54.4;93.70
M11;Wild Duck Cluster;2026-07-22;22:39:07;34.62;180.00;S;Oui;Oui;8.68;63.6;60.58
M26;;2026-07-22;22:33:14;31.48;180.00;S;Oui;Oui;8.68;63.6;58.17
M27;Dumbbell Nebula;2026-07-22;23:47:27;63.60;180.00;S;Oui;Non;8.72;64.0;87.36
M54;;2026-07-22;22:43:04;10.40;180.00;S;Oui;Oui;8.68;63.6;55.63
M55;Specter Cluster;2026-07-22;23:27:53;9.92;180.00;S;Oui;Non;8.71;63.9;64.73
M56;;2026-07-22;23:04:33;71.07;180.00;S;Oui;Non;8.70;63.8;82.46
M57;Ring Nebula;2026-07-22;22:41:36;73.91;180.00;S;Oui;Oui;8.68;63.6;79.92
M70;;2026-07-22;22:31:16;8.59;180.00;S;Oui;Oui;8.68;63.5;53.06
M71;Angelfish Cluster;2026-07-22;23:41:38;59.66;180.00;S;Oui;Non;8.72;64.0;84.50
M75;;2026-07-22;23:53:54;18.96;180.00;S;Oui;Non;8.73;64.1;72.36
M11;Wild Duck Cluster;2026-07-23;22:35:12;34.62;180.00;S;Oui;Oui;9.59;72.6;49.71
M26;;2026-07-23;22:29:19;31.48;180.00;S;Oui;Oui;9.59;72.5;47.06
M27;Dumbbell Nebula;2026-07-23;23:43:31;63.60;180.00;S;Oui;Non;9.64;73.0;78.81
M54;;2026-07-23;22:39:08;10.40;180.00;S;Oui;Oui;9.59;72.6;43.67
M55;Specter Cluster;2026-07-23;23:23:57;9.92;180.00;S;Oui;Non;9.62;72.8;52.82
M56;;2026-07-23;23:00:37;71.07;180.00;S;Oui;Oui;9.61;72.7;75.76
M57;Ring Nebula;2026-07-23;22:37:40;73.91;180.00;S;Oui;Oui;9.59;72.6;74.16
M70;;2026-07-23;22:27:20;8.59;180.00;S;Oui;Oui;9.59;72.5;41.14
M71;Angelfish Cluster;2026-07-23;23:37:42;59.66;180.00;S;Oui;Non;9.63;72.9;75.54
M75;;2026-07-23;23:49:58;18.96;180.00;S;Oui;Non;9.64;73.0;60.36
M11;Wild Duck Cluster;2026-07-24;22:31:16;34.62;180.00;S;Oui;Oui;10.49;80.6;39.42
M26;;2026-07-24;22:25:23;31.48;180.00;S;Oui;Oui;10.49;80.6;36.48
M27;Dumbbell Nebula;2026-07-24;23:39:35;63.60;180.00;S;Oui;Oui;10.54;81.0;70.58
M54;;2026-07-24;22:35:12;10.40;180.00;S;Oui;Oui;10.50;80.6;31.85
M55;Specter Cluster;2026-07-24;23:20:01;9.92;180.00;S;Oui;Oui;10.52;80.9;41.06
M56;;2026-07-24;22:56:41;71.07;180.00;S;Oui;Oui;10.51;80.7;69.56
M57;Ring Nebula;2026-07-24;22:33:44;73.91;180.00;S;Oui;Oui;10.49;80.6;69.02
M70;;2026-07-24;22:23:24;8.59;180.00;S;Oui;Oui;10.49;80.6;29.40
M71;Angelfish Cluster;2026-07-24;23:33:46;59.66;180.00;S;Oui;Oui;10.53;80.9;66.97
M75;;2026-07-24;23:46:02;18.96;180.00;S;Oui;Oui;10.54;81.0;48.48
M11;Wild Duck Cluster;2026-07-25;22:27:20;34.62;180.00;S;Oui;Oui;11.39;87.5;30.12
M26;;2026-07-25;22:21:27;31.48;180.00;S;Oui;Oui;11.38;87.5;26.86
M27;Dumbbell Nebula;2026-07-25;23:35:39;63.60;180.00;S;Oui;Oui;11.43;87.8;62.88
M54;;2026-07-25;22:31:16;10.40;180.00;S;Oui;Oui;11.39;87.5;20.16
M55;Specter Cluster;2026-07-25;23:16:05;9.92;180.00;S;Oui;Oui;11.42;87.7;29.45
M56;;2026-07-25;22:52:45;71.07;180.00;S;Oui;Oui;11.40;87.6;64.09
M57;Ring Nebula;2026-07-25;22:29:48;73.91;180.00;S;Oui;Oui;11.39;87.5;64.69
M70;;2026-07-25;22:19:28;8.59;180.00;S;Oui;Oui;11.38;87.5;17.89
M71;Angelfish Cluster;2026-07-25;23:29:50;59.66;180.00;S;Oui;Oui;11.43;87.8;58.97
M75;;2026-07-25;23:42:06;18.96;180.00;S;Oui;Oui;11.43;87.8;36.67
M11;Wild Duck Cluster;2026-07-26;22:23:24;34.62;180.00;S;Oui;Oui;12.28;93.1;22.98
M26;;2026-07-26;22:17:31;31.48;180.00;S;Oui;Oui;12.28;93.0;19.56
M27;Dumbbell Nebula;2026-07-26;23:31:43;63.60;180.00;S;Oui;Oui;12.32;93.3;55.95
M29;Cooling Tower Cluster;2026-07-26;23:55:59;79.41;180.00;S;Oui;Oui;12.34;93.4;72.26
M54;;2026-07-26;22:27:20;10.40;180.00;S;Oui;Oui;12.28;93.1;8.83
M55;Specter Cluster;2026-07-26;23:12:09;9.92;180.00;S;Oui;Oui;12.31;93.2;18.08
M56;;2026-07-26;22:48:49;71.07;180.00;S;Oui;Oui;12.30;93.1;59.60
M57;Ring Nebula;2026-07-26;22:25:53;73.91;180.00;S;Oui;Oui;12.28;93.1;61.39
M71;Angelfish Cluster;2026-07-26;23:25:54;59.66;180.00;S;Oui;Oui;12.32;93.3;51.85
M75;;2026-07-26;23:38:10;18.96;180.00;S;Oui;Oui;12.33;93.3;24.87
M11;Wild Duck Cluster;2026-07-27;22:19:28;34.62;180.00;S;Oui;Oui;13.18;97.1;20.39
M26;;2026-07-27;22:13:35;31.48;180.00;S;Oui;Oui;13.17;97.1;17.72
M27;Dumbbell Nebula;2026-07-27;23:27:47;63.60;180.00;S;Oui;Oui;13.22;97.2;50.17
M29;Cooling Tower Cluster;2026-07-27;23:52:03;79.41;180.00;S;Oui;Oui;13.23;97.3;66.70
M54;;2026-07-27;22:23:25;10.40;180.00;S;Oui;Oui;13.18;97.1;5.33
M55;Specter Cluster;2026-07-27;23:08:14;9.92;180.00;S;Oui;Oui;13.21;97.2;8.00
M56;;2026-07-27;22:44:53;71.07;180.00;S;Oui;Oui;13.19;97.1;56.36
M57;Ring Nebula;2026-07-27;22:21:57;73.91;180.00;S;Oui;Oui;13.18;97.1;59.34
M71;Angelfish Cluster;2026-07-27;23:21:58;59.66;180.00;S;Oui;Oui;13.21;97.2;46.04
M75;;2026-07-27;23:34:14;18.96;180.00;S;Oui;Oui;13.22;97.2;13.03
M11;Wild Duck Cluster;2026-07-28;22:15:32;34.62;180.00;S;Oui;Oui;14.08;99.4;23.97
M27;Dumbbell Nebula;2026-07-28;23:23:51;63.60;180.00;S;Oui;Oui;14.12;99.5;46.04
M29;Cooling Tower Cluster;2026-07-28;23:48:07;79.41;180.00;S;Oui;Oui;14.14;99.5;61.96
M54;;2026-07-28;22:19:29;10.40;180.00;S;Oui;Oui;14.08;99.4;16.20
M55;Specter Cluster;2026-07-28;23:04:18;9.92;180.00;S;Oui;Oui;14.11;99.5;9.08
M56;;2026-07-28;22:40:57;71.07;180.00;S;Oui;Oui;14.09;99.4;54.66
M57;Ring Nebula;2026-07-28;22:18:01;73.91;180.00;S;Oui;Oui;14.08;99.4;58.71
M71;Angelfish Cluster;2026-07-28;23:18:02;59.66;180.00;S;Oui;Oui;14.12;99.5;42.16
M75;;2026-07-28;23:30:19;18.96;180.00;S;Oui;Oui;14.12;99.5;1.53
M11;Wild Duck Cluster;2026-07-29;22:11:36;34.62;180.00;S;Oui;Oui;14.99;99.9;31.84
M27;Dumbbell Nebula;2026-07-29;23:19:55;63.60;180.00;S;Oui;Oui;15.03;99.9;44.12
M29;Cooling Tower Cluster;2026-07-29;23:44:11;79.41;180.00;S;Oui;Oui;15.05;99.9;58.34
M54;;2026-07-29;22:15:33;10.40;180.00;S;Oui;Oui;14.99;99.9;28.11
M55;Specter Cluster;2026-07-29;23:00:22;9.92;180.00;S;Oui;Oui;15.02;99.9;19.78
M56;;2026-07-29;22:37:02;71.07;180.00;S;Oui;Oui;15.01;99.9;54.72
M57;Ring Nebula;2026-07-29;22:14:05;73.91;180.00;S;Oui;Oui;14.99;99.9;59.60
M71;Angelfish Cluster;2026-07-29;23:14:06;59.66;180.00;S;Oui;Oui;15.03;99.9;40.87
M75;;2026-07-29;23:26:23;18.96;180.00;S;Oui;Oui;15.04;99.9;11.14
M11;Wild Duck Cluster;2026-07-30;22:07:40;34.62;180.00;S;Oui;Oui;15.92;98.5;41.80
M27;Dumbbell Nebula;2026-07-30;23:15:59;63.60;180.00;S;Oui;Oui;15.96;98.4;44.84
M29;Cooling Tower Cluster;2026-07-30;23:40:15;79.41;180.00;S;Oui;Oui;15.98;98.3;56.18
M54;;2026-07-30;22:11:37;10.40;180.00;S;Oui;Oui;15.92;98.5;40.33
M55;Specter Cluster;2026-07-30;22:56:26;9.92;180.00;S;Oui;Oui;15.95;98.4;31.71
M56;;2026-07-30;22:33:06;71.07;180.00;S;Oui;Oui;15.93;98.5;56.60
M57;Ring Nebula;2026-07-30;22:10:09;73.91;180.00;S;Oui;Oui;15.92;98.5;62.01
M71;Angelfish Cluster;2026-07-30;23:10:10;59.66;180.00;S;Oui;Oui;15.96;98.4;42.53
M75;;2026-07-30;23:22:27;18.96;180.00;S;Oui;Oui;15.97;98.4;23.43
M11;Wild Duck Cluster;2026-07-31;22:03:44;34.62;180.00;S;Oui;Oui;16.87;95.1;52.84
M27;Dumbbell Nebula;2026-07-31;23:12:03;63.60;180.00;S;Oui;Oui;16.91;94.9;48.20
M29;Cooling Tower Cluster;2026-07-31;23:36:19;79.41;180.00;S;Oui;Oui;16.93;94.8;55.77
M54;;2026-07-31;22:07:41;10.40;180.00;S;Oui;Oui;16.87;95.1;52.84
M55;Specter Cluster;2026-07-31;22:52:30;9.92;180.00;S;Oui;Oui;16.90;94.9;44.08
M56;;2026-07-31;22:29:10;71.07;180.00;S;Oui;Oui;16.88;95.0;60.22
M57;Ring Nebula;2026-07-31;22:06:13;73.91;180.00;S;Oui;Oui;16.87;95.1;65.81
M71;Angelfish Cluster;2026-07-31;23:06:14;59.66;180.00;S;Oui;Oui;16.91;94.9;46.99
M75;;2026-07-31;23:18:31;18.96;180.00;S;Oui;Oui;16.91;94.9;35.99
M11;Wild Duck Cluster;2026-08-01;21:59:48;34.62;180.00;S;Oui;Oui;17.84;89.7;64.57
M27;Dumbbell Nebula;2026-08-01;23:08:07;63.60;180.00;S;Oui;Oui;17.88;89.4;53.85
M29;Cooling Tower Cluster;2026-08-01;23:32:23;79.41;180.00;S;Oui;Oui;17.90;89.3;57.27
M54;;2026-08-01;22:03:45;10.40;180.00;S;Oui;Oui;17.84;89.7;65.66
M55;Specter Cluster;2026-08-01;22:48:34;9.92;180.00;S;Oui;Oui;17.87;89.5;56.82
M56;;2026-08-01;22:25:14;71.07;180.00;S;Oui;Oui;17.85;89.6;65.36
M57;Ring Nebula;2026-08-01;22:02:17;73.91;180.00;S;Oui;Oui;17.84;89.7;70.83
M71;Angelfish Cluster;2026-08-01;23:02:19;59.66;180.00;S;Oui;Oui;17.88;89.4;53.67
M75;;2026-08-01;23:14:35;18.96;180.00;S;Oui;Oui;17.89;89.4;48.85
M11;Wild Duck Cluster;2026-08-02;21:55:52;34.62;180.00;S;Oui;Oui;18.84;82.4;76.80
M27;Dumbbell Nebula;2026-08-02;23:04:12;63.60;180.00;S;Oui;Oui;18.88;82.0;61.26
M29;Cooling Tower Cluster;2026-08-02;23:28:27;79.41;180.00;S;Oui;Oui;18.90;81.8;60.65
M54;;2026-08-02;21:59:49;10.40;180.00;S;Oui;Oui;18.84;82.3;78.79
M55;Specter Cluster;2026-08-02;22:44:38;9.92;180.00;S;Oui;Oui;18.87;82.1;69.90
M56;;2026-08-02;22:21:18;71.07;180.00;S;Oui;Oui;18.85;82.2;71.72
M57;Ring Nebula;2026-08-02;21:58:21;73.91;180.00;S;Oui;Oui;18.84;82.3;76.82
M71;Angelfish Cluster;2026-08-02;22:58:23;59.66;180.00;S;Oui;Oui;18.88;82.0;61.99
M75;;2026-08-02;23:10:39;18.96;180.00;S;Oui;Oui;18.89;81.9;62.03
M11;Wild Duck Cluster;2026-08-03;21:51:57;34.62;180.00;S;Oui;Oui;19.86;73.3;89.44
M27;Dumbbell Nebula;2026-08-03;23:00:16;63.60;180.00;S;Oui;Oui;19.91;72.8;69.97
M29;Cooling Tower Cluster;2026-08-03;23:24:31;79.41;180.00;S;Oui;Oui;19.93;72.7;65.71
M54;;2026-08-03;21:55:53;10.40;180.00;S;Oui;Oui;19.87;73.3;92.26
M55;Specter Cluster;2026-08-03;22:40:42;9.92;180.00;S;Oui;Oui;19.90;73.0;83.33
M56;;2026-08-03;22:17:22;71.07;180.00;S;Oui;Oui;19.88;73.1;79.00
M57;Ring Nebula;2026-08-03;21:54:25;73.91;180.00;S;Oui;Oui;19.86;73.3;83.52
M71;Angelfish Cluster;2026-08-03;22:54:27;59.66;180.00;S;Oui;Oui;19.91;72.9;71.46
M72;;2026-08-03;23:53:58;28.35;180.00;S;Oui;Oui;19.95;72.5;62.44
M75;;2026-08-03;23:06:43;18.96;180.00;S;Oui;Oui;19.92;72.8;75.54
M27;Dumbbell Nebula;2026-08-04;22:56:20;63.60;180.00;S;Oui;Oui;20.97;62.4;79.55
M29;Cooling Tower Cluster;2026-08-04;23:20:35;79.41;180.00;S;Oui;Oui;20.99;62.2;72.11
M54;;2026-08-04;21:51:57;10.40;180.00;S;Oui;Oui;20.92;62.9;106.06
M55;Specter Cluster;2026-08-04;22:36:46;9.92;180.00;S;Oui;Oui;20.96;62.5;97.09
M56;;2026-08-04;22:13:26;71.07;180.00;S;Oui;Oui;20.94;62.7;86.91
M57;Ring Nebula;2026-08-04;21:50:29;73.91;180.00;S;Oui;Oui;20.92;62.9;90.67
M71;Angelfish Cluster;2026-08-04;22:50:31;59.66;180.00;S;Oui;Oui;20.97;62.4;81.69
M72;;2026-08-04;23:50:02;28.35;180.00;S;Oui;Oui;21.01;61.9;76.19
M73;;2026-08-04;23:55:28;28.25;180.00;S;Oui;Oui;21.01;61.9;75.02
M75;;2026-08-04;23:02:47;18.96;180.00;S;Oui;Oui;20.98;62.3;89.38
M27;Dumbbell Nebula;2026-08-05;22:52:24;63.60;180.00;S;Oui;Oui;22.05;51.0;89.66
M29;Cooling Tower Cluster;2026-08-05;23:16:40;79.41;180.00;S;Oui;Oui;22.07;50.8;79.49
M54;;2026-08-05;21:48:01;10.40;180.00;S;Oui;Oui;22.01;51.5;120.15
M55;Specter Cluster;2026-08-05;22:32:50;9.92;180.00;S;Oui;Oui;22.04;51.1;111.14
M56;;2026-08-05;22:09:30;71.07;180.00;S;Oui;Oui;22.02;51.3;95.11
M57;Ring Nebula;2026-08-05;21:46:33;73.91;180.00;S;Oui;Oui;22.00;51.5;97.94
M71;Angelfish Cluster;2026-08-05;22:46:35;59.66;180.00;S;Oui;Oui;22.05;51.0;92.36
M72;;2026-08-05;23:46:06;28.35;180.00;S;Oui;Oui;22.10;50.6;90.25
M73;;2026-08-05;23:51:32;28.25;180.00;S;Oui;Oui;22.10;50.5;89.10
M75;;2026-08-05;22:58:51;18.96;180.00;S;Oui;Oui;22.06;50.9;103.52
M27;Dumbbell Nebula;2026-08-06;22:48:28;63.60;180.00;S;Oui;Oui;23.16;39.3;99.96
M29;Cooling Tower Cluster;2026-08-06;23:12:44;79.41;180.00;S;Oui;Oui;23.18;39.2;87.48
M54;;2026-08-06;21:44:05;10.40;180.00;S;Oui;Non;23.11;39.9;134.48
M55;Specter Cluster;2026-08-06;22:28:54;9.92;180.00;S;Oui;Oui;23.15;39.5;125.41
M56;;2026-08-06;22:05:34;71.07;180.00;S;Oui;Non;23.13;39.7;103.24
M71;Angelfish Cluster;2026-08-06;22:42:39;59.66;180.00;S;Oui;Oui;23.16;39.4;103.15
M72;;2026-08-06;23:42:10;28.35;180.00;S;Oui;Oui;23.20;38.9;104.56
M73;;2026-08-06;23:47:36;28.25;180.00;S;Oui;Oui;23.21;38.9;103.42
M75;;2026-08-06;22:54:55;18.96;180.00;S;Oui;Oui;23.17;39.3;117.90
M27;Dumbbell Nebula;2026-08-07;22:44:32;63.60;180.00;S;Oui;Non;24.28;28.2;110.05
M29;Cooling Tower Cluster;2026-08-07;23:08:48;79.41;180.00;S;Oui;Oui;24.30;28.0;95.68
M54;;2026-08-07;21:40:10;10.40;180.00;S;Oui;Non;24.23;28.6;148.96
M55;Specter Cluster;2026-08-07;22:24:59;9.92;180.00;S;Oui;Non;24.27;28.3;139.82
M56;;2026-08-07;22:01:38;71.07;180.00;S;Oui;Non;24.25;28.5;110.87
M71;Angelfish Cluster;2026-08-07;22:38:43;59.66;180.00;S;Oui;Non;24.28;28.2;113.69
M72;;2026-08-07;23:38:15;28.35;180.00;S;Oui;Oui;24.32;27.8;119.02
M73;;2026-08-07;23:43:40;28.25;180.00;S;Oui;Oui;24.33;27.7;117.91
M75;;2026-08-07;22:50:59;18.96;180.00;S;Oui;Non;24.29;28.1;132.47
M27;Dumbbell Nebula;2026-08-08;22:40:36;63.60;180.00;S;Oui;Non;25.41;18.1;119.46
M29;Cooling Tower Cluster;2026-08-08;23:04:52;79.41;180.00;S;Oui;Non;25.43;18.0;103.67
M55;Specter Cluster;2026-08-08;22:21:03;9.92;180.00;S;Oui;Non;25.39;18.2;154.18
M56;;2026-08-08;21:57:42;71.07;180.00;S;Oui;Non;25.38;18.4;117.45
M71;Angelfish Cluster;2026-08-08;22:34:47;59.66;180.00;S;Oui;Non;25.41;18.2;123.43
M72;;2026-08-08;23:34:19;28.35;180.00;S;Oui;Non;25.45;17.8;133.54
M73;;2026-08-08;23:39:44;28.25;180.00;S;Oui;Non;25.46;17.7;132.45
M75;;2026-08-08;22:47:04;18.96;180.00;S;Oui;Non;25.42;18.1;147.12
M27;Dumbbell Nebula;2026-08-09;22:36:40;63.60;180.00;S;Oui;Non;26.54;9.9;127.49
M29;Cooling Tower Cluster;2026-08-09;23:00:56;79.41;180.00;S;Oui;Non;26.56;9.8;110.99
M55;Specter Cluster;2026-08-09;22:17:07;9.92;180.00;S;Oui;Non;26.52;10.0;167.88
M56;;2026-08-09;21:53:46;71.07;180.00;S;Oui;Non;26.50;10.1;122.41
M71;Angelfish Cluster;2026-08-09;22:30:51;59.66;180.00;S;Oui;Non;26.53;9.9;131.63
M72;;2026-08-09;23:30:23;28.35;180.00;S;Oui;Non;26.58;9.6;147.96
M73;;2026-08-09;23:35:48;28.25;180.00;S;Oui;Non;26.58;9.6;146.92
M75;;2026-08-09;22:43:08;18.96;180.00;S;Oui;Non;26.54;9.9;161.76
M27;Dumbbell Nebula;2026-08-10;22:32:44;63.60;180.00;S;Oui;Non;27.65;4.0;133.28
M29;Cooling Tower Cluster;2026-08-10;22:57:00;79.41;180.00;S;Oui;Non;27.67;3.9;117.15
M55;Specter Cluster;2026-08-10;22:13:11;9.92;180.00;S;Oui;Non;27.64;4.1;172.63
M56;;2026-08-10;21:49:51;71.07;180.00;S;Oui;Non;27.62;4.1;125.16
M71;Angelfish Cluster;2026-08-10;22:26:55;59.66;180.00;S;Oui;Non;27.65;4.0;137.24
M72;;2026-08-10;23:26:27;28.35;180.00;S;Oui;Non;27.69;3.8;161.97
M73;;2026-08-10;23:31:52;28.25;180.00;S;Oui;Non;27.70;3.8;161.06
M75;;2026-08-10;22:39:12;18.96;180.00;S;Oui;Non;27.66;4.0;176.20
M27;Dumbbell Nebula;2026-08-11;22:28:48;63.60;180.00;S;Oui;Non;28.75;0.7;135.91
M29;Cooling Tower Cluster;2026-08-11;22:53:04;79.41;180.00;S;Oui;Non;28.77;0.7;121.64
M55;Specter Cluster;2026-08-11;22:09:15;9.92;180.00;S;Oui;Non;28.74;0.7;160.57
M56;;2026-08-11;21:45:55;71.07;180.00;S;Oui;Non;28.72;0.8;125.37
M71;Angelfish Cluster;2026-08-11;22:22:59;59.66;180.00;S;Oui;Non;28.75;0.7;139.19
M72;;2026-08-11;23:22:31;28.35;180.00;S;Oui;Non;28.79;0.6;173.17
M73;;2026-08-11;23:27:56;28.25;180.00;S;Oui;Non;28.79;0.6;173.14
M75;;2026-08-11;22:35:16;18.96;180.00;S;Oui;Non;28.75;0.7;169.22
M15;Great Pegasus Cluster;2026-08-12;23:55:00;53.05;180.00;S;Oui;Non;0.36;0.2;153.66
M27;Dumbbell Nebula;2026-08-12;22:24:52;63.60;180.00;S;Oui;Non;0.30;0.1;134.96
M29;Cooling Tower Cluster;2026-08-12;22:49:08;79.41;180.00;S;Oui;Non;0.31;0.1;124.03
M55;Specter Cluster;2026-08-12;22:05:19;9.92;180.00;S;Oui;Non;0.28;0.1;146.88
M56;;2026-08-12;21:41:59;71.07;180.00;S;Oui;Non;0.26;0.1;123.13
M71;Angelfish Cluster;2026-08-12;22:19:04;59.66;180.00;S;Oui;Non;0.29;0.1;137.14
M72;;2026-08-12;23:18:35;28.35;180.00;S;Oui;Non;0.34;0.1;166.82
M73;;2026-08-12;23:24:00;28.25;180.00;S;Oui;Non;0.34;0.1;168.10
M75;;2026-08-12;22:31:20;18.96;180.00;S;Oui;Non;0.30;0.1;155.12
M2;;2026-08-13;23:54:32;40.06;180.00;S;Oui;Non;1.41;2.3;162.20
M15;Great Pegasus Cluster;2026-08-13;23:51:04;53.05;180.00;S;Oui;Non;1.41;2.2;153.70
M27;Dumbbell Nebula;2026-08-13;22:20:57;63.60;180.00;S;Oui;Non;1.35;2.0;130.83
M29;Cooling Tower Cluster;2026-08-13;22:45:12;79.41;180.00;S;Oui;Non;1.36;2.1;124.13
M39;Pyramid Cluster;2026-08-13;23:52:47;89.32;180.00;S;Oui;Non;1.41;2.2;121.92
M55;Specter Cluster;2026-08-13;22:01:23;9.92;180.00;S;Oui;Non;1.33;2.0;133.25
M56;;2026-08-13;21:38:03;71.07;180.00;S;Oui;Non;1.32;1.9;118.87
M71;Angelfish Cluster;2026-08-13;22:15:08;59.66;180.00;S;Oui;Non;1.34;2.0;131.81
M72;;2026-08-13;23:14:39;28.35;180.00;S;Oui;Non;1.39;2.2;153.88
M73;;2026-08-13;23:20:04;28.25;180.00;S;Oui;Non;1.39;2.2;155.13
M75;;2026-08-13;22:27:24;18.96;180.00;S;Oui;Non;1.35;2.1;141.30
M2;;2026-08-14;23:50:36;40.06;180.00;S;Oui;Non;2.44;6.6;151.54
M15;Great Pegasus Cluster;2026-08-14;23:47:08;53.05;180.00;S;Oui;Non;2.44;6.6;147.86
M27;Dumbbell Nebula;2026-08-14;22:17:01;63.60;180.00;S;Oui;Non;2.37;6.3;124.45
M29;Cooling Tower Cluster;2026-08-14;22:41:16;79.41;180.00;S;Oui;Non;2.39;6.3;122.09
M39;Pyramid Cluster;2026-08-14;23:48:51;89.32;180.00;S;Oui;Non;2.44;6.6;124.17
M55;Specter Cluster;2026-08-14;21:57:27;9.92;180.00;S;Oui;Non;2.36;6.2;119.86
M56;;2026-08-14;21:34:07;71.07;180.00;S;Oui;Non;2.34;6.1;113.17
M71;Angelfish Cluster;2026-08-14;22:11:12;59.66;180.00;S;Oui;Non;2.37;6.2;124.37
M72;;2026-08-14;23:10:43;28.35;180.00;S;Oui;Non;2.41;6.5;140.69
M73;;2026-08-14;23:16:09;28.25;180.00;S;Oui;Non;2.41;6.5;141.90
M75;;2026-08-14;22:23:28;18.96;180.00;S;Oui;Non;2.38;6.3;127.81
M2;;2026-08-15;23:46:40;40.06;180.00;S;Oui;Non;3.44;12.8;139.57
M15;Great Pegasus Cluster;2026-08-15;23:43:12;53.05;180.00;S;Oui;Non;3.43;12.8;138.88
M27;Dumbbell Nebula;2026-08-15;22:13:05;63.60;180.00;S;Oui;Non;3.37;12.4;116.71
M29;Cooling Tower Cluster;2026-08-15;22:37:20;79.41;180.00;S;Oui;Non;3.39;12.5;118.28
M30;Jellyfish Cluster;2026-08-15;23:53:34;17.70;180.00;S;Oui;Non;3.44;12.9;133.26
M39;Pyramid Cluster;2026-08-15;23:44:55;89.32;180.00;S;Oui;Non;3.43;12.8;124.34
M55;Specter Cluster;2026-08-15;21:53:31;9.92;180.00;S;Oui;Non;3.36;12.3;106.78
M56;;2026-08-15;21:30:11;71.07;180.00;S;Oui;Non;3.34;12.2;106.58
M71;Angelfish Cluster;2026-08-15;22:07:16;59.66;180.00;S;Oui;Non;3.37;12.3;115.78
M72;;2026-08-15;23:06:47;28.35;180.00;S;Oui;Non;3.41;12.6;127.69
M73;;2026-08-15;23:12:13;28.25;180.00;S;Oui;Non;3.41;12.7;128.89
M75;;2026-08-15;22:19:32;18.96;180.00;S;Oui;Non;3.38;12.4;114.64
M2;;2026-08-16;23:42:44;40.06;180.00;S;Oui;Non;4.41;20.5;127.42
M15;Great Pegasus Cluster;2026-08-16;23:39:16;53.05;180.00;S;Oui;Non;4.41;20.5;128.60
M27;Dumbbell Nebula;2026-08-16;22:09:09;63.60;180.00;S;Oui;Non;4.35;20.0;108.26
M29;Cooling Tower Cluster;2026-08-16;22:33:24;79.41;180.00;S;Oui;Non;4.36;20.1;113.19
M30;Jellyfish Cluster;2026-08-16;23:49:38;17.70;180.00;S;Oui;Non;4.41;20.5;120.62
M39;Pyramid Cluster;2026-08-16;23:40:59;89.32;180.00;S;Oui;Non;4.41;20.5;122.53
M55;Specter Cluster;2026-08-16;21:49:35;9.92;180.00;S;Oui;Non;4.33;19.9;94.00
M56;;2026-08-16;21:26:15;71.07;180.00;S;Oui;Non;4.32;19.7;99.51
M71;Angelfish Cluster;2026-08-16;22:03:20;59.66;180.00;S;Oui;Non;4.34;19.9;106.63
M72;;2026-08-16;23:02:51;28.35;180.00;S;Oui;Non;4.38;20.3;114.96
M73;;2026-08-16;23:08:17;28.25;180.00;S;Oui;Non;4.39;20.3;116.14
M75;;2026-08-16;22:15:36;18.96;180.00;S;Oui;Non;4.35;20.0;101.79
M2;;2026-08-17;23:38:48;40.06;180.00;S;Oui;Non;5.36;29.2;115.34
M15;Great Pegasus Cluster;2026-08-17;23:35:20;53.05;180.00;S;Oui;Non;5.36;29.2;117.86
M27;Dumbbell Nebula;2026-08-17;22:05:13;63.60;180.00;S;Oui;Non;5.30;28.6;99.49
M29;Cooling Tower Cluster;2026-08-17;22:29:29;79.41;180.00;S;Oui;Non;5.31;28.8;107.24
M30;Jellyfish Cluster;2026-08-17;23:45:42;17.70;180.00;S;Oui;Non;5.36;29.3;108.22
M39;Pyramid Cluster;2026-08-17;23:37:03;89.32;180.00;S;Oui;Non;5.36;29.2;119.08
M55;Specter Cluster;2026-08-17;21:45:39;9.92;180.00;S;Oui;Non;5.29;28.5;81.51
M56;;2026-08-17;21:22:19;71.07;180.00;S;Oui;Non;5.27;28.3;92.28
M71;Angelfish Cluster;2026-08-17;21:59:24;59.66;180.00;S;Oui;Non;5.30;28.6;97.29
M72;;2026-08-17;22:58:55;28.35;180.00;S;Oui;Non;5.33;29.0;102.49
M73;;2026-08-17;23:04:21;28.25;180.00;S;Oui;Non;5.34;29.0;103.66
M75;;2026-08-17;22:11:40;18.96;180.00;S;Oui;Non;5.30;28.7;89.24
M2;;2026-08-18;23:34:52;40.06;180.00;S;Oui;Non;6.29;38.6;103.42
M15;Great Pegasus Cluster;2026-08-18;23:31:24;53.05;180.00;S;Oui;Non;6.29;38.5;106.98
M27;Dumbbell Nebula;2026-08-18;22:01:17;63.60;180.00;S;Oui;Non;6.23;37.9;90.67
M29;Cooling Tower Cluster;2026-08-18;22:25:33;79.41;180.00;S;Oui;Non;6.25;38.1;100.78
M30;Jellyfish Cluster;2026-08-18;23:41:46;17.70;180.00;S;Oui;Non;6.30;38.6;96.04
M39;Pyramid Cluster;2026-08-18;23:33:08;89.32;180.00;S;Oui;Non;6.29;38.5;114.39
M55;Specter Cluster;2026-08-18;21:41:44;9.92;180.00;S;Oui;Non;6.22;37.8;69.27
M56;;2026-08-18;21:18:23;71.07;180.00;S;Oui;Non;6.21;37.6;85.12
M71;Angelfish Cluster;2026-08-18;21:55:28;59.66;180.00;S;Oui;Non;6.23;37.9;87.98
M72;;2026-08-18;22:55:00;28.35;180.00;S;Oui;Non;6.27;38.3;90.27
M73;;2026-08-18;23:00:25;28.25;180.00;S;Oui;Non;6.27;38.3;91.42
M75;;2026-08-18;22:07:44;18.96;180.00;S;Oui;Non;6.24;38.0;76.93
M2;;2026-08-19;23:30:56;40.06;180.00;S;Oui;Non;7.21;48.2;91.66
M15;Great Pegasus Cluster;2026-08-19;23:27:28;53.05;180.00;S;Oui;Non;7.21;48.1;96.11
M27;Dumbbell Nebula;2026-08-19;21:57:21;63.60;180.00;S;Oui;Non;7.15;47.5;81.98
M29;Cooling Tower Cluster;2026-08-19;22:21:37;79.41;180.00;S;Oui;Non;7.17;47.7;94.08
M30;Jellyfish Cluster;2026-08-19;23:37:50;17.70;180.00;S;Oui;Non;7.21;48.2;84.06
M39;Pyramid Cluster;2026-08-19;23:29:12;89.32;180.00;S;Oui;Non;7.21;48.2;108.80
M55;Specter Cluster;2026-08-19;21:37:48;9.92;180.00;S;Oui;Non;7.14;47.4;57.25
M56;;2026-08-19;21:14:27;71.07;180.00;S;Oui;Oui;7.12;47.3;78.23
M71;Angelfish Cluster;2026-08-19;21:51:32;59.66;180.00;S;Oui;Non;7.15;47.5;78.87
M72;;2026-08-19;22:51:04;28.35;180.00;S;Oui;Non;7.18;47.9;78.24
M73;;2026-08-19;22:56:29;28.25;180.00;S;Oui;Non;7.19;47.9;79.39
M75;;2026-08-19;22:03:48;18.96;180.00;S;Oui;Non;7.15;47.6;64.83
M2;;2026-08-20;23:27:00;40.06;180.00;S;Oui;Non;8.12;57.7;80.04
M15;Great Pegasus Cluster;2026-08-20;23:23:32;53.05;180.00;S;Oui;Non;8.11;57.7;85.33
M27;Dumbbell Nebula;2026-08-20;21:53:25;63.60;180.00;S;Oui;Non;8.06;57.1;73.58
M29;Cooling Tower Cluster;2026-08-20;22:17:41;79.41;180.00;S;Oui;Non;8.07;57.3;87.34
M30;Jellyfish Cluster;2026-08-20;23:33:54;17.70;180.00;S;Oui;Non;8.12;57.8;72.23
M39;Pyramid Cluster;2026-08-20;23:25:16;89.32;180.00;S;Oui;Non;8.11;57.7;102.64
M55;Specter Cluster;2026-08-20;21:33:52;9.92;180.00;S;Oui;Oui;8.04;57.0;45.41
M56;;2026-08-20;21:10:31;71.07;180.00;S;Oui;Oui;8.03;56.8;71.78
M71;Angelfish Cluster;2026-08-20;21:47:36;59.66;180.00;S;Oui;Non;8.05;57.1;70.09
M72;;2026-08-20;22:47:08;28.35;180.00;S;Oui;Non;8.09;57.5;66.37
M73;;2026-08-20;22:52:33;28.25;180.00;S;Oui;Non;8.09;57.5;67.51
M75;;2026-08-20;21:59:53;18.96;180.00;S;Oui;Non;8.06;57.2;52.88
M2;;2026-08-21;23:23:05;40.06;180.00;S;Oui;Non;9.01;66.9;68.53
M15;Great Pegasus Cluster;2026-08-21;23:19:36;53.05;180.00;S;Oui;Non;9.01;66.9;74.67
M27;Dumbbell Nebula;2026-08-21;21:49:29;63.60;180.00;S;Oui;Oui;8.95;66.3;65.62
M29;Cooling Tower Cluster;2026-08-21;22:13:45;79.41;180.00;S;Oui;Oui;8.97;66.5;80.73
M30;Jellyfish Cluster;2026-08-21;23:29:59;17.70;180.00;S;Oui;Non;9.02;67.0;60.51
M39;Pyramid Cluster;2026-08-21;23:21:20;89.32;180.00;S;Oui;Non;9.01;66.9;96.13
M55;Specter Cluster;2026-08-21;21:29:56;9.92;180.00;S;Oui;Oui;8.94;66.2;33.73
M56;;2026-08-21;21:06:36;71.07;180.00;S;Oui;Oui;8.93;66.1;65.98
M71;Angelfish Cluster;2026-08-21;21:43:40;59.66;180.00;S;Oui;Oui;8.95;66.3;61.82
M72;;2026-08-21;22:43:12;28.35;180.00;S;Oui;Non;8.99;66.7;54.62
M73;;2026-08-21;22:48:37;28.25;180.00;S;Oui;Non;8.99;66.7;55.73
M75;;2026-08-21;21:55:57;18.96;180.00;S;Oui;Oui;8.96;66.4;41.03
M2;;2026-08-22;23:19:09;40.06;180.00;S;Oui;Non;9.90;75.5;57.13
M15;Great Pegasus Cluster;2026-08-22;23:15:41;53.05;180.00;S;Oui;Oui;9.90;75.5;64.18
M27;Dumbbell Nebula;2026-08-22;21:45:33;63.60;180.00;S;Oui;Oui;9.85;74.9;58.35
M29;Cooling Tower Cluster;2026-08-22;22:09:49;79.41;180.00;S;Oui;Oui;9.86;75.1;74.42
M30;Jellyfish Cluster;2026-08-22;23:26:03;17.70;180.00;S;Oui;Non;9.91;75.5;48.87
M39;Pyramid Cluster;2026-08-22;23:17:24;89.32;180.00;S;Oui;Oui;9.90;75.5;89.45
M55;Specter Cluster;2026-08-22;21:26:00;9.92;180.00;S;Oui;Oui;9.83;74.8;22.25
M56;;2026-08-22;21:02:40;71.07;180.00;S;Oui;Oui;9.82;74.7;61.07
M71;Angelfish Cluster;2026-08-22;21:39:44;59.66;180.00;S;Oui;Oui;9.84;74.9;54.30
M72;;2026-08-22;22:39:16;28.35;180.00;S;Oui;Oui;9.88;75.3;42.94
M73;;2026-08-22;22:44:41;28.25;180.00;S;Oui;Oui;9.88;75.3;44.03
M75;;2026-08-22;21:52:01;18.96;180.00;S;Oui;Oui;9.85;75.0;29.23
M2;;2026-08-23;23:15:13;40.06;180.00;S;Oui;Oui;10.80;83.1;45.83
M15;Great Pegasus Cluster;2026-08-23;23:11:45;53.05;180.00;S;Oui;Oui;10.79;83.1;53.95
M27;Dumbbell Nebula;2026-08-23;21:41:37;63.60;180.00;S;Oui;Oui;10.74;82.7;52.07
M29;Cooling Tower Cluster;2026-08-23;22:05:53;79.41;180.00;S;Oui;Oui;10.75;82.8;68.60
M30;Jellyfish Cluster;2026-08-23;23:22:07;17.70;180.00;S;Oui;Oui;10.80;83.2;37.29
M39;Pyramid Cluster;2026-08-23;23:13:28;89.32;180.00;S;Oui;Oui;10.79;83.1;82.79
M55;Specter Cluster;2026-08-23;21:22:04;9.92;180.00;S;Oui;Oui;10.73;82.6;11.40
M56;;2026-08-23;20:58:44;71.07;180.00;S;Oui;Oui;10.71;82.5;57.31
M71;Angelfish Cluster;2026-08-23;21:35:49;59.66;180.00;S;Oui;Oui;10.73;82.6;47.92
M72;;2026-08-23;22:35:20;28.35;180.00;S;Oui;Oui;10.77;82.9;31.32
M73;;2026-08-23;22:40:45;28.25;180.00;S;Oui;Oui;10.77;83.0;32.36
M75;;2026-08-23;21:48:05;18.96;180.00;S;Oui;Oui;10.74;82.7;17.42
M2;;2026-08-24;23:11:17;40.06;180.00;S;Oui;Oui;11.69;89.6;34.73
M15;Great Pegasus Cluster;2026-08-24;23:07:49;53.05;180.00;S;Oui;Oui;11.69;89.6;44.19
M27;Dumbbell Nebula;2026-08-24;21:37:42;63.60;180.00;S;Oui;Oui;11.63;89.2;47.25
M29;Cooling Tower Cluster;2026-08-24;22:01:57;79.41;180.00;S;Oui;Oui;11.65;89.4;63.51
M30;Jellyfish Cluster;2026-08-24;23:18:11;17.70;180.00;S;Oui;Oui;11.70;89.7;25.82
M39;Pyramid Cluster;2026-08-24;23:09:32;89.32;180.00;S;Oui;Oui;11.69;89.6;76.30
M55;Specter Cluster;2026-08-24;21:18:08;9.92;180.00;S;Oui;Oui;11.62;89.2;6.59
M56;;2026-08-24;20:54:48;71.07;180.00;S;Oui;Oui;11.61;89.1;54.99
M71;Angelfish Cluster;2026-08-24;21:31:53;59.66;180.00;S;Oui;Oui;11.63;89.2;43.23
M72;;2026-08-24;22:31:24;28.35;180.00;S;Oui;Oui;11.67;89.5;19.84
M73;;2026-08-24;22:36:49;28.25;180.00;S;Oui;Oui;11.67;89.5;20.79
M75;;2026-08-24;21:44:09;18.96;180.00;S;Oui;Oui;11.64;89.3;5.60
M2;;2026-08-25;23:07:21;40.06;180.00;S;Oui;Oui;12.60;94.7;24.16
M15;Great Pegasus Cluster;2026-08-25;23:03:53;53.05;180.00;S;Oui;Oui;12.59;94.7;35.34
M27;Dumbbell Nebula;2026-08-25;21:33:46;63.60;180.00;S;Oui;Oui;12.54;94.5;44.43
M29;Cooling Tower Cluster;2026-08-25;21:58:01;79.41;180.00;S;Oui;Oui;12.55;94.5;59.43
M30;Jellyfish Cluster;2026-08-25;23:14:15;17.70;180.00;S;Oui;Oui;12.60;94.8;14.85
M39;Pyramid Cluster;2026-08-25;23:05:36;89.32;180.00;S;Oui;Oui;12.60;94.7;70.18
M55;Specter Cluster;2026-08-25;21:14:12;9.92;180.00;S;Oui;Oui;12.53;94.4;15.55
M56;;2026-08-25;20:50:52;71.07;180.00;S;Oui;Oui;12.51;94.3;54.37
M71;Angelfish Cluster;2026-08-25;21:27:57;59.66;180.00;S;Oui;Oui;12.53;94.4;40.90
M72;;2026-08-25;22:27:28;28.35;180.00;S;Oui;Oui;12.57;94.6;9.27
M73;;2026-08-25;22:32:54;28.25;180.00;S;Oui;Oui;12.58;94.6;9.82
M75;;2026-08-25;21:40:13;18.96;180.00;S;Oui;Oui;12.54;94.5;6.58
M2;;2026-08-26;23:03:25;40.06;180.00;S;Oui;Oui;13.52;98.2;15.55
M15;Great Pegasus Cluster;2026-08-26;22:59:57;53.05;180.00;S;Oui;Oui;13.51;98.2;28.44
M27;Dumbbell Nebula;2026-08-26;21:29:50;63.60;180.00;S;Oui;Oui;13.45;98.1;44.12
M29;Cooling Tower Cluster;2026-08-26;21:54:05;79.41;180.00;S;Oui;Oui;13.47;98.1;56.68
M30;Jellyfish Cluster;2026-08-26;23:10:19;17.70;180.00;S;Oui;Oui;13.52;98.2;7.84
M39;Pyramid Cluster;2026-08-26;23:01:40;89.32;180.00;S;Oui;Oui;13.51;98.2;64.69
M55;Specter Cluster;2026-08-26;21:10:16;9.92;180.00;S;Oui;Oui;13.44;98.0;27.14
M56;;2026-08-26;20:46:56;71.07;180.00;S;Oui;Oui;13.43;98.0;55.55
M71;Angelfish Cluster;2026-08-26;21:24:01;59.66;180.00;S;Oui;Oui;13.45;98.1;41.43
M72;;2026-08-26;22:23:32;28.35;180.00;S;Oui;Oui;13.49;98.2;8.24
M73;;2026-08-26;22:28:58;28.25;180.00;S;Oui;Oui;13.49;98.2;7.08
M75;;2026-08-26;21:36:17;18.96;180.00;S;Oui;Oui;13.46;98.1;18.72
M2;;2026-08-27;22:59:29;40.06;180.00;S;Oui;Oui;14.45;99.9;13.92
M15;Great Pegasus Cluster;2026-08-27;22:56:01;53.05;180.00;S;Oui;Oui;14.45;99.9;25.40
M27;Dumbbell Nebula;2026-08-27;21:25:54;63.60;180.00;S;Oui;Oui;14.39;99.8;46.48
M29;Cooling Tower Cluster;2026-08-27;21:50:09;79.41;180.00;S;Oui;Oui;14.41;99.9;55.57
M30;Jellyfish Cluster;2026-08-27;23:06:23;17.70;180.00;S;Oui;Oui;14.46;99.9;14.26
M39;Pyramid Cluster;2026-08-27;22:57:44;89.32;180.00;S;Oui;Oui;14.45;99.9;60.14
M55;Specter Cluster;2026-08-27;21:06:20;9.92;180.00;S;Oui;Oui;14.38;99.8;39.29
M71;Angelfish Cluster;2026-08-27;21:20:05;59.66;180.00;S;Oui;Oui;14.39;99.8;44.85
M72;;2026-08-27;22:19:36;28.35;180.00;S;Oui;Oui;14.43;99.9;18.81
M73;;2026-08-27;22:25:02;28.25;180.00;S;Oui;Oui;14.43;99.9;17.53
M75;;2026-08-27;21:32:21;18.96;180.00;S;Oui;Oui;14.39;99.8;31.11
M2;;2026-08-28;22:55:33;40.06;180.00;S;Oui;Oui;15.41;99.5;21.39
M15;Great Pegasus Cluster;2026-08-28;22:52:05;53.05;180.00;S;Oui;Oui;15.41;99.5;27.86
M27;Dumbbell Nebula;2026-08-28;21:21:58;63.60;180.00;S;Oui;Oui;15.35;99.6;51.29
M29;Cooling Tower Cluster;2026-08-28;21:46:14;79.41;180.00;S;Oui;Oui;15.36;99.6;56.33
M30;Jellyfish Cluster;2026-08-28;23:02:27;17.70;180.00;S;Oui;Oui;15.41;99.5;25.79
M39;Pyramid Cluster;2026-08-28;22:53:48;89.32;180.00;S;Oui;Oui;15.41;99.5;56.94
M55;Specter Cluster;2026-08-28;21:02:24;9.92;180.00;S;Oui;Oui;15.33;99.6;51.81
M71;Angelfish Cluster;2026-08-28;21:16:09;59.66;180.00;S;Oui;Oui;15.34;99.6;50.73
M72;;2026-08-28;22:15:40;28.35;180.00;S;Oui;Oui;15.38;99.6;31.03
M73;;2026-08-28;22:21:06;28.25;180.00;S;Oui;Oui;15.39;99.6;29.79
M75;;2026-08-28;21:28:25;18.96;180.00;S;Oui;Oui;15.35;99.6;43.78
M2;;2026-08-29;22:51:37;40.06;180.00;S;Oui;Oui;16.39;97.0;32.49
M15;Great Pegasus Cluster;2026-08-29;22:48:09;53.05;180.00;S;Oui;Oui;16.39;97.0;34.95
M27;Dumbbell Nebula;2026-08-29;21:18:02;63.60;180.00;S;Oui;Oui;16.33;97.2;58.05
M29;Cooling Tower Cluster;2026-08-29;21:42:18;79.41;180.00;S;Oui;Oui;16.35;97.2;58.98
M30;Jellyfish Cluster;2026-08-29;22:58:31;17.70;180.00;S;Oui;Oui;16.40;97.0;38.34
M39;Pyramid Cluster;2026-08-29;22:49:53;89.32;180.00;S;Oui;Oui;16.39;97.0;55.47
M55;Specter Cluster;2026-08-29;20:58:29;9.92;180.00;S;Oui;Oui;16.32;97.3;64.68
M71;Angelfish Cluster;2026-08-29;21:12:13;59.66;180.00;S;Oui;Oui;16.32;97.2;58.44
M72;;2026-08-29;22:11:45;28.35;180.00;S;Oui;Oui;16.37;97.1;43.80
M73;;2026-08-29;22:17:10;28.25;180.00;S;Oui;Oui;16.37;97.1;42.59
M75;;2026-08-29;21:24:29;18.96;180.00;S;Oui;Oui;16.33;97.2;56.76
M2;;2026-08-30;22:47:41;40.06;180.00;S;Oui;Oui;17.41;92.2;44.87
M15;Great Pegasus Cluster;2026-08-30;22:44:13;53.05;180.00;S;Oui;Oui;17.40;92.3;44.76
M27;Dumbbell Nebula;2026-08-30;21:14:06;63.60;180.00;S;Oui;Oui;17.34;92.6;66.26
M29;Cooling Tower Cluster;2026-08-30;21:38:22;79.41;180.00;S;Oui;Oui;17.36;92.5;63.40
M30;Jellyfish Cluster;2026-08-30;22:54:35;17.70;180.00;S;Oui;Oui;17.41;92.2;51.41
M39;Pyramid Cluster;2026-08-30;22:45:57;89.32;180.00;S;Oui;Oui;17.40;92.2;56.06
M55;Specter Cluster;2026-08-30;20:54:33;9.92;180.00;S;Oui;Oui;17.33;92.7;77.90
M71;Angelfish Cluster;2026-08-30;21:08:17;59.66;180.00;S;Oui;Oui;17.33;92.6;67.47
M72;;2026-08-30;22:07:49;28.35;180.00;S;Oui;Oui;17.38;92.4;56.99
M73;;2026-08-30;22:13:14;28.25;180.00;S;Oui;Oui;17.38;92.4;55.80
M75;;2026-08-30;21:20:33;18.96;180.00;S;Oui;Oui;17.34;92.6;70.06
M2;;2026-08-31;22:43:45;40.06;180.00;S;Oui;Oui;18.45;85.3;57.91
M15;Great Pegasus Cluster;2026-08-31;22:40:17;53.05;180.00;S;Oui;Oui;18.45;85.3;56.08
M27;Dumbbell Nebula;2026-08-31;21:10:10;63.60;180.00;S;Oui;Oui;18.38;85.8;75.50
M29;Cooling Tower Cluster;2026-08-31;21:34:26;79.41;180.00;S;Oui;Oui;18.40;85.7;69.29
M30;Jellyfish Cluster;2026-08-31;22:50:39;17.70;180.00;S;Oui;Oui;18.45;85.3;64.89
M39;Pyramid Cluster;2026-08-31;22:42:01;89.32;180.00;S;Oui;Oui;18.45;85.3;58.77
M55;Specter Cluster;2026-08-31;20:50:37;9.92;180.00;S;Oui;Oui;18.36;85.9;91.45
M71;Angelfish Cluster;2026-08-31;21:04:21;59.66;180.00;S;Oui;Oui;18.37;85.9;77.39
M72;;2026-08-31;22:03:53;28.35;180.00;S;Oui;Oui;18.42;85.5;70.53
M73;;2026-08-31;22:09:18;28.25;180.00;S;Oui;Oui;18.42;85.5;69.36
M75;;2026-08-31;21:16:38;18.96;180.00;S;Oui;Oui;18.38;85.8;83.70
M2;;2026-09-01;22:39:50;40.06;180.00;S;Oui;Oui;19.52;76.5;71.43
M15;Great Pegasus Cluster;2026-09-01;22:36:21;53.05;180.00;S;Oui;Oui;19.51;76.5;68.29
M27;Dumbbell Nebula;2026-09-01;21:06:14;63.60;180.00;S;Oui;Oui;19.45;77.1;85.41
M29;Cooling Tower Cluster;2026-09-01;21:30:30;79.41;180.00;S;Oui;Oui;19.47;76.9;76.31
M30;Jellyfish Cluster;2026-09-01;22:46:44;17.70;180.00;S;Oui;Oui;19.52;76.4;78.72
M39;Pyramid Cluster;2026-09-01;22:38:05;89.32;180.00;S;Oui;Oui;19.52;76.5;63.42
M55;Specter Cluster;2026-09-01;20:46:41;9.92;180.00;S;Oui;Oui;19.43;77.2;105.32
M71;Angelfish Cluster;2026-09-01;21:00:25;59.66;180.00;S;Oui;Oui;19.44;77.1;87.89
M72;;2026-09-01;21:59:57;28.35;180.00;S;Oui;Oui;19.49;76.7;84.41
M73;;2026-09-01;22:05:22;28.25;180.00;S;Oui;Oui;19.49;76.7;83.25
M75;;2026-09-01;21:12:42;18.96;180.00;S;Oui;Oui;19.45;77.0;97.65
M2;;2026-09-02;22:35:54;40.06;180.00;S;Oui;Oui;20.61;66.0;85.28
M15;Great Pegasus Cluster;2026-09-02;22:32:26;53.05;180.00;S;Oui;Oui;20.61;66.0;81.05
M27;Dumbbell Nebula;2026-09-02;21:02:18;63.60;180.00;S;Oui;Oui;20.54;66.7;95.66
M29;Cooling Tower Cluster;2026-09-02;21:26:34;79.41;180.00;S;Oui;Oui;20.56;66.5;84.09
M30;Jellyfish Cluster;2026-09-02;22:42:48;17.70;180.00;S;Oui;Oui;20.62;65.9;92.84
M39;Pyramid Cluster;2026-09-02;22:34:09;89.32;180.00;S;Oui;Oui;20.61;66.0;69.66
M55;Specter Cluster;2026-09-02;20:42:45;9.92;180.00;S;Oui;Oui;20.52;66.9;119.45
M71;Angelfish Cluster;2026-09-02;20:56:29;59.66;180.00;S;Oui;Oui;20.54;66.8;98.66
M72;;2026-09-02;21:56:01;28.35;180.00;S;Oui;Oui;20.58;66.3;98.57
M73;;2026-09-02;22:01:26;28.25;180.00;S;Oui;Oui;20.58;66.3;97.43
M75;;2026-09-02;21:08:46;18.96;180.00;S;Oui;Oui;20.54;66.7;111.89
M2;;2026-09-03;22:31:58;40.06;180.00;S;Oui;Oui;21.72;54.5;99.37
M15;Great Pegasus Cluster;2026-09-03;22:28:30;53.05;180.00;S;Oui;Oui;21.72;54.5;94.12
M27;Dumbbell Nebula;2026-09-03;20:58:22;63.60;180.00;S;Oui;Oui;21.65;55.3;105.89
M29;Cooling Tower Cluster;2026-09-03;21:22:38;79.41;180.00;S;Oui;Oui;21.67;55.1;92.25
M30;Jellyfish Cluster;2026-09-03;22:38:52;17.70;180.00;S;Oui;Oui;21.73;54.4;107.18
M39;Pyramid Cluster;2026-09-03;22:30:13;89.32;180.00;S;Oui;Oui;21.72;54.5;77.04
M55;Specter Cluster;2026-09-03;20:38:49;9.92;180.00;S;Oui;Non;21.64;55.4;133.78
M71;Angelfish Cluster;2026-09-03;20:52:34;59.66;180.00;S;Oui;Oui;21.65;55.3;109.35
M72;;2026-09-03;21:52:05;28.35;180.00;S;Oui;Oui;21.69;54.8;112.95
M73;;2026-09-03;21:57:30;28.25;180.00;S;Oui;Oui;21.70;54.8;111.83
M75;;2026-09-03;21:04:50;18.96;180.00;S;Oui;Oui;21.66;55.2;126.35
M2;;2026-09-04;22:28:02;40.06;180.00;S;Oui;Oui;22.85;42.6;113.57
M15;Great Pegasus Cluster;2026-09-04;22:24:34;53.05;180.00;S;Oui;Oui;22.85;42.6;107.27
M27;Dumbbell Nebula;2026-09-04;20:54:27;63.60;180.00;S;Oui;Non;22.77;43.4;115.66
M29;Cooling Tower Cluster;2026-09-04;21:18:42;79.41;180.00;S;Oui;Non;22.79;43.2;100.40
M30;Jellyfish Cluster;2026-09-04;22:34:56;17.70;180.00;S;Oui;Oui;22.85;42.5;121.63
M39;Pyramid Cluster;2026-09-04;22:26:17;89.32;180.00;S;Oui;Oui;22.85;42.6;85.10
M55;Specter Cluster;2026-09-04;20:34:53;9.92;180.00;S;Oui;Non;22.76;43.5;148.16
M71;Angelfish Cluster;2026-09-04;20:48:38;59.66;180.00;S;Oui;Non;22.77;43.4;119.51
M72;;2026-09-04;21:48:09;28.35;180.00;S;Oui;Oui;22.82;42.9;127.45
M73;;2026-09-04;21:53:34;28.25;180.00;S;Oui;Oui;22.82;42.9;126.35
M75;;2026-09-04;21:00:54;18.96;180.00;S;Oui;Non;22.78;43.3;140.96
M2;;2026-09-05;22:24:06;40.06;180.00;S;Oui;Non;23.97;31.1;127.70
M15;Great Pegasus Cluster;2026-09-05;22:20:38;53.05;180.00;S;Oui;Non;23.97;31.1;120.22
M27;Dumbbell Nebula;2026-09-05;20:50:31;63.60;180.00;S;Oui;Non;23.90;31.8;124.40
M29;Cooling Tower Cluster;2026-09-05;21:14:46;79.41;180.00;S;Oui;Non;23.92;31.6;108.09
M30;Jellyfish Cluster;2026-09-05;22:31:00;17.70;180.00;S;Oui;Non;23.98;31.0;136.07
M39;Pyramid Cluster;2026-09-05;22:22:21;89.32;180.00;S;Oui;Non;23.97;31.1;93.42
M55;Specter Cluster;2026-09-05;20:30:57;9.92;180.00;S;Oui;Non;23.89;32.0;162.29
M71;Angelfish Cluster;2026-09-05;20:44:42;59.66;180.00;S;Oui;Non;23.90;31.9;128.50
M72;;2026-09-05;21:44:13;28.35;180.00;S;Oui;Non;23.94;31.4;141.94
M73;;2026-09-05;21:49:39;28.25;180.00;S;Oui;Non;23.95;31.4;140.88
M75;;2026-09-05;20:56:58;18.96;180.00;S;Oui;Non;23.91;31.8;155.62
M2;;2026-09-06;22:20:10;40.06;180.00;S;Oui;Non;25.10;20.7;141.54
M15;Great Pegasus Cluster;2026-09-06;22:16:42;53.05;180.00;S;Oui;Non;25.09;20.7;132.58
M27;Dumbbell Nebula;2026-09-06;20:46:35;63.60;180.00;S;Oui;Non;25.02;21.3;131.28
M29;Cooling Tower Cluster;2026-09-06;21:10:50;79.41;180.00;S;Oui;Non;25.04;21.2;114.84
M30;Jellyfish Cluster;2026-09-06;22:27:04;17.70;180.00;S;Oui;Non;25.10;20.7;150.29
M39;Pyramid Cluster;2026-09-06;22:18:25;89.32;180.00;S;Oui;Non;25.09;20.7;101.56
M55;Specter Cluster;2026-09-06;20:27:01;9.92;180.00;S;Oui;Non;25.01;21.5;173.46
M71;Angelfish Cluster;2026-09-06;20:40:46;59.66;180.00;S;Oui;Non;25.02;21.4;135.37
M72;;2026-09-06;21:40:17;28.35;180.00;S;Oui;Non;25.06;21.0;156.22
M73;;2026-09-06;21:45:43;28.25;180.00;S;Oui;Non;25.07;20.9;155.24
M75;;2026-09-06;20:53:02;18.96;180.00;S;Oui;Non;25.03;21.3;170.22
M2;;2026-09-07;22:16:14;40.06;180.00;S;Oui;Non;26.20;12.0;154.54
M15;Great Pegasus Cluster;2026-09-07;22:12:46;53.05;180.00;S;Oui;Non;26.20;12.1;143.61
M27;Dumbbell Nebula;2026-09-07;20:42:39;63.60;180.00;S;Oui;Non;26.13;12.5;135.36
M29;Cooling Tower Cluster;2026-09-07;21:06:54;79.41;180.00;S;Oui;Non;26.15;12.4;120.12
M30;Jellyfish Cluster;2026-09-07;22:23:08;17.70;180.00;S;Oui;Non;26.21;12.0;163.76
M39;Pyramid Cluster;2026-09-07;22:14:29;89.32;180.00;S;Oui;Non;26.20;12.1;109.09
M55;Specter Cluster;2026-09-07;20:23:05;9.92;180.00;S;Oui;Non;26.12;12.7;166.03
M71;Angelfish Cluster;2026-09-07;20:36:50;59.66;180.00;S;Oui;Non;26.13;12.6;138.99
M72;;2026-09-07;21:36:21;28.35;180.00;S;Oui;Non;26.17;12.3;169.48
M73;;2026-09-07;21:41:47;28.25;180.00;S;Oui;Non;26.18;12.2;168.83
M75;;2026-09-07;20:49:06;18.96;180.00;S;Oui;Non;26.14;12.5;175.13
M2;;2026-09-08;22:12:18;40.06;180.00;S;Oui;Non;27.29;5.6;164.75
M15;Great Pegasus Cluster;2026-09-08;22:08:50;53.05;180.00;S;Oui;Non;27.29;5.6;151.83
M27;Dumbbell Nebula;2026-09-08;20:38:43;63.60;180.00;S;Oui;Non;27.22;5.9;135.91
M29;Cooling Tower Cluster;2026-09-08;21:02:59;79.41;180.00;S;Oui;Non;27.24;5.8;123.44
M30;Jellyfish Cluster;2026-09-08;22:19:12;17.70;180.00;S;Oui;Non;27.30;5.6;172.12
M39;Pyramid Cluster;2026-09-08;22:10:33;89.32;180.00;S;Oui;Non;27.29;5.6;115.57
M55;Specter Cluster;2026-09-08;20:19:09;9.92;180.00;S;Oui;Non;27.21;6.0;152.52
M71;Angelfish Cluster;2026-09-08;20:32:54;59.66;180.00;S;Oui;Non;27.22;5.9;138.57
M72;;2026-09-08;21:32:25;28.35;180.00;S;Oui;Non;27.26;5.7;171.51
M73;;2026-09-08;21:37:51;28.25;180.00;S;Oui;Non;27.26;5.7;172.70
M75;;2026-09-08;20:45:10;18.96;180.00;S;Oui;Non;27.23;5.9;160.91
M2;;2026-09-09;22:08:22;40.06;180.00;S;Oui;Non;28.36;1.6;165.39
M15;Great Pegasus Cluster;2026-09-09;22:04:54;53.05;180.00;S;Oui;Non;28.35;1.6;154.64
M27;Dumbbell Nebula;2026-09-09;20:34:47;63.60;180.00;S;Oui;Non;28.29;1.7;132.97
M29;Cooling Tower Cluster;2026-09-09;20:59:03;79.41;180.00;S;Oui;Non;28.30;1.7;124.49
M30;Jellyfish Cluster;2026-09-09;22:15:16;17.70;180.00;S;Oui;Non;28.36;1.5;163.94
M39;Pyramid Cluster;2026-09-09;22:06:38;89.32;180.00;S;Oui;Non;28.35;1.6;120.55
M55;Specter Cluster;2026-09-09;20:15:14;9.92;180.00;S;Oui;Non;28.27;1.8;138.76
M71;Angelfish Cluster;2026-09-09;20:28:58;59.66;180.00;S;Oui;Non;28.28;1.8;134.43
M72;;2026-09-09;21:28:30;28.35;180.00;S;Oui;Non;28.33;1.6;159.29
M73;;2026-09-09;21:33:55;28.25;180.00;S;Oui;Non;28.33;1.6;160.55
M75;;2026-09-09;20:41:14;18.96;180.00;S;Oui;Non;28.29;1.7;146.90
M2;;2026-09-10;22:04:26;40.06;180.00;S;Oui;Non;29.39;0.0;156.18
M15;Great Pegasus Cluster;2026-09-10;22:00:58;53.05;180.00;S;Oui;Non;29.39;0.0;150.85
M27;Dumbbell Nebula;2026-09-10;20:30:51;63.60;180.00;S;Oui;Non;29.33;0.1;127.34
M29;Cooling Tower Cluster;2026-09-10;20:55:07;79.41;180.00;S;Oui;Non;29.34;0.1;123.27
M30;Jellyfish Cluster;2026-09-10;22:11:20;17.70;180.00;S;Oui;Non;29.40;0.0;151.27
M39;Pyramid Cluster;2026-09-10;22:02:42;89.32;180.00;S;Oui;Non;29.39;0.0;123.64
M52;Scorpion Cluster;2026-09-10;23:54:53;77.53;0.00;N;Oui;Non;29.47;0.0;115.00
M55;Specter Cluster;2026-09-10;20:11:18;9.92;180.00;S;Oui;Non;29.31;0.1;125.20
M71;Angelfish Cluster;2026-09-10;20:25:02;59.66;180.00;S;Oui;Non;29.32;0.1;127.65
M72;;2026-09-10;21:24:34;28.35;180.00;S;Oui;Non;29.37;0.0;146.00
M73;;2026-09-10;21:29:59;28.25;180.00;S;Oui;Non;29.37;0.0;147.23
M75;;2026-09-10;20:37:18;18.96;180.00;S;Oui;Non;29.33;0.1;133.20
M2;;2026-09-11;22:00:30;40.06;180.00;S;Oui;Non;0.88;0.9;144.41
M15;Great Pegasus Cluster;2026-09-11;21:57:02;53.05;180.00;S;Oui;Non;0.87;0.9;142.74
M27;Dumbbell Nebula;2026-09-11;20:26:55;63.60;180.00;S;Oui;Non;0.81;0.8;119.99
M29;Cooling Tower Cluster;2026-09-11;20:51:11;79.41;180.00;S;Oui;Non;0.83;0.8;120.08
M30;Jellyfish Cluster;2026-09-11;22:07:24;17.70;180.00;S;Oui;Non;0.88;0.9;138.31
M39;Pyramid Cluster;2026-09-11;21:58:46;89.32;180.00;S;Oui;Non;0.88;0.9;124.63
M52;Scorpion Cluster;2026-09-11;23:50:57;77.53;360.00;N;Oui;Non;0.95;1.1;120.92
M55;Specter Cluster;2026-09-11;20:07:22;9.92;180.00;S;Oui;Non;0.80;0.8;111.92
M71;Angelfish Cluster;2026-09-11;20:21:06;59.66;180.00;S;Oui;Non;0.81;0.8;119.36
M72;;2026-09-11;21:20:38;28.35;180.00;S;Oui;Non;0.85;0.9;132.82
M73;;2026-09-11;21:26:03;28.25;180.00;S;Oui;Non;0.85;0.9;134.03
M75;;2026-09-11;20:33:23;18.96;180.00;S;Oui;Non;0.82;0.8;119.82
M2;;2026-09-12;21:56:35;40.06;180.00;S;Oui;Non;1.87;4.0;132.19
M15;Great Pegasus Cluster;2026-09-12;21:53:06;53.05;180.00;S;Oui;Non;1.86;4.0;132.75
M27;Dumbbell Nebula;2026-09-12;20:22:59;63.60;180.00;S;Oui;Non;1.80;3.7;111.69
M29;Cooling Tower Cluster;2026-09-12;20:47:15;79.41;180.00;S;Oui;Non;1.82;3.8;115.39
M30;Jellyfish Cluster;2026-09-12;22:03:29;17.70;180.00;S;Oui;Non;1.87;4.0;125.51
M39;Pyramid Cluster;2026-09-12;21:54:50;89.32;180.00;S;Oui;Non;1.86;4.0;123.55
M52;Scorpion Cluster;2026-09-12;23:47:01;77.53;0.00;N;Oui;Non;1.94;4.3;125.19
M55;Specter Cluster;2026-09-12;20:03:26;9.92;180.00;S;Oui;Non;1.79;3.7;98.95
M71;Angelfish Cluster;2026-09-12;20:17:10;59.66;180.00;S;Oui;Non;1.80;3.7;110.31
M72;;2026-09-12;21:16:42;28.35;180.00;S;Oui;Non;1.84;3.9;119.91
M73;;2026-09-12;21:22:07;28.25;180.00;S;Oui;Non;1.84;3.9;121.09
M75;;2026-09-12;20:29:27;18.96;180.00;S;Oui;Non;1.81;3.7;106.78
M2;;2026-09-13;21:52:39;40.06;180.00;S;Oui;Non;2.83;8.9;119.99
M15;Great Pegasus Cluster;2026-09-13;21:49:11;53.05;180.00;S;Oui;Non;2.83;8.9;122.06
M27;Dumbbell Nebula;2026-09-13;20:19:03;63.60;180.00;S;Oui;Non;2.77;8.5;102.94
M29;Cooling Tower Cluster;2026-09-13;20:43:19;79.41;180.00;S;Oui;Non;2.78;8.6;109.67
M30;Jellyfish Cluster;2026-09-13;21:59:33;17.70;180.00;S;Oui;Non;2.83;8.9;112.95
M39;Pyramid Cluster;2026-09-13;21:50:54;89.32;180.00;S;Oui;Non;2.83;8.9;120.65
M52;Scorpion Cluster;2026-09-13;23:43:06;77.53;0.00;N;Oui;Non;2.90;9.4;127.49
M55;Specter Cluster;2026-09-13;19:59:30;9.92;180.00;S;Oui;Non;2.75;8.5;86.28
M71;Angelfish Cluster;2026-09-13;20:13:14;59.66;180.00;S;Oui;Non;2.76;8.5;100.94
M72;;2026-09-13;21:12:46;28.35;180.00;S;Oui;Non;2.80;8.7;107.27
M73;;2026-09-13;21:18:11;28.25;180.00;S;Oui;Non;2.81;8.8;108.44
M75;;2026-09-13;20:25:31;18.96;180.00;S;Oui;Non;2.77;8.6;94.04
M2;;2026-09-14;21:48:43;40.06;180.00;S;Oui;Non;3.77;15.4;107.94
M15;Great Pegasus Cluster;2026-09-14;21:45:15;53.05;180.00;S;Oui;Non;3.77;15.4;111.14
M27;Dumbbell Nebula;2026-09-14;20:15:07;63.60;180.00;S;Oui;Non;3.71;14.9;94.05
M29;Cooling Tower Cluster;2026-09-14;20:39:23;79.41;180.00;S;Oui;Non;3.73;15.0;103.32
M30;Jellyfish Cluster;2026-09-14;21:55:37;17.70;180.00;S;Oui;Non;3.78;15.4;100.63
M39;Pyramid Cluster;2026-09-14;21:46:58;89.32;180.00;S;Oui;Non;3.77;15.4;116.34
M52;Scorpion Cluster;2026-09-14;23:39:10;77.53;360.00;N;Oui;Non;3.85;15.9;127.69
M71;Angelfish Cluster;2026-09-14;20:09:19;59.66;180.00;S;Oui;Non;3.71;14.9;91.53
M72;;2026-09-14;21:08:50;28.35;180.00;S;Oui;Non;3.75;15.2;94.89
M73;;2026-09-14;21:14:15;28.25;180.00;S;Oui;Non;3.75;15.2;96.05
M75;;2026-09-14;20:21:35;18.96;180.00;S;Oui;Non;3.72;15.0;81.58
M2;;2026-09-15;21:44:47;40.06;180.00;S;Oui;Non;4.70;23.1;96.06
M15;Great Pegasus Cluster;2026-09-15;21:41:19;53.05;180.00;S;Oui;Non;4.70;23.1;100.20
M27;Dumbbell Nebula;2026-09-15;20:11:12;63.60;180.00;S;Oui;Non;4.64;22.6;85.24
M29;Cooling Tower Cluster;2026-09-15;20:35:27;79.41;180.00;S;Oui;Non;4.65;22.7;96.63
M30;Jellyfish Cluster;2026-09-15;21:51:41;17.70;180.00;S;Oui;Non;4.70;23.1;88.54
M39;Pyramid Cluster;2026-09-15;21:43:02;89.32;180.00;S;Oui;Non;4.70;23.1;111.00
M52;Scorpion Cluster;2026-09-15;23:35:14;77.53;0.00;N;Oui;Non;4.77;23.7;125.90
M71;Angelfish Cluster;2026-09-15;20:05:23;59.66;180.00;S;Oui;Non;4.64;22.5;82.28
M72;;2026-09-15;21:04:54;28.35;180.00;S;Oui;Non;4.67;22.9;82.74
M73;;2026-09-15;21:10:19;28.25;180.00;S;Oui;Non;4.68;22.9;83.89
M75;;2026-09-15;20:17:39;18.96;180.00;S;Oui;Non;4.64;22.6;69.36
M2;;2026-09-16;21:40:51;40.06;180.00;S;Oui;Non;5.61;31.7;84.35
M15;Great Pegasus Cluster;2026-09-16;21:37:23;53.05;180.00;S;Oui;Non;5.61;31.6;89.33
M27;Dumbbell Nebula;2026-09-16;20:07:16;63.60;180.00;S;Oui;Non;5.55;31.1;76.66
M29;Cooling Tower Cluster;2026-09-16;20:31:31;79.41;180.00;S;Oui;Non;5.57;31.2;89.84
M30;Jellyfish Cluster;2026-09-16;21:47:45;17.70;180.00;S;Oui;Non;5.61;31.7;76.62
M39;Pyramid Cluster;2026-09-16;21:39:06;89.32;180.00;S;Oui;Non;5.61;31.7;104.98
M52;Scorpion Cluster;2026-09-16;23:31:18;77.53;0.00;N;Oui;Non;5.68;32.4;122.39
M71;Angelfish Cluster;2026-09-16;20:01:27;59.66;180.00;S;Oui;Non;5.55;31.0;73.31
M72;;2026-09-16;21:00:58;28.35;180.00;S;Oui;Non;5.59;31.4;70.78
M73;;2026-09-16;21:06:24;28.25;180.00;S;Oui;Non;5.59;31.4;71.92
M75;;2026-09-16;20:13:43;18.96;180.00;S;Oui;Non;5.56;31.1;57.32
M2;;2026-09-17;21:36:55;40.06;180.00;S;Oui;Non;6.51;40.8;72.77
M15;Great Pegasus Cluster;2026-09-17;21:33:27;53.05;180.00;S;Oui;Non;6.51;40.8;78.58
M27;Dumbbell Nebula;2026-09-17;20:03:20;63.60;180.00;S;Oui;Oui;6.45;40.2;68.48
M29;Cooling Tower Cluster;2026-09-17;20:27:35;79.41;180.00;S;Oui;Non;6.47;40.4;83.12
M30;Jellyfish Cluster;2026-09-17;21:43:49;17.70;180.00;S;Oui;Non;6.51;40.9;64.85
M39;Pyramid Cluster;2026-09-17;21:35:10;89.32;180.00;S;Oui;Non;6.51;40.8;98.54
M52;Scorpion Cluster;2026-09-17;23:27:22;77.53;360.00;N;Oui;Non;6.58;41.5;117.54
M71;Angelfish Cluster;2026-09-17;19:57:31;59.66;180.00;S;Oui;Oui;6.45;40.2;64.78
M72;;2026-09-17;20:57:02;28.35;180.00;S;Oui;Non;6.49;40.6;58.96
M73;;2026-09-17;21:02:28;28.25;180.00;S;Oui;Non;6.49;40.6;60.08
M75;;2026-09-17;20:09:47;18.96;180.00;S;Oui;Oui;6.46;40.2;45.41
M2;;2026-09-18;21:32:59;40.06;180.00;S;Oui;Non;7.40;50.2;61.32
M15;Great Pegasus Cluster;2026-09-18;21:29:31;53.05;180.00;S;Oui;Non;7.40;50.2;68.00
M27;Dumbbell Nebula;2026-09-18;19:59:24;63.60;180.00;S;Oui;Oui;7.35;49.6;60.89
M29;Cooling Tower Cluster;2026-09-18;20:23:39;79.41;180.00;S;Oui;Oui;7.36;49.8;76.65
M30;Jellyfish Cluster;2026-09-18;21:39:53;17.70;180.00;S;Oui;Non;7.41;50.3;53.18
M39;Pyramid Cluster;2026-09-18;21:31:14;89.32;180.00;S;Oui;Non;7.40;50.2;91.88
M52;Scorpion Cluster;2026-09-18;23:23:26;77.53;0.00;N;Oui;Non;7.47;51.0;111.70
M71;Angelfish Cluster;2026-09-18;19:53:35;59.66;180.00;S;Oui;Oui;7.34;49.6;56.93
M72;;2026-09-18;20:53:06;28.35;180.00;S;Oui;Oui;7.38;50.0;47.24
M73;;2026-09-18;20:58:32;28.25;180.00;S;Oui;Oui;7.38;50.0;48.34
M75;;2026-09-18;20:05:51;18.96;180.00;S;Oui;Oui;7.35;49.7;33.58
M2;;2026-09-19;21:29:03;40.06;180.00;S;Oui;Oui;8.29;59.6;49.97
M15;Great Pegasus Cluster;2026-09-19;21:25:35;53.05;180.00;S;Oui;Oui;8.29;59.6;57.65
M27;Dumbbell Nebula;2026-09-19;19:55:28;63.60;180.00;S;Oui;Oui;8.24;59.0;54.18
M29;Cooling Tower Cluster;2026-09-19;20:19:44;79.41;180.00;S;Oui;Oui;8.25;59.2;70.61
M30;Jellyfish Cluster;2026-09-19;21:35:57;17.70;180.00;S;Oui;Oui;8.30;59.7;41.58
M39;Pyramid Cluster;2026-09-19;21:27:18;89.32;180.00;S;Oui;Oui;8.29;59.6;85.17
M52;Scorpion Cluster;2026-09-19;23:19:30;77.53;0.00;N;Oui;Non;8.36;60.3;105.17
M71;Angelfish Cluster;2026-09-19;19:49:39;59.66;180.00;S;Oui;Oui;8.23;59.0;50.05
M72;;2026-09-19;20:49:10;28.35;180.00;S;Oui;Oui;8.27;59.4;35.59
M73;;2026-09-19;20:54:36;28.25;180.00;S;Oui;Oui;8.27;59.4;36.66
M75;;2026-09-19;20:01:55;18.96;180.00;S;Oui;Oui;8.24;59.0;21.78
M2;;2026-09-20;21:25:07;40.06;180.00;S;Oui;Oui;9.19;68.7;38.78
M15;Great Pegasus Cluster;2026-09-20;21:21:39;53.05;180.00;S;Oui;Oui;9.18;68.7;47.68
M27;Dumbbell Nebula;2026-09-20;19:51:32;63.60;180.00;S;Oui;Oui;9.13;68.1;48.74
M29;Cooling Tower Cluster;2026-09-20;20:15:48;79.41;180.00;S;Oui;Oui;9.14;68.3;65.21
M30;Jellyfish Cluster;2026-09-20;21:32:01;17.70;180.00;S;Oui;Oui;9.19;68.7;30.08
M39;Pyramid Cluster;2026-09-20;21:23:23;89.32;180.00;S;Oui;Oui;9.18;68.7;78.59
M52;Scorpion Cluster;2026-09-20;23:15:34;77.53;360.00;N;Oui;Non;9.25;69.4;98.16
M71;Angelfish Cluster;2026-09-20;19:45:43;59.66;180.00;S;Oui;Oui;9.12;68.1;44.64
M72;;2026-09-20;20:45:15;28.35;180.00;S;Oui;Oui;9.16;68.4;24.04
M73;;2026-09-20;20:50:40;28.25;180.00;S;Oui;Oui;9.16;68.5;25.04
M75;;2026-09-20;19:57:59;18.96;180.00;S;Oui;Oui;9.13;68.1;9.97
M2;;2026-09-21;21:21:11;40.06;180.00;S;Oui;Oui;10.08;77.1;27.95
M15;Great Pegasus Cluster;2026-09-21;21:17:43;53.05;180.00;S;Oui;Oui;10.08;77.1;38.41
M27;Dumbbell Nebula;2026-09-21;19:47:36;63.60;180.00;S;Oui;Oui;10.02;76.6;45.10
M29;Cooling Tower Cluster;2026-09-21;20:11:52;79.41;180.00;S;Oui;Oui;10.04;76.8;60.71
M30;Jellyfish Cluster;2026-09-21;21:28:05;17.70;180.00;S;Oui;Oui;10.09;77.2;18.88
M39;Pyramid Cluster;2026-09-21;21:19:27;89.32;180.00;S;Oui;Oui;10.08;77.1;72.31
M52;Scorpion Cluster;2026-09-21;23:11:38;77.53;0.00;N;Oui;Oui;10.15;77.8;90.87
M71;Angelfish Cluster;2026-09-21;19:41:47;59.66;180.00;S;Oui;Oui;10.02;76.6;41.34
M72;;2026-09-21;20:41:19;28.35;180.00;S;Oui;Oui;10.06;76.9;12.90
M73;;2026-09-21;20:46:44;28.25;180.00;S;Oui;Oui;10.06;77.0;13.69
M75;;2026-09-21;19:54:03;18.96;180.00;S;Oui;Oui;10.03;76.7;2.19
M2;;2026-09-22;21:17:15;40.06;180.00;S;Oui;Oui;10.99;84.7;18.27
M15;Great Pegasus Cluster;2026-09-22;21:13:47;53.05;180.00;S;Oui;Oui;10.99;84.7;30.61
M27;Dumbbell Nebula;2026-09-22;19:43:40;63.60;180.00;S;Oui;Oui;10.93;84.3;43.80
M29;Cooling Tower Cluster;2026-09-22;20:07:56;79.41;180.00;S;Oui;Oui;10.95;84.4;57.42
M30;Jellyfish Cluster;2026-09-22;21:24:09;17.70;180.00;S;Oui;Oui;10.99;84.7;9.44
M39;Pyramid Cluster;2026-09-22;21:15:31;89.32;180.00;S;Oui;Oui;10.99;84.7;66.56
M52;Scorpion Cluster;2026-09-22;23:07:42;77.53;0.00;N;Oui;Oui;11.06;85.2;83.47
M71;Angelfish Cluster;2026-09-22;19:37:51;59.66;180.00;S;Oui;Oui;10.93;84.2;40.75
M72;;2026-09-22;20:37:23;28.35;180.00;S;Oui;Oui;10.96;84.5;6.19
M73;;2026-09-22;20:42:48;28.25;180.00;S;Oui;Oui;10.97;84.5;5.60
M75;;2026-09-22;19:50:08;18.96;180.00;S;Oui;Oui;10.93;84.3;14.09
M2;;2026-09-23;21:13:20;40.06;180.00;S;Oui;Oui;11.91;91.1;13.15
M15;Great Pegasus Cluster;2026-09-23;21:09:51;53.05;180.00;S;Oui;Oui;11.91;91.1;25.84
M27;Dumbbell Nebula;2026-09-23;19:39:44;63.60;180.00;S;Oui;Oui;11.85;90.7;45.14
M29;Cooling Tower Cluster;2026-09-23;20:04:00;79.41;180.00;S;Oui;Oui;11.87;90.8;55.66
M30;Jellyfish Cluster;2026-09-23;21:20:14;17.70;180.00;S;Oui;Oui;11.92;91.1;10.70
M39;Pyramid Cluster;2026-09-23;21:11:35;89.32;180.00;S;Oui;Oui;11.91;91.1;61.62
M52;Scorpion Cluster;2026-09-23;23:03:46;77.53;360.00;N;Oui;Oui;11.98;91.5;76.14
M72;;2026-09-23;20:33:27;28.35;180.00;S;Oui;Oui;11.89;90.9;14.35
M73;;2026-09-23;20:38:52;28.25;180.00;S;Oui;Oui;11.89;90.9;13.06
M75;;2026-09-23;19:46:12;18.96;180.00;S;Oui;Oui;11.86;90.7;26.34
M2;;2026-09-24;21:09:24;40.06;180.00;S;Oui;Oui;12.86;95.9;17.71
M15;Great Pegasus Cluster;2026-09-24;21:05:56;53.05;180.00;S;Oui;Oui;12.85;95.9;26.13
M27;Dumbbell Nebula;2026-09-24;19:35:48;63.60;180.00;S;Oui;Oui;12.79;95.7;49.05
M29;Cooling Tower Cluster;2026-09-24;20:00:04;79.41;180.00;S;Oui;Oui;12.81;95.7;55.68
M30;Jellyfish Cluster;2026-09-24;21:16:18;17.70;180.00;S;Oui;Oui;12.86;95.9;21.18
M39;Pyramid Cluster;2026-09-24;21:07:39;89.32;180.00;S;Oui;Oui;12.85;95.9;57.87
M52;Scorpion Cluster;2026-09-24;22:59:50;77.53;0.00;N;Oui;Oui;12.93;96.2;69.10
M72;;2026-09-24;20:29:31;28.35;180.00;S;Oui;Oui;12.83;95.8;26.18
M73;;2026-09-24;20:34:56;28.25;180.00;S;Oui;Oui;12.83;95.8;24.93
M75;;2026-09-24;19:42:16;18.96;180.00;S;Oui;Oui;12.80;95.7;38.84
M2;;2026-09-25;21:05:28;40.06;180.00;S;Oui;Oui;13.82;99.0;27.86
M15;Great Pegasus Cluster;2026-09-25;21:02:00;53.05;180.00;S;Oui;Oui;13.82;99.0;31.64
M27;Dumbbell Nebula;2026-09-25;19:31:52;63.60;180.00;S;Oui;Oui;13.76;98.8;55.09
M29;Cooling Tower Cluster;2026-09-25;19:56:08;79.41;180.00;S;Oui;Oui;13.78;98.9;57.60
M30;Jellyfish Cluster;2026-09-25;21:12:22;17.70;180.00;S;Oui;Oui;13.83;99.0;33.36
M39;Pyramid Cluster;2026-09-25;21:03:43;89.32;180.00;S;Oui;Oui;13.82;99.0;55.70
M52;Scorpion Cluster;2026-09-25;22:55:55;77.53;0.00;N;Oui;Oui;13.90;99.1;62.69
M72;;2026-09-25;20:25:35;28.35;180.00;S;Oui;Oui;13.80;98.9;38.71
M73;;2026-09-25;20:31:00;28.25;180.00;S;Oui;Oui;13.80;98.9;37.49
M75;;2026-09-25;19:38:20;18.96;180.00;S;Oui;Oui;13.76;98.8;51.62
M2;;2026-09-26;21:01:32;40.06;180.00;S;Oui;Oui;14.82;99.9;39.79
M15;Great Pegasus Cluster;2026-09-26;20:58:04;53.05;180.00;S;Oui;Oui;14.81;99.9;40.55
M27;Dumbbell Nebula;2026-09-26;19:27:56;63.60;180.00;S;Oui;Oui;14.75;99.9;62.76
M29;Cooling Tower Cluster;2026-09-26;19:52:12;79.41;180.00;S;Oui;Oui;14.77;99.9;61.34
M30;Jellyfish Cluster;2026-09-26;21:08:26;17.70;180.00;S;Oui;Oui;14.82;99.9;46.16
M39;Pyramid Cluster;2026-09-26;20:59:47;89.32;180.00;S;Oui;Oui;14.81;99.9;55.46
M52;Scorpion Cluster;2026-09-26;22:51:59;77.53;360.00;N;Oui;Oui;14.89;99.9;57.34
M72;;2026-09-26;20:21:39;28.35;180.00;S;Oui;Oui;14.79;99.9;51.67
M73;;2026-09-26;20:27:04;28.25;180.00;S;Oui;Oui;14.79;99.9;50.47
M75;;2026-09-26;19:34:24;18.96;180.00;S;Oui;Oui;14.76;99.9;64.72
M2;;2026-09-27;20:57:36;40.06;180.00;S;Oui;Oui;15.84;98.6;52.54
M15;Great Pegasus Cluster;2026-09-27;20:54:08;53.05;180.00;S;Oui;Oui;15.84;98.6;51.32
M29;Cooling Tower Cluster;2026-09-27;19:48:16;79.41;180.00;S;Oui;Oui;15.79;98.7;66.68
M30;Jellyfish Cluster;2026-09-27;21:04:30;17.70;180.00;S;Oui;Oui;15.84;98.6;59.40
M39;Pyramid Cluster;2026-09-27;20:55:51;89.32;180.00;S;Oui;Oui;15.84;98.6;57.34
M52;Scorpion Cluster;2026-09-27;22:48:03;77.53;0.00;N;Oui;Oui;15.92;98.4;53.62
M72;;2026-09-27;20:17:43;28.35;180.00;S;Oui;Oui;15.81;98.7;65.00
M73;;2026-09-27;20:23:09;28.25;180.00;S;Oui;Oui;15.81;98.6;63.82
M75;;2026-09-27;19:30:28;18.96;180.00;S;Oui;Oui;15.78;98.7;78.14
M2;;2026-09-28;20:53:40;40.06;180.00;S;Oui;Oui;16.89;94.8;65.83
M15;Great Pegasus Cluster;2026-09-28;20:50:12;53.05;180.00;S;Oui;Oui;16.89;94.8;63.17
M29;Cooling Tower Cluster;2026-09-28;19:44:20;79.41;180.00;S;Oui;Oui;16.84;95.1;73.27
M30;Jellyfish Cluster;2026-09-28;21:00:34;17.70;180.00;S;Oui;Oui;16.90;94.8;73.02
M39;Pyramid Cluster;2026-09-28;20:51:55;89.32;180.00;S;Oui;Oui;16.89;94.8;61.25
M52;Scorpion Cluster;2026-09-28;22:44:07;77.53;0.00;N;Oui;Oui;16.97;94.4;52.12
M72;;2026-09-28;20:13:47;28.35;180.00;S;Oui;Oui;16.86;95.0;78.68
M73;;2026-09-28;20:19:13;28.25;180.00;S;Oui;Oui;16.87;94.9;77.52
M75;;2026-09-28;19:26:32;18.96;180.00;S;Oui;Oui;16.83;95.1;91.90
M2;;2026-09-29;20:49:44;40.06;180.00;S;Oui;Oui;17.97;88.7;79.50
M15;Great Pegasus Cluster;2026-09-29;20:46:16;53.05;180.00;S;Oui;Oui;17.97;88.7;75.70
M29;Cooling Tower Cluster;2026-09-29;19:40:24;79.41;180.00;S;Oui;Oui;17.92;89.0;80.78
M30;Jellyfish Cluster;2026-09-29;20:56:38;17.70;180.00;S;Oui;Oui;17.97;88.6;86.97
M39;Pyramid Cluster;2026-09-29;20:47:59;89.32;180.00;S;Oui;Oui;17.97;88.7;66.89
M52;Scorpion Cluster;2026-09-29;22:40:11;77.53;360.00;N;Oui;Oui;18.05;88.1;53.22
M72;;2026-09-29;20:09:51;28.35;180.00;S;Oui;Oui;17.94;88.9;92.68
M73;;2026-09-29;20:15:17;28.25;180.00;S;Oui;Oui;17.94;88.8;91.53
M75;;2026-09-29;19:22:36;18.96;180.00;S;Oui;Oui;17.90;89.1;105.97
M2;;2026-09-30;20:45:48;40.06;180.00;S;Oui;Oui;19.07;80.3;93.47
M15;Great Pegasus Cluster;2026-09-30;20:42:20;53.05;180.00;S;Oui;Oui;19.07;80.4;88.64
M29;Cooling Tower Cluster;2026-09-30;19:36:29;79.41;180.00;S;Oui;Oui;19.02;80.8;88.83
M30;Jellyfish Cluster;2026-09-30;20:52:42;17.70;180.00;S;Oui;Oui;19.08;80.3;101.17
M31;Andromeda Galaxy;2026-09-30;23:54:34;82.15;180.00;S;Oui;Oui;19.22;79.1;42.53
M32;Andromeda Satellite #1;2026-09-30;23:54:32;81.75;180.00;S;Oui;Oui;19.22;79.1;42.50
M39;Pyramid Cluster;2026-09-30;20:44:03;89.32;180.00;S;Oui;Oui;19.07;80.3;73.85
M52;Scorpion Cluster;2026-09-30;22:36:15;77.53;0.00;N;Oui;Oui;19.16;79.6;56.91
M72;;2026-09-30;20:05:55;28.35;180.00;S;Oui;Oui;19.04;80.6;106.93
M73;;2026-09-30;20:11:21;28.25;180.00;S;Oui;Oui;19.04;80.6;105.80
M75;;2026-09-30;19:18:40;18.96;180.00;S;Oui;Oui;19.00;80.9;120.29
M110;Andromeda Satellite #2;2026-09-30;23:52:13;82.57;180.00;S;Oui;Oui;19.21;79.1;43.00
M2;;2026-10-01;20:41:52;40.06;180.00;S;Oui;Oui;20.19;70.2;107.62
M15;Great Pegasus Cluster;2026-10-01;20:38:24;53.05;180.00;S;Oui;Oui;20.18;70.2;101.77
M29;Cooling Tower Cluster;2026-10-01;19:32:33;79.41;180.00;S;Oui;Oui;20.13;70.7;97.04
M30;Jellyfish Cluster;2026-10-01;20:48:46;17.70;180.00;S;Oui;Oui;20.19;70.1;115.55
M31;Andromeda Galaxy;2026-10-01;23:50:39;82.15;180.00;S;Oui;Oui;20.33;68.8;53.54
M32;Andromeda Satellite #1;2026-10-01;23:50:36;81.75;180.00;S;Oui;Oui;20.33;68.8;53.60
M39;Pyramid Cluster;2026-10-01;20:40:08;89.32;180.00;S;Oui;Oui;20.19;70.2;81.69
M52;Scorpion Cluster;2026-10-01;22:32:19;77.53;0.00;N;Oui;Oui;20.27;69.4;62.76
M72;;2026-10-01;20:02:00;28.35;180.00;S;Oui;Oui;20.16;70.5;121.36
M73;;2026-10-01;20:07:25;28.25;180.00;S;Oui;Oui;20.16;70.4;120.25
M110;Andromeda Satellite #2;2026-10-01;23:48:17;82.57;180.00;S;Oui;Oui;20.33;68.8;53.91
M2;;2026-10-02;20:37:56;40.06;180.00;S;Oui;Oui;21.31;58.8;121.80
M15;Great Pegasus Cluster;2026-10-02;20:34:28;53.05;180.00;S;Oui;Oui;21.31;58.9;114.85
M29;Cooling Tower Cluster;2026-10-02;19:28:37;79.41;180.00;S;Oui;Non;21.26;59.4;105.00
M30;Jellyfish Cluster;2026-10-02;20:44:50;17.70;180.00;S;Oui;Oui;21.32;58.8;130.00
M31;Andromeda Galaxy;2026-10-02;23:46:43;82.15;180.00;S;Oui;Oui;21.46;57.3;65.66
M32;Andromeda Satellite #1;2026-10-02;23:46:40;81.75;180.00;S;Oui;Oui;21.46;57.3;65.78
M39;Pyramid Cluster;2026-10-02;20:36:12;89.32;180.00;S;Oui;Oui;21.31;58.8;89.98
M52;Scorpion Cluster;2026-10-02;22:28:23;77.53;360.00;N;Oui;Oui;21.40;57.9;70.17
M72;;2026-10-02;19:58:04;28.35;180.00;S;Oui;Non;21.28;59.2;135.87
M73;;2026-10-02;20:03:29;28.25;180.00;S;Oui;Non;21.28;59.1;134.79
M110;Andromeda Satellite #2;2026-10-02;23:44:21;82.57;180.00;S;Oui;Oui;21.46;57.3;65.95
M2;;2026-10-03;20:34:00;40.06;180.00;S;Oui;Non;22.43;47.0;135.82
M15;Great Pegasus Cluster;2026-10-03;20:30:32;53.05;180.00;S;Oui;Non;22.43;47.0;127.55
M29;Cooling Tower Cluster;2026-10-03;19:24:41;79.41;180.00;S;Oui;Non;22.38;47.5;112.24
M30;Jellyfish Cluster;2026-10-03;20:40:54;17.70;180.00;S;Oui;Non;22.44;46.9;144.34
M31;Andromeda Galaxy;2026-10-03;23:42:47;82.15;180.00;S;Oui;Oui;22.58;45.4;78.28
M32;Andromeda Satellite #1;2026-10-03;23:42:44;81.75;180.00;S;Oui;Oui;22.58;45.4;78.46
M39;Pyramid Cluster;2026-10-03;20:32:16;89.32;180.00;S;Oui;Non;22.43;47.0;98.27
M52;Scorpion Cluster;2026-10-03;22:24:27;77.53;0.00;N;Oui;Oui;22.52;46.0;78.55
M72;;2026-10-03;19:54:08;28.35;180.00;S;Oui;Non;22.40;47.3;150.30
M73;;2026-10-03;19:59:33;28.25;180.00;S;Oui;Non;22.41;47.2;149.26
M110;Andromeda Satellite #2;2026-10-03;23:40:25;82.57;180.00;S;Oui;Oui;22.58;45.4;78.49
M2;;2026-10-04;20:30:05;40.06;180.00;S;Oui;Non;23.55;35.3;149.32
M15;Great Pegasus Cluster;2026-10-04;20:26:36;53.05;180.00;S;Oui;Non;23.55;35.4;139.31
M29;Cooling Tower Cluster;2026-10-04;19:20:45;79.41;180.00;S;Oui;Non;23.50;35.9;118.23
M30;Jellyfish Cluster;2026-10-04;20:36:59;17.70;180.00;S;Oui;Non;23.55;35.3;158.26
M31;Andromeda Galaxy;2026-10-04;23:38:51;82.15;180.00;S;Oui;Oui;23.69;33.9;91.02
M32;Andromeda Satellite #1;2026-10-04;23:38:48;81.75;180.00;S;Oui;Oui;23.69;33.9;91.24
M39;Pyramid Cluster;2026-10-04;20:28:20;89.32;180.00;S;Oui;Non;23.55;35.3;106.14
M52;Scorpion Cluster;2026-10-04;22:20:31;77.53;0.00;N;Oui;Non;23.63;34.5;87.38
M72;;2026-10-04;19:50:12;28.35;180.00;S;Oui;Non;23.52;35.6;164.26
M73;;2026-10-04;19:55:37;28.25;180.00;S;Oui;Non;23.52;35.6;163.39
M110;Andromeda Satellite #2;2026-10-04;23:36:29;82.57;180.00;S;Oui;Oui;23.69;33.9;91.16
M2;;2026-10-05;20:26:09;40.06;180.00;S;Oui;Non;24.65;24.6;161.23
M15;Great Pegasus Cluster;2026-10-05;20:22:41;53.05;180.00;S;Oui;Non;24.65;24.7;149.02
M29;Cooling Tower Cluster;2026-10-05;19:16:49;79.41;180.00;S;Oui;Non;24.60;25.1;122.45
M30;Jellyfish Cluster;2026-10-05;20:33:03;17.70;180.00;S;Oui;Non;24.65;24.6;170.09
M31;Andromeda Galaxy;2026-10-05;23:34:55;82.15;180.00;S;Oui;Non;24.79;23.3;103.59
M32;Andromeda Satellite #1;2026-10-05;23:34:52;81.75;180.00;S;Oui;Non;24.79;23.3;103.85
M39;Pyramid Cluster;2026-10-05;20:24:24;89.32;180.00;S;Oui;Non;24.65;24.7;113.15
M52;Scorpion Cluster;2026-10-05;22:16:35;77.53;360.00;N;Oui;Non;24.73;23.9;96.21
M72;;2026-10-05;19:46:16;28.35;180.00;S;Oui;Non;24.62;24.9;173.91
M73;;2026-10-05;19:51:41;28.25;180.00;S;Oui;Non;24.62;24.9;174.33
M110;Andromeda Satellite #2;2026-10-05;23:32:33;82.57;180.00;S;Oui;Non;24.79;23.4;103.66
M2;;2026-10-06;20:22:13;40.06;180.00;S;Oui;Non;25.73;15.5;166.91
M15;Great Pegasus Cluster;2026-10-06;20:18:45;53.05;180.00;S;Oui;Non;25.72;15.5;154.43
M29;Cooling Tower Cluster;2026-10-06;19:12:53;79.41;180.00;S;Oui;Non;25.67;15.9;124.47
M30;Jellyfish Cluster;2026-10-06;20:29:07;17.70;180.00;S;Oui;Non;25.73;15.5;168.47
M31;Andromeda Galaxy;2026-10-06;23:30:59;82.15;180.00;S;Oui;Non;25.87;14.4;115.73
M32;Andromeda Satellite #1;2026-10-06;23:30:57;81.75;180.00;S;Oui;Non;25.87;14.4;116.03
M39;Pyramid Cluster;2026-10-06;20:20:28;89.32;180.00;S;Oui;Non;25.72;15.5;118.83
M52;Scorpion Cluster;2026-10-06;22:12:40;77.53;0.00;N;Oui;Non;25.81;14.9;104.65
M72;;2026-10-06;19:42:20;28.35;180.00;S;Oui;Non;25.70;15.7;164.69
M73;;2026-10-06;19:47:45;28.25;180.00;S;Oui;Non;25.70;15.7;165.97
M110;Andromeda Satellite #2;2026-10-06;23:28:37;82.57;180.00;S;Oui;Non;25.86;14.5;115.71
M2;;2026-10-07;20:18:17;40.06;180.00;S;Oui;Non;26.78;8.3;160.58
M15;Great Pegasus Cluster;2026-10-07;20:14:49;53.05;180.00;S;Oui;Non;26.78;8.3;153.20
M29;Cooling Tower Cluster;2026-10-07;19:08:57;79.41;180.00;S;Oui;Non;26.73;8.6;124.16
M30;Jellyfish Cluster;2026-10-07;20:25:11;17.70;180.00;S;Oui;Non;26.79;8.3;156.46
M31;Andromeda Galaxy;2026-10-07;23:27:03;82.15;180.00;S;Oui;Non;26.92;7.5;127.13
M32;Andromeda Satellite #1;2026-10-07;23:27:01;81.75;180.00;S;Oui;Non;26.92;7.5;127.47
M39;Pyramid Cluster;2026-10-07;20:16:32;89.32;180.00;S;Oui;Non;26.78;8.3;122.76
M52;Scorpion Cluster;2026-10-07;22:08:44;77.53;360.00;N;Oui;Non;26.86;7.9;112.32
M72;;2026-10-07;19:38:24;28.35;180.00;S;Oui;Non;26.75;8.5;151.42
M73;;2026-10-07;19:43:49;28.25;180.00;S;Oui;Non;26.76;8.5;152.66
M110;Andromeda Satellite #2;2026-10-07;23:24:41;82.57;180.00;S;Oui;Non;26.92;7.6;127.02
M2;;2026-10-08;20:14:21;40.06;180.00;S;Oui;Non;27.81;3.4;149.27
M15;Great Pegasus Cluster;2026-10-08;20:10:53;53.05;180.00;S;Oui;Non;27.81;3.4;146.40
M29;Cooling Tower Cluster;2026-10-08;19:05:01;79.41;180.00;S;Oui;Non;27.76;3.5;121.68
M30;Jellyfish Cluster;2026-10-08;20:21:15;17.70;180.00;S;Oui;Non;27.81;3.3;143.45
M31;Andromeda Galaxy;2026-10-08;23:23:07;82.15;180.00;S;Oui;Non;27.94;2.9;137.34
M32;Andromeda Satellite #1;2026-10-08;23:23:05;81.75;180.00;S;Oui;Non;27.94;2.9;137.72
M39;Pyramid Cluster;2026-10-08;20:12:36;89.32;180.00;S;Oui;Non;27.81;3.4;124.61
M52;Scorpion Cluster;2026-10-08;22:04:48;77.53;360.00;N;Oui;Non;27.89;3.1;118.84
M72;;2026-10-08;19:34:28;28.35;180.00;S;Oui;Non;27.78;3.5;138.09
M73;;2026-10-08;19:39:54;28.25;180.00;S;Oui;Non;27.78;3.5;139.30
M110;Andromeda Satellite #2;2026-10-08;23:20:45;82.57;180.00;S;Oui;Non;27.94;2.9;137.11
M2;;2026-10-09;20:10:25;40.06;180.00;S;Oui;Non;28.81;0.7;137.05
M15;Great Pegasus Cluster;2026-10-09;20:06:57;53.05;180.00;S;Oui;Non;28.81;0.7;136.88
M29;Cooling Tower Cluster;2026-10-09;19:01:05;79.41;180.00;S;Oui;Non;28.76;0.7;117.48
M30;Jellyfish Cluster;2026-10-09;20:17:19;17.70;180.00;S;Oui;Non;28.82;0.7;130.51
M31;Andromeda Galaxy;2026-10-09;23:19:11;82.15;180.00;S;Oui;Non;28.94;0.5;145.55
M32;Andromeda Satellite #1;2026-10-09;23:19:09;81.75;180.00;S;Oui;Non;28.94;0.5;145.95
M39;Pyramid Cluster;2026-10-09;20:08:40;89.32;180.00;S;Oui;Non;28.81;0.7;124.31
M52;Scorpion Cluster;2026-10-09;22:00:52;77.53;0.00;N;Oui;Non;28.89;0.6;123.82
M72;;2026-10-09;19:30:32;28.35;180.00;S;Oui;Non;28.78;0.7;124.98
M73;;2026-10-09;19:35:58;28.25;180.00;S;Oui;Non;28.79;0.7;126.17
M110;Andromeda Satellite #2;2026-10-09;23:16:49;82.57;180.00;S;Oui;Non;28.94;0.5;145.17
M2;;2026-10-10;20:06:29;40.06;180.00;S;Oui;Non;0.26;0.2;124.73
M15;Great Pegasus Cluster;2026-10-10;20:03:01;53.05;180.00;S;Oui;Non;0.26;0.2;126.30
M29;Cooling Tower Cluster;2026-10-10;18:57:09;79.41;180.00;S;Oui;Non;0.21;0.2;112.05
M30;Jellyfish Cluster;2026-10-10;20:13:23;17.70;180.00;S;Oui;Non;0.26;0.2;117.78
M31;Andromeda Galaxy;2026-10-10;23:15:15;82.15;180.00;S;Oui;Non;0.39;0.3;150.43
M32;Andromeda Satellite #1;2026-10-10;23:15:13;81.75;180.00;S;Oui;Non;0.39;0.3;150.82
M39;Pyramid Cluster;2026-10-10;20:04:44;89.32;180.00;S;Oui;Non;0.26;0.2;122.04
M52;Scorpion Cluster;2026-10-10;21:56:56;77.53;360.00;N;Oui;Non;0.33;0.3;126.92
M72;;2026-10-10;19:26:36;28.35;180.00;S;Oui;Non;0.23;0.2;112.15
M73;;2026-10-10;19:32:02;28.25;180.00;S;Oui;Non;0.24;0.2;113.33
M110;Andromeda Satellite #2;2026-10-10;23:12:54;82.57;180.00;S;Oui;Non;0.39;0.3;149.90
M2;;2026-10-11;20:02:33;40.06;180.00;S;Oui;Non;1.22;1.8;112.55
M15;Great Pegasus Cluster;2026-10-11;19:59:05;53.05;180.00;S;Oui;Non;1.21;1.8;115.35
M30;Jellyfish Cluster;2026-10-11;20:09:27;17.70;180.00;S;Oui;Non;1.22;1.8;105.31
M31;Andromeda Galaxy;2026-10-11;23:11:19;82.15;180.00;S;Oui;Non;1.34;2.2;150.65
M32;Andromeda Satellite #1;2026-10-11;23:11:17;81.75;180.00;S;Oui;Non;1.34;2.2;150.95
M39;Pyramid Cluster;2026-10-11;20:00:48;89.32;180.00;S;Oui;Non;1.21;1.8;118.18
M52;Scorpion Cluster;2026-10-11;21:53:00;77.53;360.00;N;Oui;Non;1.29;2.0;127.91
M72;;2026-10-11;19:22:40;28.35;180.00;S;Oui;Non;1.19;1.8;99.61
M73;;2026-10-11;19:28:06;28.25;180.00;S;Oui;Non;1.19;1.8;100.77
M110;Andromeda Satellite #2;2026-10-11;23:08:58;82.57;180.00;S;Oui;Non;1.34;2.2;150.05
M2;;2026-10-12;19:58:37;40.06;180.00;S;Oui;Non;2.15;5.3;100.54
M15;Great Pegasus Cluster;2026-10-12;19:55:09;53.05;180.00;S;Oui;Non;2.15;5.3;104.34
M30;Jellyfish Cluster;2026-10-12;20:05:31;17.70;180.00;S;Oui;Non;2.16;5.3;93.08
M31;Andromeda Galaxy;2026-10-12;23:07:24;82.15;180.00;S;Oui;Non;2.27;5.9;146.40
M32;Andromeda Satellite #1;2026-10-12;23:07:21;81.75;180.00;S;Oui;Non;2.27;5.9;146.56
M39;Pyramid Cluster;2026-10-12;19:56:53;89.32;180.00;S;Oui;Non;2.15;5.3;113.14
M52;Scorpion Cluster;2026-10-12;21:49:04;77.53;0.00;N;Oui;Non;2.22;5.7;126.82
M72;;2026-10-12;19:18:45;28.35;180.00;S;Oui;Non;2.13;5.2;87.32
M73;;2026-10-12;19:24:10;28.25;180.00;S;Oui;Non;2.13;5.2;88.47
M110;Andromeda Satellite #2;2026-10-12;23:05:02;82.57;180.00;S;Oui;Non;2.27;5.9;145.83
M2;;2026-10-13;19:54:41;40.06;180.00;S;Oui;Non;3.07;10.5;88.72
M15;Great Pegasus Cluster;2026-10-13;19:51:13;53.05;180.00;S;Oui;Non;3.07;10.4;93.39
M30;Jellyfish Cluster;2026-10-13;20:01:35;17.70;180.00;S;Oui;Non;3.08;10.5;81.06
M31;Andromeda Galaxy;2026-10-13;23:03:28;82.15;180.00;S;Oui;Non;3.19;11.2;139.23
M32;Andromeda Satellite #1;2026-10-13;23:03:25;81.75;180.00;S;Oui;Non;3.19;11.2;139.28
M33;Triangulum Galaxy;2026-10-13;23:54:25;71.54;180.00;S;Oui;Non;3.22;11.5;150.35
M39;Pyramid Cluster;2026-10-13;19:52:57;89.32;180.00;S;Oui;Non;3.07;10.5;107.30
M52;Scorpion Cluster;2026-10-13;21:45:08;77.53;360.00;N;Oui;Non;3.14;10.9;123.88
M72;;2026-10-13;19:14:49;28.35;180.00;S;Oui;Non;3.05;10.3;75.24
M73;;2026-10-13;19:20:14;28.25;180.00;S;Oui;Non;3.05;10.3;76.38
M103;;2026-10-13;23:53:47;78.42;360.00;N;Oui;Non;3.22;11.5;137.82
M110;Andromeda Satellite #2;2026-10-13;23:01:06;82.57;180.00;S;Oui;Non;3.19;11.2;138.74
M2;;2026-10-14;19:50:45;40.06;180.00;S;Oui;Non;3.98;17.0;77.05
M15;Great Pegasus Cluster;2026-10-14;19:47:17;53.05;180.00;S;Oui;Non;3.97;17.0;82.55
M30;Jellyfish Cluster;2026-10-14;19:57:39;17.70;180.00;S;Oui;Non;3.98;17.0;69.21
M31;Andromeda Galaxy;2026-10-14;22:59:32;82.15;180.00;S;Oui;Non;4.09;17.9;130.51
M32;Andromeda Satellite #1;2026-10-14;22:59:29;81.75;180.00;S;Oui;Non;4.09;17.9;130.49
M33;Triangulum Galaxy;2026-10-14;23:50:29;71.54;180.00;S;Oui;Non;4.13;18.2;139.65
M39;Pyramid Cluster;2026-10-14;19:49:01;89.32;180.00;S;Oui;Non;3.97;17.0;100.95
M52;Scorpion Cluster;2026-10-14;21:41:12;77.53;360.00;N;Oui;Non;4.05;17.5;119.45
M72;;2026-10-14;19:10:53;28.35;180.00;S;Oui;Non;3.95;16.8;63.33
M73;;2026-10-14;19:16:18;28.25;180.00;S;Oui;Non;3.95;16.8;64.46
M74;;2026-10-14;23:53:20;56.67;180.00;S;Oui;Non;4.13;18.2;136.37
M103;;2026-10-14;23:49:51;78.42;360.00;N;Oui;Non;4.13;18.2;134.28
M110;Andromeda Satellite #2;2026-10-14;22:57:10;82.57;180.00;S;Oui;Non;4.09;17.9;130.11
M2;;2026-10-15;19:46:50;40.06;180.00;S;Oui;Non;4.87;24.6;65.53
M15;Great Pegasus Cluster;2026-10-15;19:43:21;53.05;180.00;S;Oui;Non;4.87;24.6;71.87
M30;Jellyfish Cluster;2026-10-15;19:53:44;17.70;180.00;S;Oui;Non;4.88;24.7;57.49
M31;Andromeda Galaxy;2026-10-15;22:55:36;82.15;180.00;S;Oui;Non;4.99;25.7;121.00
M32;Andromeda Satellite #1;2026-10-15;22:55:33;81.75;180.00;S;Oui;Non;4.99;25.7;120.91
M33;Triangulum Galaxy;2026-10-15;23:46:33;71.54;180.00;S;Oui;Non;5.02;26.0;128.56
M39;Pyramid Cluster;2026-10-15;19:45:05;89.32;180.00;S;Oui;Non;4.87;24.6;94.31
M52;Scorpion Cluster;2026-10-15;21:37:16;77.53;0.00;N;Oui;Non;4.94;25.3;113.91
M72;;2026-10-15;19:06:57;28.35;180.00;S;Oui;Non;4.85;24.4;51.56
M73;;2026-10-15;19:12:22;28.25;180.00;S;Oui;Non;4.85;24.4;52.67
M74;;2026-10-15;23:49:24;56.67;180.00;S;Oui;Non;5.02;26.0;124.51
M76;Little Dumbbell Nebula;2026-10-15;23:55:06;87.54;0.00;N;Oui;Non;5.03;26.0;131.40
M103;;2026-10-15;23:45:55;78.42;0.00;N;Oui;Non;5.02;26.0;128.74
M110;Andromeda Satellite #2;2026-10-15;22:53:14;82.57;180.00;S;Oui;Non;4.99;25.7;120.66
M2;;2026-10-16;19:42:54;40.06;180.00;S;Oui;Oui;5.76;33.1;54.13
M15;Great Pegasus Cluster;2026-10-16;19:39:26;53.05;180.00;S;Oui;Oui;5.76;33.1;61.41
M30;Jellyfish Cluster;2026-10-16;19:49:48;17.70;180.00;S;Oui;Oui;5.77;33.2;45.87
M31;Andromeda Galaxy;2026-10-16;22:51:40;82.15;180.00;S;Oui;Non;5.88;34.3;111.04
M32;Andromeda Satellite #1;2026-10-16;22:51:37;81.75;180.00;S;Oui;Non;5.88;34.3;110.90
M33;Triangulum Galaxy;2026-10-16;23:42:37;71.54;180.00;S;Oui;Non;5.91;34.6;117.31
M39;Pyramid Cluster;2026-10-16;19:41:09;89.32;180.00;S;Oui;Oui;5.76;33.1;87.58
M52;Scorpion Cluster;2026-10-16;21:33:20;77.53;360.00;N;Oui;Non;5.83;33.8;107.58
M72;;2026-10-16;19:03:01;28.35;180.00;S;Oui;Oui;5.74;32.9;39.87
M73;;2026-10-16;19:08:26;28.25;180.00;S;Oui;Oui;5.74;32.9;40.96
M74;;2026-10-16;23:45:29;56.67;180.00;S;Oui;Non;5.91;34.6;112.71
M76;Little Dumbbell Nebula;2026-10-16;23:51:10;87.54;0.00;N;Oui;Non;5.91;34.7;122.74
M103;;2026-10-16;23:41:59;78.42;360.00;N;Oui;Non;5.91;34.6;121.81
M110;Andromeda Satellite #2;2026-10-16;22:49:18;82.57;180.00;S;Oui;Non;5.88;34.3;110.77
M2;;2026-10-17;19:38:58;40.06;180.00;S;Oui;Oui;6.65;42.2;42.87
M15;Great Pegasus Cluster;2026-10-17;19:35:30;53.05;180.00;S;Oui;Oui;6.65;42.2;51.26
M30;Jellyfish Cluster;2026-10-17;19:45:52;17.70;180.00;S;Oui;Oui;6.65;42.3;34.35
M31;Andromeda Galaxy;2026-10-17;22:47:44;82.15;180.00;S;Oui;Non;6.77;43.5;100.82
M32;Andromeda Satellite #1;2026-10-17;22:47:42;81.75;180.00;S;Oui;Non;6.77;43.5;100.64
M33;Triangulum Galaxy;2026-10-17;23:38:41;71.54;180.00;S;Oui;Non;6.80;43.8;105.94
M39;Pyramid Cluster;2026-10-17;19:37:13;89.32;180.00;S;Oui;Oui;6.65;42.2;80.92
M52;Scorpion Cluster;2026-10-17;21:29:25;77.53;360.00;N;Oui;Non;6.72;43.0;100.72
M72;;2026-10-17;18:59:05;28.35;180.00;S;Oui;Oui;6.62;42.0;28.28
M73;;2026-10-17;19:04:30;28.25;180.00;S;Oui;Oui;6.63;42.0;29.31
M74;;2026-10-17;23:41:33;56.67;180.00;S;Oui;Non;6.80;43.8;100.89
M76;Little Dumbbell Nebula;2026-10-17;23:47:14;87.54;360.00;N;Oui;Non;6.80;43.9;113.40
M103;;2026-10-17;23:38:03;78.42;360.00;N;Oui;Non;6.80;43.8;113.95
M110;Andromeda Satellite #2;2026-10-17;22:45:22;82.57;180.00;S;Oui;Non;6.76;43.5;100.60
M2;;2026-10-18;19:35:02;40.06;180.00;S;Oui;Oui;7.54;51.7;31.86
M15;Great Pegasus Cluster;2026-10-18;19:31:34;53.05;180.00;S;Oui;Oui;7.54;51.7;41.67
M30;Jellyfish Cluster;2026-10-18;19:41:56;17.70;180.00;S;Oui;Oui;7.54;51.7;23.02
M31;Andromeda Galaxy;2026-10-18;22:43:48;82.15;180.00;S;Oui;Non;7.66;52.9;90.42
M32;Andromeda Satellite #1;2026-10-18;22:43:46;81.75;180.00;S;Oui;Non;7.66;52.9;90.21
M33;Triangulum Galaxy;2026-10-18;23:34:45;71.54;180.00;S;Oui;Non;7.69;53.3;94.45
M39;Pyramid Cluster;2026-10-18;19:33:17;89.32;180.00;S;Oui;Oui;7.54;51.7;74.50
M52;Scorpion Cluster;2026-10-18;21:25:29;77.53;0.00;N;Oui;Oui;7.61;52.4;93.52
M72;;2026-10-18;18:55:09;28.35;180.00;S;Oui;Oui;7.52;51.4;16.89
M73;;2026-10-18;19:00:34;28.25;180.00;S;Oui;Oui;7.52;51.5;17.81
M74;;2026-10-18;23:37:37;56.67;180.00;S;Oui;Non;7.69;53.3;89.01
M76;Little Dumbbell Nebula;2026-10-18;23:43:18;87.54;0.00;N;Oui;Non;7.70;53.3;103.64
M103;;2026-10-18;23:34:08;78.42;0.00;N;Oui;Non;7.69;53.3;105.47
M110;Andromeda Satellite #2;2026-10-18;22:41:26;82.57;180.00;S;Oui;Non;7.66;52.9;90.27
M2;;2026-10-19;19:31:06;40.06;180.00;S;Oui;Oui;8.44;61.1;21.58
M15;Great Pegasus Cluster;2026-10-19;19:27:38;53.05;180.00;S;Oui;Oui;8.44;61.1;33.19
M30;Jellyfish Cluster;2026-10-19;19:38:00;17.70;180.00;S;Oui;Oui;8.44;61.2;12.56
M31;Andromeda Galaxy;2026-10-19;22:39:52;82.15;180.00;S;Oui;Oui;8.56;62.4;79.92
M32;Andromeda Satellite #1;2026-10-19;22:39:50;81.75;180.00;S;Oui;Oui;8.56;62.4;79.68
M33;Triangulum Galaxy;2026-10-19;23:30:50;71.54;180.00;S;Oui;Non;8.59;62.7;82.84
M39;Pyramid Cluster;2026-10-19;19:29:21;89.32;180.00;S;Oui;Oui;8.44;61.1;68.53
M52;Scorpion Cluster;2026-10-19;21:21:33;77.53;360.00;N;Oui;Oui;8.51;61.9;86.16
M72;;2026-10-19;18:51:13;28.35;180.00;S;Oui;Oui;8.41;60.9;7.14
M73;;2026-10-19;18:56:39;28.25;180.00;S;Oui;Oui;8.42;60.9;7.40
M74;;2026-10-19;23:33:41;56.67;180.00;S;Oui;Non;8.59;62.7;77.00
M76;Little Dumbbell Nebula;2026-10-19;23:39:22;87.54;0.00;N;Oui;Non;8.60;62.8;93.59
M103;;2026-10-19;23:30:12;78.42;360.00;N;Oui;Non;8.59;62.7;96.57
M110;Andromeda Satellite #2;2026-10-19;22:37:30;82.57;180.00;S;Oui;Oui;8.56;62.4;79.83
M2;;2026-10-20;19:27:10;40.06;180.00;S;Oui;Oui;9.35;70.3;14.00
M15;Great Pegasus Cluster;2026-10-20;19:23:42;53.05;180.00;S;Oui;Oui;9.35;70.3;27.03
M30;Jellyfish Cluster;2026-10-20;19:34:04;17.70;180.00;S;Oui;Oui;9.36;70.4;8.46
M31;Andromeda Galaxy;2026-10-20;22:35:56;82.15;180.00;S;Oui;Oui;9.47;71.5;69.39
M32;Andromeda Satellite #1;2026-10-20;22:35:54;81.75;180.00;S;Oui;Oui;9.47;71.5;69.11
M33;Triangulum Galaxy;2026-10-20;23:26:54;71.54;180.00;S;Oui;Oui;9.50;71.8;71.08
M39;Pyramid Cluster;2026-10-20;19:25:25;89.32;180.00;S;Oui;Oui;9.35;70.3;63.26
M52;Scorpion Cluster;2026-10-20;21:17:37;77.53;360.00;N;Oui;Oui;9.42;71.0;78.80
M72;;2026-10-20;18:47:17;28.35;180.00;S;Oui;Oui;9.33;70.1;10.25
M73;;2026-10-20;18:52:43;28.25;180.00;S;Oui;Oui;9.33;70.1;8.98
M74;;2026-10-20;23:29:45;56.67;180.00;S;Oui;Oui;9.51;71.8;64.83
M76;Little Dumbbell Nebula;2026-10-20;23:35:26;87.54;360.00;N;Oui;Oui;9.51;71.9;83.34
M103;;2026-10-20;23:26:16;78.42;360.00;N;Oui;Oui;9.50;71.8;87.42
M110;Andromeda Satellite #2;2026-10-20;22:33:34;82.57;180.00;S;Oui;Oui;9.47;71.5;69.36
M2;;2026-10-21;19:23:14;40.06;180.00;S;Oui;Oui;10.28;78.9;14.81
M15;Great Pegasus Cluster;2026-10-21;19:19:46;53.05;180.00;S;Oui;Oui;10.28;78.9;25.21
M30;Jellyfish Cluster;2026-10-21;19:30:08;17.70;180.00;S;Oui;Oui;10.28;78.9;16.87
M31;Andromeda Galaxy;2026-10-21;22:32:00;82.15;180.00;S;Oui;Oui;10.40;80.0;58.93
M32;Andromeda Satellite #1;2026-10-21;22:31:58;81.75;180.00;S;Oui;Oui;10.40;80.0;58.62
M33;Triangulum Galaxy;2026-10-21;23:22:58;71.54;180.00;S;Oui;Oui;10.44;80.2;59.17
M39;Pyramid Cluster;2026-10-21;19:21:29;89.32;180.00;S;Oui;Oui;10.28;78.9;59.02
M52;Scorpion Cluster;2026-10-21;21:13:41;77.53;0.00;N;Oui;Oui;10.35;79.5;71.65
M72;;2026-10-21;18:43:21;28.35;180.00;S;Oui;Oui;10.25;78.7;21.48
M73;;2026-10-21;18:48:47;28.25;180.00;S;Oui;Oui;10.26;78.7;20.22
M74;;2026-10-21;23:25:49;56.67;180.00;S;Oui;Oui;10.44;80.3;52.43
M76;Little Dumbbell Nebula;2026-10-21;23:31:30;87.54;0.00;N;Oui;Oui;10.44;80.3;73.01
M103;;2026-10-21;23:22:20;78.42;0.00;N;Oui;Oui;10.44;80.2;78.15
M110;Andromeda Satellite #2;2026-10-21;22:29:39;82.57;180.00;S;Oui;Oui;10.40;79.9;58.99
M2;;2026-10-22;19:19:18;40.06;180.00;S;Oui;Oui;11.23;86.5;23.51
M15;Great Pegasus Cluster;2026-10-22;19:15:50;53.05;180.00;S;Oui;Oui;11.23;86.5;28.87
M30;Jellyfish Cluster;2026-10-22;19:26:12;17.70;180.00;S;Oui;Oui;11.23;86.5;28.55
M31;Andromeda Galaxy;2026-10-22;22:28:04;82.15;180.00;S;Oui;Oui;11.36;87.4;48.80
M32;Andromeda Satellite #1;2026-10-22;22:28:02;81.75;180.00;S;Oui;Oui;11.36;87.4;48.44
M33;Triangulum Galaxy;2026-10-22;23:19:02;71.54;180.00;S;Oui;Oui;11.39;87.6;47.16
M39;Pyramid Cluster;2026-10-22;19:17:33;89.32;180.00;S;Oui;Oui;11.23;86.5;56.21
M52;Scorpion Cluster;2026-10-22;21:09:45;77.53;360.00;N;Oui;Oui;11.30;87.0;64.98
M72;;2026-10-22;18:39:25;28.35;180.00;S;Oui;Oui;11.20;86.3;33.75
M73;;2026-10-22;18:44:51;28.25;180.00;S;Oui;Oui;11.21;86.3;32.52
M74;;2026-10-22;23:21:53;56.67;180.00;S;Oui;Oui;11.39;87.6;39.76
M76;Little Dumbbell Nebula;2026-10-22;23:27:34;87.54;0.00;N;Oui;Oui;11.40;87.7;62.72
M103;;2026-10-22;23:18:24;78.42;360.00;N;Oui;Oui;11.39;87.6;68.96
M110;Andromeda Satellite #2;2026-10-22;22:25:43;82.57;180.00;S;Oui;Oui;11.35;87.4;48.95
M2;;2026-10-23;19:15:22;40.06;180.00;S;Oui;Oui;12.20;92.7;34.90
M15;Great Pegasus Cluster;2026-10-23;19:11:54;53.05;180.00;S;Oui;Oui;12.20;92.7;36.66
M30;Jellyfish Cluster;2026-10-23;19:22:16;17.70;180.00;S;Oui;Oui;12.21;92.7;41.06
M31;Andromeda Galaxy;2026-10-23;22:24:09;82.15;180.00;S;Oui;Oui;12.34;93.4;39.50
M32;Andromeda Satellite #1;2026-10-23;22:24:06;81.75;180.00;S;Oui;Oui;12.34;93.4;39.12
M33;Triangulum Galaxy;2026-10-23;23:15:06;71.54;180.00;S;Oui;Oui;12.37;93.6;35.20
M39;Pyramid Cluster;2026-10-23;19:13:38;89.32;180.00;S;Oui;Oui;12.20;92.7;55.20
M52;Scorpion Cluster;2026-10-23;21:05:49;77.53;360.00;N;Oui;Oui;12.28;93.1;59.20
M72;;2026-10-23;18:35:30;28.35;180.00;S;Oui;Oui;12.18;92.6;46.48
M73;;2026-10-23;18:40:55;28.25;180.00;S;Oui;Oui;12.18;92.6;45.28
M74;;2026-10-23;23:17:57;56.67;180.00;S;Oui;Oui;12.37;93.6;26.80
M76;Little Dumbbell Nebula;2026-10-23;23:23:38;87.54;360.00;N;Oui;Oui;12.38;93.6;52.77
M103;;2026-10-23;23:14:28;78.42;0.00;N;Oui;Oui;12.37;93.6;60.11
M110;Andromeda Satellite #2;2026-10-23;22:21:47;82.57;180.00;S;Oui;Oui;12.33;93.4;39.79
M2;;2026-10-24;19:11:26;40.06;180.00;S;Oui;Oui;13.21;97.2;47.32
M15;Great Pegasus Cluster;2026-10-24;19:07:58;53.05;180.00;S;Oui;Oui;13.21;97.2;46.78
M30;Jellyfish Cluster;2026-10-24;19:18:20;17.70;180.00;S;Oui;Oui;13.21;97.2;54.06
M31;Andromeda Galaxy;2026-10-24;22:20:13;82.15;180.00;S;Oui;Oui;13.34;97.6;32.18
M32;Andromeda Satellite #1;2026-10-24;22:20:10;81.75;180.00;S;Oui;Oui;13.34;97.6;31.77
M33;Triangulum Galaxy;2026-10-24;23:11:10;71.54;180.00;S;Oui;Oui;13.38;97.7;23.88
M39;Pyramid Cluster;2026-10-24;19:09:42;89.32;180.00;S;Oui;Oui;13.21;97.2;56.24
M52;Scorpion Cluster;2026-10-24;21:01:53;77.53;0.00;N;Oui;Oui;13.29;97.4;54.79
M72;;2026-10-24;18:31:34;28.35;180.00;S;Oui;Oui;13.18;97.1;59.60
M73;;2026-10-24;18:36:59;28.25;180.00;S;Oui;Oui;13.18;97.1;58.41
M74;;2026-10-24;23:14:01;56.67;180.00;S;Oui;Oui;13.38;97.7;13.51
M76;Little Dumbbell Nebula;2026-10-24;23:19:43;87.54;0.00;N;Oui;Oui;13.38;97.8;43.66
M103;;2026-10-24;23:10:32;78.42;0.00;N;Oui;Oui;13.38;97.7;52.08
M110;Andromeda Satellite #2;2026-10-24;22:17:51;82.57;180.00;S;Oui;Oui;13.34;97.6;32.62
M2;;2026-10-25;19:07:30;40.06;180.00;S;Oui;Oui;14.24;99.5;60.35
M15;Great Pegasus Cluster;2026-10-25;19:04:02;53.05;180.00;S;Oui;Oui;14.24;99.5;58.22
M30;Jellyfish Cluster;2026-10-25;19:14:24;17.70;180.00;S;Oui;Oui;14.25;99.5;67.45
M31;Andromeda Galaxy;2026-10-25;22:16:17;82.15;180.00;S;Oui;Oui;14.38;99.7;28.83
M32;Andromeda Satellite #1;2026-10-25;22:16:14;81.75;180.00;S;Oui;Oui;14.38;99.7;28.48
M33;Triangulum Galaxy;2026-10-25;23:07:14;71.54;180.00;S;Oui;Oui;14.42;99.7;15.59
M39;Pyramid Cluster;2026-10-25;19:05:46;89.32;180.00;S;Oui;Oui;14.24;99.5;59.36
M52;Scorpion Cluster;2026-10-25;20:57:57;77.53;360.00;N;Oui;Oui;14.32;99.6;52.37
M73;;2026-10-25;18:33:03;28.25;180.00;S;Oui;Oui;14.22;99.5;71.90
M74;;2026-10-25;23:10:05;56.67;180.00;S;Oui;Oui;14.42;99.7;0.80
M76;Little Dumbbell Nebula;2026-10-25;23:15:47;87.54;0.00;N;Oui;Oui;14.42;99.7;36.44
M103;;2026-10-25;23:06:36;78.42;360.00;N;Oui;Oui;14.42;99.7;45.61
M110;Andromeda Satellite #2;2026-10-25;22:13:55;82.57;180.00;S;Oui;Oui;14.38;99.7;29.41
M2;;2026-10-26;19:03:35;40.06;180.00;S;Oui;Oui;15.30;99.5;73.83
M15;Great Pegasus Cluster;2026-10-26;19:00:06;53.05;180.00;S;Oui;Oui;15.30;99.5;70.47
M30;Jellyfish Cluster;2026-10-26;19:10:29;17.70;180.00;S;Oui;Oui;15.31;99.5;81.20
M31;Andromeda Galaxy;2026-10-26;22:12:21;82.15;180.00;S;Oui;Oui;15.44;99.3;31.20
M32;Andromeda Satellite #1;2026-10-26;22:12:18;81.75;180.00;S;Oui;Oui;15.44;99.3;30.97
M33;Triangulum Galaxy;2026-10-26;23:03:18;71.54;180.00;S;Oui;Oui;15.48;99.2;16.87
M39;Pyramid Cluster;2026-10-26;19:01:50;89.32;180.00;S;Oui;Oui;15.30;99.5;64.35
M52;Scorpion Cluster;2026-10-26;20:54:01;77.53;360.00;N;Oui;Oui;15.39;99.4;52.41
M73;;2026-10-26;18:29:07;28.25;180.00;S;Oui;Oui;15.28;99.5;85.72
M74;;2026-10-26;23:06:09;56.67;180.00;S;Oui;Oui;15.48;99.2;14.11
M76;Little Dumbbell Nebula;2026-10-26;23:11:51;87.54;360.00;N;Oui;Oui;15.49;99.2;32.82
M103;;2026-10-26;23:02:40;78.42;0.00;N;Oui;Oui;15.48;99.2;41.78
M110;Andromeda Satellite #2;2026-10-26;22:09:59;82.57;180.00;S;Oui;Oui;15.44;99.3;31.79
M2;;2026-10-27;18:59:39;40.06;180.00;S;Oui;Oui;16.39;96.9;87.64
M15;Great Pegasus Cluster;2026-10-27;18:56:10;53.05;180.00;S;Oui;Oui;16.39;96.9;83.23
M30;Jellyfish Cluster;2026-10-27;19:06:33;17.70;180.00;S;Oui;Oui;16.39;96.8;95.24
M31;Andromeda Galaxy;2026-10-27;22:08:25;82.15;180.00;S;Oui;Oui;16.53;96.3;38.52
M32;Andromeda Satellite #1;2026-10-27;22:08:22;81.75;180.00;S;Oui;Oui;16.53;96.3;38.44
M33;Triangulum Galaxy;2026-10-27;22:59:22;71.54;180.00;S;Oui;Oui;16.57;96.2;26.82
M39;Pyramid Cluster;2026-10-27;18:57:54;89.32;180.00;S;Oui;Oui;16.39;96.9;70.82
M52;Scorpion Cluster;2026-10-27;20:50:05;77.53;0.00;N;Oui;Oui;16.47;96.5;55.08
M73;;2026-10-27;18:25:11;28.25;180.00;S;Oui;Oui;16.36;96.9;99.84
M74;;2026-10-27;23:02:14;56.67;180.00;S;Oui;Oui;16.58;96.2;28.33
M76;Little Dumbbell Nebula;2026-10-27;23:07:55;87.54;0.00;N;Oui;Oui;16.58;96.1;34.31
M103;;2026-10-27;22:58:44;78.42;0.00;N;Oui;Oui;16.57;96.2;41.63
M110;Andromeda Satellite #2;2026-10-27;22:06:03;82.57;180.00;S;Oui;Oui;16.53;96.3;39.03
M2;;2026-10-28;18:55:43;40.06;180.00;S;Oui;Oui;17.50;91.6;101.69
M15;Great Pegasus Cluster;2026-10-28;18:52:15;53.05;180.00;S;Oui;Oui;17.49;91.7;96.28
M30;Jellyfish Cluster;2026-10-28;19:02:37;17.70;180.00;S;Oui;Oui;17.50;91.6;109.52
M31;Andromeda Galaxy;2026-10-28;22:04:29;82.15;180.00;S;Oui;Oui;17.64;90.8;48.76
M32;Andromeda Satellite #1;2026-10-28;22:04:27;81.75;180.00;S;Oui;Oui;17.64;90.8;48.79
M33;Triangulum Galaxy;2026-10-28;22:55:26;71.54;180.00;S;Oui;Oui;17.68;90.5;39.57
M39;Pyramid Cluster;2026-10-28;18:53:58;89.32;180.00;S;Oui;Oui;17.49;91.6;78.36
M52;Scorpion Cluster;2026-10-28;20:46:10;77.53;360.00;N;Oui;Oui;17.58;91.1;60.11
M74;;2026-10-28;22:58:18;56.67;180.00;S;Oui;Oui;17.68;90.5;42.78
M76;Little Dumbbell Nebula;2026-10-28;23:03:59;87.54;0.00;N;Oui;Oui;17.69;90.5;40.59
M103;;2026-10-28;22:54:48;78.42;360.00;N;Oui;Oui;17.68;90.5;45.40
M110;Andromeda Satellite #2;2026-10-28;22:02:07;82.57;180.00;S;Oui;Oui;17.64;90.8;49.18
M2;;2026-10-29;18:51:47;40.06;180.00;S;Oui;Oui;18.61;84.0;115.86
M15;Great Pegasus Cluster;2026-10-29;18:48:19;53.05;180.00;S;Oui;Oui;18.61;84.1;109.41
M30;Jellyfish Cluster;2026-10-29;18:58:41;17.70;180.00;S;Oui;Oui;18.62;84.0;123.92
M31;Andromeda Galaxy;2026-10-29;22:00:33;82.15;180.00;S;Oui;Oui;18.76;82.9;60.51
M32;Andromeda Satellite #1;2026-10-29;22:00:31;81.75;180.00;S;Oui;Oui;18.76;82.9;60.61
M33;Triangulum Galaxy;2026-10-29;22:51:30;71.54;180.00;S;Oui;Oui;18.80;82.6;53.24
M39;Pyramid Cluster;2026-10-29;18:50:02;89.32;180.00;S;Oui;Oui;18.61;84.1;86.52
M52;Scorpion Cluster;2026-10-29;20:42:14;77.53;360.00;N;Oui;Oui;18.70;83.4;66.96
M74;;2026-10-29;22:54:22;56.67;180.00;S;Oui;Oui;18.80;82.5;57.39
M76;Little Dumbbell Nebula;2026-10-29;23:00:03;87.54;360.00;N;Oui;Oui;18.81;82.5;49.97
M103;;2026-10-29;22:50:53;78.42;0.00;N;Oui;Oui;18.80;82.6;52.32
M110;Andromeda Satellite #2;2026-10-29;21:58:11;82.57;180.00;S;Oui;Oui;18.76;82.9;60.84
M2;;2026-10-30;18:47:51;40.06;180.00;S;Oui;Non;19.74;74.5;129.99
M15;Great Pegasus Cluster;2026-10-30;18:44:23;53.05;180.00;S;Oui;Non;19.73;74.5;122.33
M30;Jellyfish Cluster;2026-10-30;18:54:45;17.70;180.00;S;Oui;Non;19.74;74.4;138.32
M31;Andromeda Galaxy;2026-10-30;21:56:37;82.15;180.00;S;Oui;Oui;19.88;73.1;72.99
M32;Andromeda Satellite #1;2026-10-30;21:56:35;81.75;180.00;S;Oui;Oui;19.88;73.1;73.14
M33;Triangulum Galaxy;2026-10-30;22:47:35;71.54;180.00;S;Oui;Oui;19.92;72.7;67.27
M34;Spiral Cluster;2026-10-30;23:55:39;83.65;180.00;S;Oui;Oui;19.98;72.2;52.18
M39;Pyramid Cluster;2026-10-30;18:46:06;89.32;180.00;S;Oui;Non;19.74;74.5;94.88
M52;Scorpion Cluster;2026-10-30;20:38:18;77.53;0.00;N;Oui;Oui;19.82;73.7;75.02
M74;;2026-10-30;22:50:26;56.67;180.00;S;Oui;Oui;19.93;72.7;72.06
M76;Little Dumbbell Nebula;2026-10-30;22:56:07;87.54;0.00;N;Oui;Oui;19.93;72.7;61.00
M103;;2026-10-30;22:46:57;78.42;0.00;N;Oui;Oui;19.92;72.7;61.30
M110;Andromeda Satellite #2;2026-10-30;21:54:15;82.57;180.00;S;Oui;Oui;19.88;73.1;73.23
M2;;2026-10-31;18:43:55;40.06;180.00;S;Oui;Non;20.86;63.6;143.80
M15;Great Pegasus Cluster;2026-10-31;18:40:27;53.05;180.00;S;Oui;Non;20.85;63.6;134.61
M30;Jellyfish Cluster;2026-10-31;18:50:49;17.70;180.00;S;Oui;Non;20.86;63.5;152.49
M31;Andromeda Galaxy;2026-10-31;21:52:41;82.15;180.00;S;Oui;Oui;21.00;62.1;85.74
M32;Andromeda Satellite #1;2026-10-31;21:52:39;81.75;180.00;S;Oui;Oui;21.00;62.1;85.94
M33;Triangulum Galaxy;2026-10-31;22:43:39;71.54;180.00;S;Oui;Oui;21.04;61.6;81.39
M34;Spiral Cluster;2026-10-31;23:51:43;83.65;180.00;S;Oui;Oui;21.09;61.1;65.51
M39;Pyramid Cluster;2026-10-31;18:42:10;89.32;180.00;S;Oui;Non;20.85;63.6;103.01
M52;Scorpion Cluster;2026-10-31;20:34:22;77.53;360.00;N;Oui;Non;20.94;62.7;83.74
M74;;2026-10-31;22:46:30;56.67;180.00;S;Oui;Oui;21.04;61.6;86.69
M76;Little Dumbbell Nebula;2026-10-31;22:52:11;87.54;360.00;N;Oui;Oui;21.05;61.6;72.83
M77;Cetus A;2026-10-31;23:52:18;40.87;180.00;S;Oui;Oui;21.10;61.1;78.63
M103;;2026-10-31;22:43:01;78.42;360.00;N;Oui;Oui;21.04;61.6;71.45
M110;Andromeda Satellite #2;2026-10-31;21:50:19;82.57;180.00;S;Oui;Oui;21.00;62.1;85.91
M2;;2026-11-01;18:39:59;40.06;180.00;S;Oui;Non;21.96;52.0;156.68
M15;Great Pegasus Cluster;2026-11-01;18:36:31;53.05;180.00;S;Oui;Non;21.96;52.0;145.42
M30;Jellyfish Cluster;2026-11-01;18:46:53;17.70;180.00;S;Oui;Non;21.97;51.9;165.67
M31;Andromeda Galaxy;2026-11-01;21:48:45;82.15;180.00;S;Oui;Non;22.11;50.4;98.45
M32;Andromeda Satellite #1;2026-11-01;21:48:43;81.75;180.00;S;Oui;Non;22.11;50.4;98.69
M33;Triangulum Galaxy;2026-11-01;22:39:43;71.54;180.00;S;Oui;Oui;22.15;50.0;95.43
M34;Spiral Cluster;2026-11-01;23:47:48;83.65;180.00;S;Oui;Oui;22.20;49.5;78.98
M39;Pyramid Cluster;2026-11-01;18:38:14;89.32;180.00;S;Oui;Non;21.96;52.0;110.47
M52;Scorpion Cluster;2026-11-01;20:30:26;77.53;0.00;N;Oui;Non;22.05;51.1;92.65
M74;;2026-11-01;22:42:34;56.67;180.00;S;Oui;Oui;22.15;50.0;101.19
M76;Little Dumbbell Nebula;2026-11-01;22:48:15;87.54;360.00;N;Oui;Oui;22.15;49.9;84.93
M77;Cetus A;2026-11-01;23:48:22;40.87;180.00;S;Oui;Oui;22.20;49.5;92.25
M103;;2026-11-01;22:39:05;78.42;0.00;N;Oui;Oui;22.15;50.0;82.11
M110;Andromeda Satellite #2;2026-11-01;21:46:24;82.57;180.00;S;Oui;Non;22.11;50.4;98.55
M2;;2026-11-02;18:36:03;40.06;180.00;S;Oui;Non;23.05;40.4;166.05
M15;Great Pegasus Cluster;2026-11-02;18:32:35;53.05;180.00;S;Oui;Non;23.05;40.4;153.03
M30;Jellyfish Cluster;2026-11-02;18:42:57;17.70;180.00;S;Oui;Non;23.06;40.4;171.49
M31;Andromeda Galaxy;2026-11-02;21:44:49;82.15;180.00;S;Oui;Non;23.20;38.9;110.86
M32;Andromeda Satellite #1;2026-11-02;21:44:47;81.75;180.00;S;Oui;Non;23.20;38.9;111.14
M33;Triangulum Galaxy;2026-11-02;22:35:47;71.54;180.00;S;Oui;Non;23.23;38.6;109.24
M34;Spiral Cluster;2026-11-02;23:43:52;83.65;180.00;S;Oui;Non;23.28;38.0;92.35
M39;Pyramid Cluster;2026-11-02;18:34:18;89.32;180.00;S;Oui;Non;23.05;40.4;116.79
M52;Scorpion Cluster;2026-11-02;20:26:30;77.53;0.00;N;Oui;Non;23.14;39.6;101.34
M74;;2026-11-02;22:38:38;56.67;180.00;S;Oui;Non;23.24;38.5;115.49
M76;Little Dumbbell Nebula;2026-11-02;22:44:19;87.54;0.00;N;Oui;Non;23.24;38.5;96.96
M77;Cetus A;2026-11-02;23:44:26;40.87;180.00;S;Oui;Oui;23.29;38.0;105.65
M103;;2026-11-02;22:35:09;78.42;0.00;N;Oui;Non;23.23;38.6;92.86
M110;Andromeda Satellite #2;2026-11-02;21:42:28;82.57;180.00;S;Oui;Non;23.19;39.0;110.88
M2;;2026-11-03;18:32:07;40.06;180.00;S;Oui;Non;24.12;29.6;164.36
M15;Great Pegasus Cluster;2026-11-03;18:28:39;53.05;180.00;S;Oui;Non;24.12;29.6;154.66
M30;Jellyfish Cluster;2026-11-03;18:39:01;17.70;180.00;S;Oui;Non;24.13;29.6;161.58
M31;Andromeda Galaxy;2026-11-03;21:40:54;82.15;180.00;S;Oui;Non;24.26;28.3;122.67
M32;Andromeda Satellite #1;2026-11-03;21:40:51;81.75;180.00;S;Oui;Non;24.26;28.3;122.99
M33;Triangulum Galaxy;2026-11-03;22:31:51;71.54;180.00;S;Oui;Non;24.30;27.9;122.71
M34;Spiral Cluster;2026-11-03;23:39:56;83.65;180.00;S;Oui;Non;24.35;27.4;105.45
M39;Pyramid Cluster;2026-11-03;18:30:23;89.32;180.00;S;Oui;Non;24.12;29.6;121.51
M52;Scorpion Cluster;2026-11-03;20:22:34;77.53;360.00;N;Oui;Non;24.20;28.8;109.41
M74;;2026-11-03;22:34:42;56.67;180.00;S;Oui;Non;24.30;27.9;129.52
M76;Little Dumbbell Nebula;2026-11-03;22:40:23;87.54;360.00;N;Oui;Non;24.30;27.9;108.64
M77;Cetus A;2026-11-03;23:40:30;40.87;180.00;S;Oui;Non;24.35;27.4;118.68
M103;;2026-11-03;22:31:13;78.42;360.00;N;Oui;Non;24.30;27.9;103.32
M110;Andromeda Satellite #2;2026-11-03;21:38:32;82.57;180.00;S;Oui;Non;24.26;28.3;122.60
M2;;2026-11-04;18:28:11;40.06;180.00;S;Oui;Non;25.17;20.1;154.10
M15;Great Pegasus Cluster;2026-11-04;18:24:43;53.05;180.00;S;Oui;Non;25.16;20.1;149.72
M30;Jellyfish Cluster;2026-11-04;18:35:05;17.70;180.00;S;Oui;Non;25.17;20.0;148.68
M31;Andromeda Galaxy;2026-11-04;21:36:58;82.15;180.00;S;Oui;Non;25.30;18.9;133.49
M32;Andromeda Satellite #1;2026-11-04;21:36:55;81.75;180.00;S;Oui;Non;25.30;18.9;133.85
M33;Triangulum Galaxy;2026-11-04;22:27:55;71.54;180.00;S;Oui;Non;25.34;18.6;135.67
M34;Spiral Cluster;2026-11-04;23:36:00;83.65;180.00;S;Oui;Non;25.39;18.2;118.13
M39;Pyramid Cluster;2026-11-04;18:26:27;89.32;180.00;S;Oui;Non;25.16;20.1;124.24
M52;Scorpion Cluster;2026-11-04;20:18:38;77.53;0.00;N;Oui;Non;25.25;19.4;116.48
M74;;2026-11-04;22:30:46;56.67;180.00;S;Oui;Non;25.34;18.6;143.24
M76;Little Dumbbell Nebula;2026-11-04;22:36:28;87.54;360.00;N;Oui;Non;25.34;18.6;119.68
M77;Cetus A;2026-11-04;23:36:34;40.87;180.00;S;Oui;Non;25.39;18.2;131.12
M103;;2026-11-04;22:27:17;78.42;0.00;N;Oui;Non;25.34;18.6;113.19
M110;Andromeda Satellite #2;2026-11-04;21:34:36;82.57;180.00;S;Oui;Non;25.30;18.9;133.31
M2;;2026-11-05;18:24:15;40.06;180.00;S;Oui;Non;26.18;12.2;141.98
M15;Great Pegasus Cluster;2026-11-05;18:20:47;53.05;180.00;S;Oui;Non;26.18;12.2;140.93
M30;Jellyfish Cluster;2026-11-05;18:31:09;17.70;180.00;S;Oui;Non;26.19;12.2;135.61
M31;Andromeda Galaxy;2026-11-05;21:33:02;82.15;180.00;S;Oui;Non;26.32;11.3;142.69
M32;Andromeda Satellite #1;2026-11-05;21:32:59;81.75;180.00;S;Oui;Non;26.32;11.3;143.08
M33;Triangulum Galaxy;2026-11-05;22:23:59;71.54;180.00;S;Oui;Non;26.35;11.1;147.86
M34;Spiral Cluster;2026-11-05;23:32:04;83.65;180.00;S;Oui;Non;26.40;10.8;130.23
M39;Pyramid Cluster;2026-11-05;18:22:31;89.32;180.00;S;Oui;Non;26.18;12.2;124.78
M52;Scorpion Cluster;2026-11-05;20:14:42;77.53;0.00;N;Oui;Non;26.26;11.7;122.15
M74;;2026-11-05;22:26:50;56.67;180.00;S;Oui;Non;26.35;11.1;156.62
M76;Little Dumbbell Nebula;2026-11-05;22:32:32;87.54;0.00;N;Oui;Non;26.36;11.0;129.74
M77;Cetus A;2026-11-05;23:32:38;40.87;180.00;S;Oui;Non;26.40;10.8;142.67
M103;;2026-11-05;22:23:21;78.42;0.00;N;Oui;Non;26.35;11.1;122.11
M110;Andromeda Satellite #2;2026-11-05;21:30:40;82.57;180.00;S;Oui;Non;26.32;11.3;142.36
M2;;2026-11-06;18:20:20;40.06;180.00;S;Oui;Non;27.18;6.2;129.57
M15;Great Pegasus Cluster;2026-11-06;18:16:51;53.05;180.00;S;Oui;Non;27.18;6.2;130.56
M30;Jellyfish Cluster;2026-11-06;18:27:14;17.70;180.00;S;Oui;Non;27.18;6.2;122.72
M31;Andromeda Galaxy;2026-11-06;21:29:06;82.15;180.00;S;Oui;Non;27.31;5.6;149.10
M32;Andromeda Satellite #1;2026-11-06;21:29:03;81.75;180.00;S;Oui;Non;27.31;5.6;149.50
M33;Triangulum Galaxy;2026-11-06;22:20:03;71.54;180.00;S;Oui;Non;27.34;5.4;158.55
M34;Spiral Cluster;2026-11-06;23:28:08;83.65;180.00;S;Oui;Non;27.39;5.2;141.47
M39;Pyramid Cluster;2026-11-06;18:18:35;89.32;180.00;S;Oui;Non;27.18;6.2;123.23
M52;Scorpion Cluster;2026-11-06;20:10:46;77.53;360.00;N;Oui;Non;27.25;5.9;126.03
M74;;2026-11-06;22:22:54;56.67;180.00;S;Oui;Non;27.34;5.4;169.66
M76;Little Dumbbell Nebula;2026-11-06;22:28:36;87.54;360.00;N;Oui;Non;27.35;5.4;138.29
M77;Cetus A;2026-11-06;23:28:43;40.87;180.00;S;Oui;Non;27.39;5.2;152.60
M103;;2026-11-06;22:19:25;78.42;360.00;N;Oui;Non;27.34;5.4;129.66
M110;Andromeda Satellite #2;2026-11-06;21:26:44;82.57;180.00;S;Oui;Non;27.31;5.6;148.62
M2;;2026-11-07;18:16:24;40.06;180.00;S;Oui;Non;28.15;2.3;117.25
M15;Great Pegasus Cluster;2026-11-07;18:12:55;53.05;180.00;S;Oui;Non;28.15;2.3;119.63
M30;Jellyfish Cluster;2026-11-07;18:23:18;17.70;180.00;S;Oui;Non;28.15;2.3;110.09
M31;Andromeda Galaxy;2026-11-07;21:25:10;82.15;180.00;S;Oui;Non;28.27;1.9;151.21
M32;Andromeda Satellite #1;2026-11-07;21:25:07;81.75;180.00;S;Oui;Non;28.27;1.9;151.55
M33;Triangulum Galaxy;2026-11-07;22:16:07;71.54;180.00;S;Oui;Non;28.31;1.8;165.07
M34;Spiral Cluster;2026-11-07;23:24:12;83.65;180.00;S;Oui;Non;28.35;1.7;151.22
M39;Pyramid Cluster;2026-11-07;18:14:39;89.32;180.00;S;Oui;Non;28.15;2.3;119.89
M52;Scorpion Cluster;2026-11-07;20:06:50;77.53;0.00;N;Oui;Non;28.22;2.1;127.84
M74;;2026-11-07;22:18:59;56.67;180.00;S;Oui;Non;28.31;1.8;177.45
M76;Little Dumbbell Nebula;2026-11-07;22:24:40;87.54;360.00;N;Oui;Non;28.31;1.8;144.48
M77;Cetus A;2026-11-07;23:24:47;40.87;180.00;S;Oui;Non;28.35;1.7;159.08
M103;;2026-11-07;22:15:29;78.42;0.00;N;Oui;Non;28.31;1.8;135.27
M110;Andromeda Satellite #2;2026-11-07;21:22:48;82.57;180.00;S;Oui;Non;28.27;1.9;150.62
M2;;2026-11-08;18:12:28;40.06;180.00;S;Oui;Non;29.09;0.4;105.10
M15;Great Pegasus Cluster;2026-11-08;18:09:00;53.05;180.00;S;Oui;Non;29.09;0.4;108.55
M30;Jellyfish Cluster;2026-11-08;18:19:22;17.70;180.00;S;Oui;Non;29.10;0.4;97.71
M31;Andromeda Galaxy;2026-11-08;21:21:14;82.15;180.00;S;Oui;Non;29.22;0.3;148.48
M32;Andromeda Satellite #1;2026-11-08;21:21:12;81.75;180.00;S;Oui;Non;29.22;0.3;148.69
M33;Triangulum Galaxy;2026-11-08;22:12:11;71.54;180.00;S;Oui;Non;29.25;0.3;162.72
M34;Spiral Cluster;2026-11-08;23:20:16;83.65;180.00;S;Oui;Non;29.30;0.3;157.97
M39;Pyramid Cluster;2026-11-08;18:10:43;89.32;180.00;S;Oui;Non;29.09;0.4;115.21
M52;Scorpion Cluster;2026-11-08;20:02:55;77.53;0.00;N;Oui;Non;29.17;0.3;127.50
M74;;2026-11-08;22:15:03;56.67;180.00;S;Oui;Non;29.25;0.3;165.08
M76;Little Dumbbell Nebula;2026-11-08;22:20:44;87.54;0.00;N;Oui;Non;29.26;0.3;147.25
M77;Cetus A;2026-11-08;23:20:51;40.87;180.00;S;Oui;Non;29.30;0.3;159.22
M103;;2026-11-08;22:11:33;78.42;0.00;N;Oui;Non;29.25;0.3;138.35
M110;Andromeda Satellite #2;2026-11-08;21:18:52;82.57;180.00;S;Oui;Non;29.22;0.3;147.89
M2;;2026-11-09;18:08:32;40.06;180.00;S;Oui;Non;0.49;0.5;93.15
M30;Jellyfish Cluster;2026-11-09;18:15:26;17.70;180.00;S;Oui;Non;0.50;0.5;85.57
M31;Andromeda Galaxy;2026-11-09;21:17:18;82.15;180.00;S;Oui;Non;0.61;0.6;142.17
M32;Andromeda Satellite #1;2026-11-09;21:17:16;81.75;180.00;S;Oui;Non;0.61;0.6;142.26
M33;Triangulum Galaxy;2026-11-09;22:08:15;71.54;180.00;S;Oui;Non;0.65;0.7;154.15
M34;Spiral Cluster;2026-11-09;23:16:20;83.65;180.00;S;Oui;Non;0.69;0.7;159.07
M52;Scorpion Cluster;2026-11-09;19:58:59;77.53;360.00;N;Oui;Non;0.56;0.6;125.18
M74;;2026-11-09;22:11:07;56.67;180.00;S;Oui;Non;0.65;0.7;152.85
M76;Little Dumbbell Nebula;2026-11-09;22:16:48;87.54;360.00;N;Oui;Non;0.65;0.7;146.01
M77;Cetus A;2026-11-09;23:16:55;40.87;180.00;S;Oui;Non;0.69;0.7;153.25
M103;;2026-11-09;22:07:38;78.42;360.00;N;Oui;Non;0.65;0.7;138.51
M110;Andromeda Satellite #2;2026-11-09;21:14:56;82.57;180.00;S;Oui;Non;0.61;0.6;141.65
M30;Jellyfish Cluster;2026-11-10;18:11:30;17.70;180.00;S;Oui;Non;1.41;2.4;73.62
M31;Andromeda Galaxy;2026-11-10;21:13:22;82.15;180.00;S;Oui;Non;1.52;2.8;133.87
M32;Andromeda Satellite #1;2026-11-10;21:13:20;81.75;180.00;S;Oui;Non;1.52;2.8;133.87
M33;Triangulum Galaxy;2026-11-10;22:04:20;71.54;180.00;S;Oui;Non;1.56;2.9;143.69
M34;Spiral Cluster;2026-11-10;23:12:24;83.65;180.00;S;Oui;Non;1.60;3.0;154.11
M52;Scorpion Cluster;2026-11-10;19:55:03;77.53;0.00;N;Oui;Non;1.47;2.6;121.23
M74;;2026-11-10;22:07:11;56.67;180.00;S;Oui;Non;1.56;2.9;140.81
M76;Little Dumbbell Nebula;2026-11-10;22:12:52;87.54;360.00;N;Oui;Non;1.56;2.9;141.31
M77;Cetus A;2026-11-10;23:12:59;40.87;180.00;S;Oui;Non;1.60;3.0;144.29
M103;;2026-11-10;22:03:42;78.42;0.00;N;Oui;Non;1.56;2.9;135.85
M110;Andromeda Satellite #2;2026-11-10;21:11:00;82.57;180.00;S;Oui;Non;1.52;2.8;133.43
M30;Jellyfish Cluster;2026-11-11;18:07:34;17.70;180.00;S;Oui;Non;2.31;6.1;61.83
M31;Andromeda Galaxy;2026-11-11;21:09:26;82.15;180.00;S;Oui;Non;2.42;6.6;124.56
M32;Andromeda Satellite #1;2026-11-11;21:09:24;81.75;180.00;S;Oui;Non;2.42;6.6;124.49
M33;Triangulum Galaxy;2026-11-11;22:00:24;71.54;180.00;S;Oui;Non;2.45;6.8;132.68
M34;Spiral Cluster;2026-11-11;23:08:28;83.65;180.00;S;Oui;Non;2.50;7.0;145.75
M52;Scorpion Cluster;2026-11-11;19:51:07;77.53;0.00;N;Oui;Non;2.37;6.4;116.03
M74;;2026-11-11;22:03:15;56.67;180.00;S;Oui;Non;2.46;6.8;128.90
M76;Little Dumbbell Nebula;2026-11-11;22:08:56;87.54;0.00;N;Oui;Non;2.46;6.8;134.32
M77;Cetus A;2026-11-11;23:09:03;40.87;180.00;S;Oui;Non;2.50;7.0;134.17
M103;;2026-11-11;21:59:46;78.42;0.00;N;Oui;Non;2.45;6.8;130.94
M110;Andromeda Satellite #2;2026-11-11;21:07:04;82.57;180.00;S;Oui;Non;2.42;6.6;124.20
M30;Jellyfish Cluster;2026-11-12;18:03:38;17.70;180.00;S;Oui;Non;3.20;11.3;50.17
M31;Andromeda Galaxy;2026-11-12;21:05:30;82.15;180.00;S;Oui;Non;3.31;12.0;114.72
M32;Andromeda Satellite #1;2026-11-12;21:05:28;81.75;180.00;S;Oui;Non;3.31;12.0;114.60
M33;Triangulum Galaxy;2026-11-12;21:56:28;71.54;180.00;S;Oui;Non;3.34;12.2;121.46
M34;Spiral Cluster;2026-11-12;23:04:33;83.65;180.00;S;Oui;Non;3.39;12.5;135.96
M52;Scorpion Cluster;2026-11-12;19:47:11;77.53;360.00;N;Oui;Non;3.26;11.7;109.93
M74;;2026-11-12;21:59:19;56.67;180.00;S;Oui;Non;3.35;12.2;117.07
M76;Little Dumbbell Nebula;2026-11-12;22:05:00;87.54;360.00;N;Oui;Non;3.35;12.3;125.98
M77;Cetus A;2026-11-12;23:05:07;40.87;180.00;S;Oui;Non;3.39;12.5;123.55
M103;;2026-11-12;21:55:50;78.42;360.00;N;Oui;Non;3.34;12.2;124.44
M110;Andromeda Satellite #2;2026-11-12;21:03:09;82.57;180.00;S;Oui;Non;3.31;12.0;114.42
M31;Andromeda Galaxy;2026-11-13;21:01:34;82.15;180.00;S;Oui;Non;4.20;18.7;104.57
M32;Andromeda Satellite #1;2026-11-13;21:01:32;81.75;180.00;S;Oui;Non;4.20;18.7;104.41
M33;Triangulum Galaxy;2026-11-13;21:52:32;71.54;180.00;S;Oui;Non;4.23;19.0;110.13
M34;Spiral Cluster;2026-11-13;23:00:37;83.65;180.00;S;Oui;Non;4.27;19.3;125.51
M52;Scorpion Cluster;2026-11-13;19:43:15;77.53;0.00;N;Oui;Non;4.15;18.3;103.23
M74;;2026-11-13;21:55:23;56.67;180.00;S;Oui;Non;4.23;19.0;105.26
M76;Little Dumbbell Nebula;2026-11-13;22:01:04;87.54;360.00;N;Oui;Non;4.24;19.0;116.86
M77;Cetus A;2026-11-13;23:01:11;40.87;180.00;S;Oui;Non;4.27;19.3;112.67
M103;;2026-11-13;21:51:54;78.42;0.00;N;Oui;Non;4.23;19.0;116.87
M110;Andromeda Satellite #2;2026-11-13;20:59:13;82.57;180.00;S;Oui;Non;4.20;18.7;104.34
M31;Andromeda Galaxy;2026-11-14;20:57:39;82.15;180.00;S;Oui;Non;5.09;26.6;94.24
M32;Andromeda Satellite #1;2026-11-14;20:57:36;81.75;180.00;S;Oui;Non;5.09;26.6;94.04
M33;Triangulum Galaxy;2026-11-14;21:48:36;71.54;180.00;S;Oui;Non;5.12;26.9;98.70
M34;Spiral Cluster;2026-11-14;22:56:41;83.65;180.00;S;Oui;Non;5.16;27.3;114.69
M52;Scorpion Cluster;2026-11-14;19:39:19;77.53;0.00;N;Oui;Oui;5.04;26.1;96.13
M74;;2026-11-14;21:51:27;56.67;180.00;S;Oui;Non;5.12;26.9;93.43
M76;Little Dumbbell Nebula;2026-11-14;21:57:08;87.54;0.00;N;Oui;Non;5.12;26.9;107.24
M77;Cetus A;2026-11-14;22:57:15;40.87;180.00;S;Oui;Non;5.16;27.3;101.62
M103;;2026-11-14;21:47:58;78.42;360.00;N;Oui;Non;5.12;26.9;108.59
M110;Andromeda Satellite #2;2026-11-14;20:55:17;82.57;180.00;S;Oui;Non;5.09;26.5;94.07
M31;Andromeda Galaxy;2026-11-15;20:53:43;82.15;180.00;S;Oui;Oui;5.98;35.3;83.80
M32;Andromeda Satellite #1;2026-11-15;20:53:40;81.75;180.00;S;Oui;Oui;5.98;35.3;83.56
M33;Triangulum Galaxy;2026-11-15;21:44:40;71.54;180.00;S;Oui;Non;6.01;35.6;87.16
M34;Spiral Cluster;2026-11-15;22:52:45;83.65;180.00;S;Oui;Non;6.05;36.1;103.62
M52;Scorpion Cluster;2026-11-15;19:35:23;77.53;360.00;N;Oui;Oui;5.93;34.8;88.82
M74;;2026-11-15;21:47:31;56.67;180.00;S;Oui;Non;6.01;35.6;81.50
M76;Little Dumbbell Nebula;2026-11-15;21:53:13;87.54;360.00;N;Oui;Non;6.02;35.7;97.31
M77;Cetus A;2026-11-15;22:53:19;40.87;180.00;S;Oui;Non;6.05;36.1;90.42
M103;;2026-11-15;21:44:02;78.42;360.00;N;Oui;Non;6.01;35.6;99.85
M110;Andromeda Satellite #2;2026-11-15;20:51:21;82.57;180.00;S;Oui;Oui;5.98;35.3;83.68
M31;Andromeda Galaxy;2026-11-16;20:49:47;82.15;180.00;S;Oui;Oui;6.88;44.7;73.30
M32;Andromeda Satellite #1;2026-11-16;20:49:44;81.75;180.00;S;Oui;Oui;6.88;44.7;73.03
M33;Triangulum Galaxy;2026-11-16;21:40:44;71.54;180.00;S;Oui;Oui;6.91;45.0;75.50
M34;Spiral Cluster;2026-11-16;22:48:49;83.65;180.00;S;Oui;Non;6.96;45.5;92.33
M45;Pleiades;2026-11-16;23:53:56;65.00;180.00;S;Oui;Non;7.00;45.9;100.03
M52;Scorpion Cluster;2026-11-16;19:31:27;77.53;0.00;N;Oui;Oui;6.83;44.2;81.45
M74;;2026-11-16;21:43:35;56.67;180.00;S;Oui;Oui;6.92;45.0;69.44
M76;Little Dumbbell Nebula;2026-11-16;21:49:17;87.54;360.00;N;Oui;Oui;6.92;45.1;87.16
M77;Cetus A;2026-11-16;22:49:23;40.87;180.00;S;Oui;Non;6.96;45.5;79.08
M103;;2026-11-16;21:40:06;78.42;0.00;N;Oui;Oui;6.91;45.0;90.81
M110;Andromeda Satellite #2;2026-11-16;20:47:25;82.57;180.00;S;Oui;Oui;6.88;44.7;73.24
M31;Andromeda Galaxy;2026-11-17;20:45:51;82.15;180.00;S;Oui;Oui;7.80;54.4;62.83
M32;Andromeda Satellite #1;2026-11-17;20:45:48;81.75;180.00;S;Oui;Oui;7.80;54.4;62.53
M33;Triangulum Galaxy;2026-11-17;21:36:48;71.54;180.00;S;Oui;Oui;7.83;54.8;63.70
M34;Spiral Cluster;2026-11-17;22:44:53;83.65;180.00;S;Oui;Oui;7.88;55.3;80.85
M45;Pleiades;2026-11-17;23:50:00;65.00;180.00;S;Oui;Non;7.92;55.7;87.75
M52;Scorpion Cluster;2026-11-17;19:27:31;77.53;0.00;N;Oui;Oui;7.75;53.9;74.23
M74;;2026-11-17;21:39:39;56.67;180.00;S;Oui;Oui;7.83;54.8;57.19
M76;Little Dumbbell Nebula;2026-11-17;21:45:21;87.54;0.00;N;Oui;Oui;7.84;54.8;76.89
M77;Cetus A;2026-11-17;22:45:28;40.87;180.00;S;Oui;Oui;7.88;55.3;67.63
M103;;2026-11-17;21:36:10;78.42;0.00;N;Oui;Oui;7.83;54.8;81.61
M110;Andromeda Satellite #2;2026-11-17;20:43:29;82.57;180.00;S;Oui;Oui;7.80;54.4;62.85
M31;Andromeda Galaxy;2026-11-18;20:41:55;82.15;180.00;S;Oui;Oui;8.74;64.2;52.58
M32;Andromeda Satellite #1;2026-11-18;20:41:52;81.75;180.00;S;Oui;Oui;8.74;64.2;52.24
M33;Triangulum Galaxy;2026-11-18;21:32:52;71.54;180.00;S;Oui;Oui;8.77;64.6;51.77
M34;Spiral Cluster;2026-11-18;22:40:57;83.65;180.00;S;Oui;Oui;8.82;65.0;69.20
M45;Pleiades;2026-11-18;23:46:04;65.00;180.00;S;Oui;Oui;8.86;65.5;75.24
M52;Scorpion Cluster;2026-11-18;19:23:35;77.53;360.00;N;Oui;Oui;8.69;63.7;67.37
M74;;2026-11-18;21:35:44;56.67;180.00;S;Oui;Oui;8.77;64.6;44.70
M76;Little Dumbbell Nebula;2026-11-18;21:41:25;87.54;360.00;N;Oui;Oui;8.78;64.6;66.61
M77;Cetus A;2026-11-18;22:41:32;40.87;180.00;S;Oui;Oui;8.82;65.0;56.10
M103;;2026-11-18;21:32:14;78.42;360.00;N;Oui;Oui;8.77;64.6;72.41
M110;Andromeda Satellite #2;2026-11-18;20:39:33;82.57;180.00;S;Oui;Oui;8.74;64.2;52.69
M31;Andromeda Galaxy;2026-11-19;20:37:59;82.15;180.00;S;Oui;Oui;9.70;73.6;42.92
M32;Andromeda Satellite #1;2026-11-19;20:37:57;81.75;180.00;S;Oui;Oui;9.70;73.6;42.55
M33;Triangulum Galaxy;2026-11-19;21:28:56;71.54;180.00;S;Oui;Oui;9.73;74.0;39.82
M34;Spiral Cluster;2026-11-19;22:37:01;83.65;180.00;S;Oui;Oui;9.78;74.4;57.44
M45;Pleiades;2026-11-19;23:42:08;65.00;180.00;S;Oui;Oui;9.83;74.8;62.44
M52;Scorpion Cluster;2026-11-19;19:19:40;77.53;0.00;N;Oui;Oui;9.65;73.1;61.23
M74;;2026-11-19;21:31:48;56.67;180.00;S;Oui;Oui;9.74;74.0;31.92
M76;Little Dumbbell Nebula;2026-11-19;21:37:29;87.54;360.00;N;Oui;Oui;9.74;74.0;56.54
M77;Cetus A;2026-11-19;22:37:36;40.87;180.00;S;Oui;Oui;9.78;74.4;44.66
M103;;2026-11-19;21:28:18;78.42;0.00;N;Oui;Oui;9.73;74.0;63.44
M110;Andromeda Satellite #2;2026-11-19;20:35:37;82.57;180.00;S;Oui;Oui;9.70;73.6;43.15
M31;Andromeda Galaxy;2026-11-20;20:34:03;82.15;180.00;S;Oui;Oui;10.69;82.3;34.67
M32;Andromeda Satellite #1;2026-11-20;20:34:01;81.75;180.00;S;Oui;Oui;10.69;82.3;34.27
M33;Triangulum Galaxy;2026-11-20;21:25:00;71.54;180.00;S;Oui;Oui;10.72;82.6;28.18
M34;Spiral Cluster;2026-11-20;22:33:05;83.65;180.00;S;Oui;Oui;10.77;82.9;45.74
M45;Pleiades;2026-11-20;23:38:13;65.00;180.00;S;Oui;Oui;10.82;83.3;49.32
M52;Scorpion Cluster;2026-11-20;19:15:44;77.53;0.00;N;Oui;Oui;10.63;81.8;56.25
M74;;2026-11-20;21:27:52;56.67;180.00;S;Oui;Oui;10.73;82.6;18.84
M76;Little Dumbbell Nebula;2026-11-20;21:33:33;87.54;0.00;N;Oui;Oui;10.73;82.6;47.07
M77;Cetus A;2026-11-20;22:33:40;40.87;180.00;S;Oui;Oui;10.77;82.9;33.68
M103;;2026-11-20;21:24:23;78.42;360.00;N;Oui;Oui;10.72;82.6;55.07
M110;Andromeda Satellite #2;2026-11-20;20:31:41;82.57;180.00;S;Oui;Oui;10.69;82.3;35.05
M31;Andromeda Galaxy;2026-11-21;20:30:07;82.15;180.00;S;Oui;Oui;11.71;89.7;29.48
M32;Andromeda Satellite #1;2026-11-21;20:30:05;81.75;180.00;S;Oui;Oui;11.71;89.7;29.10
M33;Triangulum Galaxy;2026-11-21;21:21:05;71.54;180.00;S;Oui;Oui;11.74;89.9;18.17
M34;Spiral Cluster;2026-11-21;22:29:09;83.65;180.00;S;Oui;Oui;11.79;90.2;34.53
M45;Pleiades;2026-11-21;23:34:17;65.00;180.00;S;Oui;Oui;11.84;90.5;35.88
M52;Scorpion Cluster;2026-11-21;19:11:48;77.53;360.00;N;Oui;Oui;11.65;89.3;53.00
M74;;2026-11-21;21:23:56;56.67;180.00;S;Oui;Oui;11.75;89.9;5.46
M76;Little Dumbbell Nebula;2026-11-21;21:29:37;87.54;360.00;N;Oui;Oui;11.75;89.9;38.98
M77;Cetus A;2026-11-21;22:29:44;40.87;180.00;S;Oui;Oui;11.79;90.2;24.37
M103;;2026-11-21;21:20:27;78.42;360.00;N;Oui;Oui;11.74;89.9;47.91
M110;Andromeda Satellite #2;2026-11-21;20:27:45;82.57;180.00;S;Oui;Oui;11.71;89.7;30.02
M31;Andromeda Galaxy;2026-11-22;20:26:11;82.15;180.00;S;Oui;Oui;12.75;95.3;29.48
M32;Andromeda Satellite #1;2026-11-22;20:26:09;81.75;180.00;S;Oui;Oui;12.75;95.3;29.20
M33;Triangulum Galaxy;2026-11-22;21:17:09;71.54;180.00;S;Oui;Oui;12.79;95.5;14.84
M34;Spiral Cluster;2026-11-22;22:25:13;83.65;180.00;S;Oui;Oui;12.84;95.7;25.02
M45;Pleiades;2026-11-22;23:30:21;65.00;180.00;S;Oui;Oui;12.89;95.9;22.11
M52;Scorpion Cluster;2026-11-22;19:07:52;77.53;0.00;N;Oui;Oui;12.70;95.1;52.03
M74;;2026-11-22;21:20:00;56.67;180.00;S;Oui;Oui;12.79;95.5;8.37
M76;Little Dumbbell Nebula;2026-11-22;21:25:41;87.54;360.00;N;Oui;Oui;12.80;95.5;33.70
M77;Cetus A;2026-11-22;22:25:48;40.87;180.00;S;Oui;Oui;12.84;95.7;19.96
M103;;2026-11-22;21:16:31;78.42;0.00;N;Oui;Oui;12.79;95.5;42.91
M110;Andromeda Satellite #2;2026-11-22;20:23:49;82.57;180.00;S;Oui;Oui;12.75;95.3;30.08
M31;Andromeda Galaxy;2026-11-23;20:22:15;82.15;180.00;S;Oui;Oui;13.83;98.8;35.01
M32;Andromeda Satellite #1;2026-11-23;20:22:13;81.75;180.00;S;Oui;Oui;13.83;98.8;34.88
M33;Triangulum Galaxy;2026-11-23;21:13:13;71.54;180.00;S;Oui;Oui;13.87;98.9;22.13
M34;Spiral Cluster;2026-11-23;22:21:18;83.65;180.00;S;Oui;Oui;13.92;99.0;20.54
M45;Pleiades;2026-11-23;23:26:25;65.00;180.00;S;Oui;Oui;13.97;99.1;8.07
M52;Scorpion Cluster;2026-11-23;19:03:56;77.53;0.00;N;Oui;Oui;13.77;98.7;53.65
M74;;2026-11-23;21:16:04;56.67;180.00;S;Oui;Oui;13.87;98.9;22.41
M76;Little Dumbbell Nebula;2026-11-23;21:21:45;87.54;0.00;N;Oui;Oui;13.87;98.9;33.03
M77;Cetus A;2026-11-23;22:21:52;40.87;180.00;S;Oui;Oui;13.92;99.0;23.97
M103;;2026-11-23;21:12:35;78.42;360.00;N;Oui;Oui;13.87;98.9;41.20
M110;Andromeda Satellite #2;2026-11-23;20:19:54;82.57;180.00;S;Oui;Oui;13.83;98.8;35.56
M31;Andromeda Galaxy;2026-11-24;20:18:19;82.15;180.00;S;Oui;Oui;14.92;99.8;44.26
M32;Andromeda Satellite #1;2026-11-24;20:18:17;81.75;180.00;S;Oui;Oui;14.92;99.8;44.24
M33;Triangulum Galaxy;2026-11-24;21:09:17;71.54;180.00;S;Oui;Oui;14.96;99.8;34.09
M34;Spiral Cluster;2026-11-24;22:17:22;83.65;180.00;S;Oui;Oui;15.02;99.7;24.57
M45;Pleiades;2026-11-24;23:22:29;65.00;180.00;S;Oui;Oui;15.07;99.7;6.43
M52;Scorpion Cluster;2026-11-24;19:00:00;77.53;360.00;N;Oui;Oui;14.86;99.8;57.77
M74;;2026-11-24;21:12:08;56.67;180.00;S;Oui;Oui;14.97;99.8;36.73
M76;Little Dumbbell Nebula;2026-11-24;21:17:49;87.54;360.00;N;Oui;Oui;14.97;99.8;37.51
M77;Cetus A;2026-11-24;22:17:56;40.87;180.00;S;Oui;Oui;15.02;99.7;33.82
M103;;2026-11-24;21:08:39;78.42;360.00;N;Oui;Oui;14.96;99.8;43.41
M110;Andromeda Satellite #2;2026-11-24;20:15:58;82.57;180.00;S;Oui;Oui;14.92;99.8;44.71
M31;Andromeda Galaxy;2026-11-25;20:14:24;82.15;180.00;S;Oui;Oui;16.04;98.0;55.49
M32;Andromeda Satellite #1;2026-11-25;20:14:21;81.75;180.00;S;Oui;Oui;16.04;98.0;55.56
M33;Triangulum Galaxy;2026-11-25;21:05:21;71.54;180.00;S;Oui;Oui;16.08;97.9;47.46
M34;Spiral Cluster;2026-11-25;22:13:26;83.65;180.00;S;Oui;Oui;16.13;97.8;34.48
M45;Pleiades;2026-11-25;23:18:33;65.00;180.00;S;Oui;Oui;16.18;97.6;20.90
M52;Scorpion Cluster;2026-11-25;18:56:04;77.53;0.00;N;Oui;Oui;15.97;98.2;63.95
M74;;2026-11-25;21:08:12;56.67;180.00;S;Oui;Oui;16.08;97.9;51.25
M76;Little Dumbbell Nebula;2026-11-25;21:13:53;87.54;360.00;N;Oui;Oui;16.08;97.9;45.80
M77;Cetus A;2026-11-25;22:14:00;40.87;180.00;S;Oui;Oui;16.13;97.8;46.05
M103;;2026-11-25;21:04:43;78.42;0.00;N;Oui;Oui;16.07;97.9;49.15
M110;Andromeda Satellite #2;2026-11-25;20:12:02;82.57;180.00;S;Oui;Oui;16.03;98.0;55.85
M31;Andromeda Galaxy;2026-11-26;20:10:28;82.15;180.00;S;Oui;Oui;17.16;93.6;67.73
M32;Andromeda Satellite #1;2026-11-26;20:10:25;81.75;180.00;S;Oui;Oui;17.16;93.6;67.86
M33;Triangulum Galaxy;2026-11-26;21:01:25;71.54;180.00;S;Oui;Oui;17.20;93.4;61.38
M34;Spiral Cluster;2026-11-26;22:09:30;83.65;180.00;S;Oui;Oui;17.25;93.1;46.75
M45;Pleiades;2026-11-26;23:14:37;65.00;180.00;S;Oui;Oui;17.30;92.8;35.54
M52;Scorpion Cluster;2026-11-26;18:52:08;77.53;0.00;N;Oui;Oui;17.09;93.9;71.58
M74;;2026-11-26;21:04:16;56.67;180.00;S;Oui;Oui;17.20;93.3;65.89
M76;Little Dumbbell Nebula;2026-11-26;21:09:58;87.54;0.00;N;Oui;Oui;17.20;93.3;56.28
M77;Cetus A;2026-11-26;22:10:04;40.87;180.00;S;Oui;Oui;17.25;93.1;59.26
M103;;2026-11-26;21:00:47;78.42;360.00;N;Oui;Oui;17.20;93.4;57.40
M110;Andromeda Satellite #2;2026-11-26;20:08:06;82.57;180.00;S;Oui;Oui;17.15;93.6;68.01
M31;Andromeda Galaxy;2026-11-27;20:06:32;82.15;180.00;S;Oui;Oui;18.28;86.6;80.43
M32;Andromeda Satellite #1;2026-11-27;20:06:29;81.75;180.00;S;Oui;Oui;18.28;86.6;80.60
M33;Triangulum Galaxy;2026-11-27;20:57:29;71.54;180.00;S;Oui;Oui;18.32;86.3;75.49
M34;Spiral Cluster;2026-11-27;22:05:34;83.65;180.00;S;Oui;Oui;18.37;86.0;59.92
M45;Pleiades;2026-11-27;23:10:41;65.00;180.00;S;Oui;Oui;18.42;85.6;50.20
M52;Scorpion Cluster;2026-11-27;18:48:12;77.53;360.00;N;Oui;Oui;18.22;87.1;80.11
M74;;2026-11-27;21:00:20;56.67;180.00;S;Oui;Oui;18.32;86.3;80.56
M76;Little Dumbbell Nebula;2026-11-27;21:06:02;87.54;360.00;N;Oui;Oui;18.32;86.3;67.87
M77;Cetus A;2026-11-27;22:06:08;40.87;180.00;S;Oui;Oui;18.37;86.0;72.85
M103;;2026-11-27;20:56:51;78.42;360.00;N;Oui;Oui;18.32;86.4;67.17
M110;Andromeda Satellite #2;2026-11-27;20:04:10;82.57;180.00;S;Oui;Oui;18.27;86.6;80.63
M31;Andromeda Galaxy;2026-11-28;20:02:36;82.15;180.00;S;Oui;Oui;19.39;77.7;93.22
M32;Andromeda Satellite #1;2026-11-28;20:02:33;81.75;180.00;S;Oui;Oui;19.39;77.7;93.44
M33;Triangulum Galaxy;2026-11-28;20:53:33;71.54;180.00;S;Oui;Oui;19.43;77.3;89.61
M34;Spiral Cluster;2026-11-28;22:01:38;83.65;180.00;S;Oui;Oui;19.48;76.9;73.39
M45;Pleiades;2026-11-28;23:06:45;65.00;180.00;S;Oui;Oui;19.53;76.4;64.78
M52;Scorpion Cluster;2026-11-28;18:44:16;77.53;0.00;N;Oui;Non;19.33;78.2;89.02
M74;;2026-11-28;20:56:24;56.67;180.00;S;Oui;Oui;19.43;77.3;95.15
M76;Little Dumbbell Nebula;2026-11-28;21:02:06;87.54;0.00;N;Oui;Oui;19.43;77.3;79.93
M77;Cetus A;2026-11-28;22:02:13;40.87;180.00;S;Oui;Oui;19.48;76.9;86.53
M103;;2026-11-28;20:52:55;78.42;0.00;N;Oui;Oui;19.43;77.3;77.70
M110;Andromeda Satellite #2;2026-11-28;20:00:14;82.57;180.00;S;Oui;Oui;19.39;77.7;93.35
M31;Andromeda Galaxy;2026-11-29;19:58:40;82.15;180.00;S;Oui;Non;20.49;67.3;105.83
M32;Andromeda Satellite #1;2026-11-29;19:58:37;81.75;180.00;S;Oui;Non;20.49;67.3;106.09
M33;Triangulum Galaxy;2026-11-29;20:49:37;71.54;180.00;S;Oui;Non;20.53;66.9;103.58
M34;Spiral Cluster;2026-11-29;21:57:42;83.65;180.00;S;Oui;Oui;20.58;66.4;86.88
M45;Pleiades;2026-11-29;23:02:49;65.00;180.00;S;Oui;Oui;20.63;65.9;79.20
M52;Scorpion Cluster;2026-11-29;18:40:20;77.53;360.00;N;Oui;Non;20.43;67.9;97.89
M74;;2026-11-29;20:52:29;56.67;180.00;S;Oui;Non;20.53;66.9;109.59
M76;Little Dumbbell Nebula;2026-11-29;20:58:10;87.54;0.00;N;Oui;Non;20.53;66.9;92.07
M77;Cetus A;2026-11-29;21:58:17;40.87;180.00;S;Oui;Oui;20.58;66.4;100.08
M103;;2026-11-29;20:48:59;78.42;360.00;N;Oui;Non;20.52;66.9;88.50
M110;Andromeda Satellite #2;2026-11-29;19:56:18;82.57;180.00;S;Oui;Non;20.48;67.3;105.88
M31;Andromeda Galaxy;2026-11-30;19:54:44;82.15;180.00;S;Oui;Non;21.57;56.2;117.97
M32;Andromeda Satellite #1;2026-11-30;19:54:42;81.75;180.00;S;Oui;Non;21.57;56.2;118.28
M33;Triangulum Galaxy;2026-11-30;20:45:41;71.54;180.00;S;Oui;Non;21.60;55.8;117.26
M34;Spiral Cluster;2026-11-30;21:53:46;83.65;180.00;S;Oui;Non;21.65;55.2;100.16
M45;Pleiades;2026-11-30;22:58:53;65.00;180.00;S;Oui;Oui;21.70;54.7;93.38
M52;Scorpion Cluster;2026-11-30;18:36:25;77.53;360.00;N;Oui;Non;21.51;56.8;106.30
M74;;2026-11-30;20:48:33;56.67;180.00;S;Oui;Non;21.61;55.8;123.80
M76;Little Dumbbell Nebula;2026-11-30;20:54:14;87.54;360.00;N;Oui;Non;21.61;55.7;103.97
M77;Cetus A;2026-11-30;21:54:21;40.87;180.00;S;Oui;Non;21.65;55.2;113.34
M103;;2026-11-30;20:45:03;78.42;360.00;N;Oui;Non;21.60;55.8;99.16
M110;Andromeda Satellite #2;2026-11-30;19:52:22;82.57;180.00;S;Oui;Non;21.56;56.2;117.95
M31;Andromeda Galaxy;2026-12-01;19:50:48;82.15;180.00;S;Oui;Non;22.62;45.0;129.32
M32;Andromeda Satellite #1;2026-12-01;19:50:46;81.75;180.00;S;Oui;Non;22.62;45.0;129.67
M33;Triangulum Galaxy;2026-12-01;20:41:45;71.54;180.00;S;Oui;Non;22.66;44.6;130.52
M34;Spiral Cluster;2026-12-01;21:49:50;83.65;180.00;S;Oui;Non;22.71;44.1;113.10
M45;Pleiades;2026-12-01;22:54:58;65.00;180.00;S;Oui;Non;22.75;43.6;107.27
M52;Scorpion Cluster;2026-12-01;18:32:29;77.53;0.00;N;Oui;Non;22.56;45.6;113.86
M74;;2026-12-01;20:44:37;56.67;180.00;S;Oui;Non;22.66;44.6;137.71
M76;Little Dumbbell Nebula;2026-12-01;20:50:18;87.54;0.00;N;Oui;Non;22.66;44.5;115.36
M77;Cetus A;2026-12-01;21:50:25;40.87;180.00;S;Oui;Non;22.71;44.1;126.11
M103;;2026-12-01;20:41:08;78.42;0.00;N;Oui;Non;22.66;44.6;109.36
M110;Andromeda Satellite #2;2026-12-01;19:48:26;82.57;180.00;S;Oui;Non;22.62;45.0;129.19
M31;Andromeda Galaxy;2026-12-02;19:46:52;82.15;180.00;S;Oui;Non;23.65;34.3;139.34
M32;Andromeda Satellite #1;2026-12-02;19:46:50;81.75;180.00;S;Oui;Non;23.65;34.3;139.72
M33;Triangulum Galaxy;2026-12-02;20:37:50;71.54;180.00;S;Oui;Non;23.69;33.9;143.15
M34;Spiral Cluster;2026-12-02;21:45:54;83.65;180.00;S;Oui;Non;23.74;33.4;125.52
M45;Pleiades;2026-12-02;22:51:02;65.00;180.00;S;Oui;Non;23.78;33.0;120.83
M52;Scorpion Cluster;2026-12-02;18:28:33;77.53;360.00;N;Oui;Non;23.60;34.9;120.17
M74;;2026-12-02;20:40:41;56.67;180.00;S;Oui;Non;23.69;33.9;151.30
M76;Little Dumbbell Nebula;2026-12-02;20:46:22;87.54;0.00;N;Oui;Non;23.69;33.9;125.93
M77;Cetus A;2026-12-02;21:46:29;40.87;180.00;S;Oui;Non;23.74;33.4;138.14
M103;;2026-12-02;20:37:12;78.42;360.00;N;Oui;Non;23.69;33.9;118.76
M110;Andromeda Satellite #2;2026-12-02;19:44:30;82.57;180.00;S;Oui;Non;23.65;34.3;139.08
M31;Andromeda Galaxy;2026-12-03;19:42:56;82.15;180.00;S;Oui;Non;24.66;24.6;147.08
M32;Andromeda Satellite #1;2026-12-03;19:42:54;81.75;180.00;S;Oui;Non;24.66;24.6;147.48
M33;Triangulum Galaxy;2026-12-03;20:33:54;71.54;180.00;S;Oui;Non;24.69;24.3;154.66
M34;Spiral Cluster;2026-12-03;21:41:58;83.65;180.00;S;Oui;Non;24.74;23.9;137.21
M45;Pleiades;2026-12-03;22:47:06;65.00;180.00;S;Oui;Non;24.78;23.5;134.06
M52;Scorpion Cluster;2026-12-03;18:24:37;77.53;360.00;N;Oui;Non;24.60;25.1;124.82
M74;;2026-12-03;20:36:45;56.67;180.00;S;Oui;Non;24.69;24.3;164.56
M76;Little Dumbbell Nebula;2026-12-03;20:42:26;87.54;360.00;N;Oui;Non;24.70;24.2;135.21
M77;Cetus A;2026-12-03;21:42:33;40.87;180.00;S;Oui;Non;24.74;23.9;148.90
M103;;2026-12-03;20:33:16;78.42;360.00;N;Oui;Non;24.69;24.3;126.95
M110;Andromeda Satellite #2;2026-12-03;19:40:34;82.57;180.00;S;Oui;Non;24.66;24.6;146.66
M31;Andromeda Galaxy;2026-12-04;19:39:00;82.15;180.00;S;Oui;Non;25.64;16.3;151.04
M32;Andromeda Satellite #1;2026-12-04;19:38:58;81.75;180.00;S;Oui;Non;25.64;16.3;151.41
M33;Triangulum Galaxy;2026-12-04;20:29:58;71.54;180.00;S;Oui;Non;25.67;16.0;163.42
M34;Spiral Cluster;2026-12-04;21:38:03;83.65;180.00;S;Oui;Non;25.72;15.7;147.72
M45;Pleiades;2026-12-04;22:43:10;65.00;180.00;S;Oui;Non;25.76;15.3;146.97
M52;Scorpion Cluster;2026-12-04;18:20:41;77.53;0.00;N;Oui;Non;25.59;16.7;127.46
M74;;2026-12-04;20:32:49;56.67;180.00;S;Oui;Non;25.67;16.0;177.42
M76;Little Dumbbell Nebula;2026-12-04;20:38:30;87.54;0.00;N;Oui;Non;25.68;16.0;142.48
M77;Cetus A;2026-12-04;21:38:37;40.87;180.00;S;Oui;Non;25.72;15.7;157.11
M103;;2026-12-04;20:29:20;78.42;0.00;N;Oui;Non;25.67;16.0;133.41
M110;Andromeda Satellite #2;2026-12-04;19:36:39;82.57;180.00;S;Oui;Non;25.64;16.3;150.49
M31;Andromeda Galaxy;2026-12-05;19:35:04;82.15;180.00;S;Oui;Non;26.60;9.6;150.09
M32;Andromeda Satellite #1;2026-12-05;19:35:02;81.75;180.00;S;Oui;Non;26.60;9.6;150.35
M33;Triangulum Galaxy;2026-12-05;20:26:02;71.54;180.00;S;Oui;Non;26.63;9.4;164.74
M34;Spiral Cluster;2026-12-05;21:34:07;83.65;180.00;S;Oui;Non;26.67;9.1;155.93
M45;Pleiades;2026-12-05;22:39:14;65.00;180.00;S;Oui;Non;26.72;8.9;159.57
M52;Scorpion Cluster;2026-12-05;18:16:45;77.53;360.00;N;Oui;Non;26.54;9.9;127.92
M74;;2026-12-05;20:28:53;56.67;180.00;S;Oui;Non;26.63;9.4;169.82
M76;Little Dumbbell Nebula;2026-12-05;20:34:34;87.54;0.00;N;Oui;Non;26.63;9.3;146.69
M77;Cetus A;2026-12-05;21:34:41;40.87;180.00;S;Oui;Non;26.67;9.1;159.99
M103;;2026-12-05;20:25:24;78.42;360.00;N;Oui;Non;26.63;9.4;137.54
M110;Andromeda Satellite #2;2026-12-05;19:32:43;82.57;180.00;S;Oui;Non;26.59;9.6;149.48
M31;Andromeda Galaxy;2026-12-06;19:31:09;82.15;180.00;S;Oui;Non;27.53;4.6;144.88
M32;Andromeda Satellite #1;2026-12-06;19:31:06;81.75;180.00;S;Oui;Non;27.53;4.6;145.01
M33;Triangulum Galaxy;2026-12-06;20:22:06;71.54;180.00;S;Oui;Non;27.57;4.5;157.77
M34;Spiral Cluster;2026-12-06;21:30:11;83.65;180.00;S;Oui;Non;27.61;4.3;159.46
M45;Pleiades;2026-12-06;22:35:18;65.00;180.00;S;Oui;Non;27.65;4.1;171.89
M52;Scorpion Cluster;2026-12-06;18:12:49;77.53;360.00;N;Oui;Non;27.48;4.9;126.29
M74;;2026-12-06;20:24:57;56.67;180.00;S;Oui;Non;27.57;4.5;157.45
M76;Little Dumbbell Nebula;2026-12-06;20:30:38;87.54;360.00;N;Oui;Non;27.57;4.5;146.95
M77;Cetus A;2026-12-06;21:30:45;40.87;180.00;S;Oui;Non;27.61;4.3;156.01
M103;;2026-12-06;20:21:28;78.42;360.00;N;Oui;Non;27.56;4.5;138.80
M110;Andromeda Satellite #2;2026-12-06;19:28:47;82.57;180.00;S;Oui;Non;27.53;4.6;144.33
M31;Andromeda Galaxy;2026-12-07;19:27:13;82.15;180.00;S;Oui;Non;28.45;1.5;137.13
M32;Andromeda Satellite #1;2026-12-07;19:27:10;81.75;180.00;S;Oui;Non;28.45;1.5;137.16
M33;Triangulum Galaxy;2026-12-07;20:18:10;71.54;180.00;S;Oui;Non;28.48;1.4;147.70
M34;Spiral Cluster;2026-12-07;21:26:15;83.65;180.00;S;Oui;Non;28.53;1.3;156.50
M45;Pleiades;2026-12-07;22:31:22;65.00;180.00;S;Oui;Non;28.57;1.2;175.77
M52;Scorpion Cluster;2026-12-07;18:08:53;77.53;0.00;N;Oui;Non;28.40;1.6;122.86
M74;;2026-12-07;20:21:01;56.67;180.00;S;Oui;Non;28.49;1.4;145.30
M76;Little Dumbbell Nebula;2026-12-07;20:26:43;87.54;0.00;N;Oui;Non;28.49;1.4;143.39
M77;Cetus A;2026-12-07;21:26:49;40.87;180.00;S;Oui;Non;28.53;1.3;147.86
M103;;2026-12-07;20:17:32;78.42;0.00;N;Oui;Non;28.48;1.4;137.13
M110;Andromeda Satellite #2;2026-12-07;19:24:51;82.57;180.00;S;Oui;Non;28.45;1.5;136.66
M31;Andromeda Galaxy;2026-12-08;19:23:17;82.15;180.00;S;Oui;Non;29.36;0.2;128.07
M32;Andromeda Satellite #1;2026-12-08;19:23:14;81.75;180.00;S;Oui;Non;29.36;0.2;128.03
M33;Triangulum Galaxy;2026-12-08;20:14:14;71.54;180.00;S;Oui;Non;29.39;0.2;136.79
M34;Spiral Cluster;2026-12-08;21:22:19;83.65;180.00;S;Oui;Non;29.43;0.2;149.06
M45;Pleiades;2026-12-08;22:27:26;65.00;180.00;S;Oui;Non;29.47;0.2;163.89
M52;Scorpion Cluster;2026-12-08;18:04:57;77.53;360.00;N;Oui;Non;29.31;0.2;118.04
M74;;2026-12-08;20:17:05;56.67;180.00;S;Oui;Non;29.39;0.2;133.31
M76;Little Dumbbell Nebula;2026-12-08;20:22:47;87.54;0.00;N;Oui;Non;29.39;0.2;137.08
M77;Cetus A;2026-12-08;21:22:53;40.87;180.00;S;Oui;Non;29.43;0.2;138.04
M103;;2026-12-08;20:13:36;78.42;360.00;N;Oui;Non;29.39;0.2;132.95
M110;Andromeda Satellite #2;2026-12-08;19:20:55;82.57;180.00;S;Oui;Non;29.35;0.2;127.68
M31;Andromeda Galaxy;2026-12-09;19:19:21;82.15;180.00;S;Oui;Non;0.72;0.7;118.36
M32;Andromeda Satellite #1;2026-12-09;19:19:18;81.75;180.00;S;Oui;Non;0.72;0.7;118.26
M33;Triangulum Galaxy;2026-12-09;20:10:18;71.54;180.00;S;Oui;Non;0.75;0.8;125.61
M34;Spiral Cluster;2026-12-09;21:18:23;83.65;180.00;S;Oui;Non;0.79;0.8;139.65
M45;Pleiades;2026-12-09;22:23:30;65.00;180.00;S;Oui;Non;0.83;0.9;152.04
M52;Scorpion Cluster;2026-12-09;18:01:01;77.53;360.00;N;Oui;Non;0.67;0.7;112.22
M74;;2026-12-09;20:13:09;56.67;180.00;S;Oui;Non;0.75;0.8;121.44
M76;Little Dumbbell Nebula;2026-12-09;20:18:51;87.54;360.00;N;Oui;Non;0.76;0.8;129.13
M77;Cetus A;2026-12-09;21:18:58;40.87;180.00;S;Oui;Non;0.79;0.8;127.55
M103;;2026-12-09;20:09:40;78.42;360.00;N;Oui;Non;0.75;0.8;126.93
M110;Andromeda Satellite #2;2026-12-09;19:16:59;82.57;180.00;S;Oui;Non;0.72;0.7;118.04
M31;Andromeda Galaxy;2026-12-10;19:15:25;82.15;180.00;S;Oui;Non;1.61;3.0;108.30
M32;Andromeda Satellite #1;2026-12-10;19:15:22;81.75;180.00;S;Oui;Non;1.61;3.0;108.15
M33;Triangulum Galaxy;2026-12-10;20:06:22;71.54;180.00;S;Oui;Non;1.64;3.1;114.30
M34;Spiral Cluster;2026-12-10;21:14:27;83.65;180.00;S;Oui;Non;1.68;3.3;129.38
M45;Pleiades;2026-12-10;22:19:34;65.00;180.00;S;Oui;Non;1.72;3.4;140.24
M52;Scorpion Cluster;2026-12-10;17:57:05;77.53;0.00;N;Oui;Non;1.56;2.8;105.69
M74;;2026-12-10;20:09:14;56.67;180.00;S;Oui;Non;1.64;3.1;109.62
M76;Little Dumbbell Nebula;2026-12-10;20:14:55;87.54;0.00;N;Oui;Non;1.64;3.1;120.24
M77;Cetus A;2026-12-10;21:15:02;40.87;180.00;S;Oui;Non;1.68;3.3;116.75
M103;;2026-12-10;20:05:44;78.42;0.00;N;Oui;Non;1.64;3.1;119.69
M110;Andromeda Satellite #2;2026-12-10;19:13:03;82.57;180.00;S;Oui;Non;1.60;3.0;108.04
M31;Andromeda Galaxy;2026-12-11;19:11:29;82.15;180.00;S;Oui;Non;2.49;6.9;98.03
M32;Andromeda Satellite #1;2026-12-11;19:11:26;81.75;180.00;S;Oui;Non;2.49;6.9;97.85
M33;Triangulum Galaxy;2026-12-11;20:02:26;71.54;180.00;S;Oui;Non;2.52;7.1;102.91
M34;Spiral Cluster;2026-12-11;21:10:31;83.65;180.00;S;Oui;Non;2.56;7.3;118.68
M45;Pleiades;2026-12-11;22:15:38;65.00;180.00;S;Oui;Non;2.60;7.5;128.43
M52;Scorpion Cluster;2026-12-11;17:53:10;77.53;360.00;N;Oui;Non;2.44;6.7;98.71
M74;;2026-12-11;20:05:18;56.67;180.00;S;Oui;Non;2.52;7.1;97.81
M76;Little Dumbbell Nebula;2026-12-11;20:10:59;87.54;0.00;N;Oui;Non;2.53;7.1;110.78
M77;Cetus A;2026-12-11;21:11:06;40.87;180.00;S;Oui;Non;2.56;7.3;105.77
M79;;2026-12-11;23:52:09;16.36;180.00;S;Oui;Non;2.66;7.9;121.35
M103;;2026-12-11;20:01:48;78.42;360.00;N;Oui;Non;2.52;7.1;111.64
M110;Andromeda Satellite #2;2026-12-11;19:09:07;82.57;180.00;S;Oui;Non;2.49;6.9;97.83
M31;Andromeda Galaxy;2026-12-12;19:07:33;82.15;180.00;S;Oui;Non;3.38;12.4;87.63
M32;Andromeda Satellite #1;2026-12-12;19:07:31;81.75;180.00;S;Oui;Non;3.38;12.4;87.41
M33;Triangulum Galaxy;2026-12-12;19:58:30;71.54;180.00;S;Oui;Non;3.41;12.6;91.44
M34;Spiral Cluster;2026-12-12;21:06:35;83.65;180.00;S;Oui;Non;3.45;12.9;107.72
M38;Starfish Cluster;2026-12-12;23:52:44;76.74;180.00;S;Oui;Non;3.56;13.7;138.16
M45;Pleiades;2026-12-12;22:11:43;65.00;180.00;S;Oui;Non;3.49;13.2;116.56
M74;;2026-12-12;20:01:22;56.67;180.00;S;Oui;Non;3.41;12.6;85.95
M76;Little Dumbbell Nebula;2026-12-12;20:07:03;87.54;360.00;N;Oui;Non;3.42;12.7;100.97
M77;Cetus A;2026-12-12;21:07:10;40.87;180.00;S;Oui;Non;3.45;12.9;94.64
M79;;2026-12-12;23:48:13;16.36;180.00;S;Oui;Non;3.55;13.6;116.28
M103;;2026-12-12;19:57:53;78.42;0.00;N;Oui;Non;3.41;12.6;103.07
M110;Andromeda Satellite #2;2026-12-12;19:05:11;82.57;180.00;S;Oui;Non;3.38;12.4;87.49
M1;Crab Nebula;2026-12-13;23:54:37;62.90;180.00;S;Oui;Non;4.46;20.8;127.76
M31;Andromeda Galaxy;2026-12-13;19:03:37;82.15;180.00;S;Oui;Oui;4.27;19.3;77.17
M32;Andromeda Satellite #1;2026-12-13;19:03:35;81.75;180.00;S;Oui;Oui;4.27;19.3;76.92
M33;Triangulum Galaxy;2026-12-13;19:54:35;71.54;180.00;S;Oui;Oui;4.31;19.6;79.86
M34;Spiral Cluster;2026-12-13;21:02:39;83.65;180.00;S;Oui;Non;4.35;19.9;96.54
M38;Starfish Cluster;2026-12-13;23:48:48;76.74;180.00;S;Oui;Non;4.45;20.8;126.39
M42;Orion Nebula;2026-12-13;23:55:22;35.49;180.00;S;Oui;Non;4.46;20.8;121.22
M43;De Mairan's Nebula;2026-12-13;23:55:41;35.62;180.00;S;Oui;Non;4.46;20.8;121.34
M45;Pleiades;2026-12-13;22:07:47;65.00;180.00;S;Oui;Non;4.39;20.3;104.58
M74;;2026-12-13;19:57:26;56.67;180.00;S;Oui;Oui;4.31;19.6;73.98
M76;Little Dumbbell Nebula;2026-12-13;20:03:07;87.54;0.00;N;Oui;Oui;4.31;19.6;90.91
M77;Cetus A;2026-12-13;21:03:14;40.87;180.00;S;Oui;Non;4.35;19.9;83.39
M79;;2026-12-13;23:44:17;16.36;180.00;S;Oui;Non;4.45;20.8;110.20
M103;;2026-12-13;19:53:57;78.42;0.00;N;Oui;Oui;4.30;19.5;94.14
M110;Andromeda Satellite #2;2026-12-13;19:01:15;82.57;180.00;S;Oui;Oui;4.27;19.3;77.09
M1;Crab Nebula;2026-12-14;23:50:41;62.90;180.00;S;Oui;Non;5.37;29.2;115.69
M31;Andromeda Galaxy;2026-12-14;18:59:41;82.15;180.00;S;Oui;Oui;5.18;27.4;66.71
M32;Andromeda Satellite #1;2026-12-14;18:59:39;81.75;180.00;S;Oui;Oui;5.18;27.4;66.43
M33;Triangulum Galaxy;2026-12-14;19:50:39;71.54;180.00;S;Oui;Oui;5.21;27.7;68.15
M34;Spiral Cluster;2026-12-14;20:58:43;83.65;180.00;S;Oui;Oui;5.26;28.1;85.18
M36;Pinwheel Cluster;2026-12-14;23:52:21;75.02;180.00;S;Oui;Non;5.37;29.2;115.96
M38;Starfish Cluster;2026-12-14;23:44:52;76.74;180.00;S;Oui;Non;5.36;29.2;114.40
M42;Orion Nebula;2026-12-14;23:51:26;35.49;180.00;S;Oui;Non;5.37;29.2;111.61
M43;De Mairan's Nebula;2026-12-14;23:51:45;35.62;180.00;S;Oui;Non;5.37;29.2;111.71
M45;Pleiades;2026-12-14;22:03:51;65.00;180.00;S;Oui;Non;5.30;28.5;92.44
M74;;2026-12-14;19:53:30;56.67;180.00;S;Oui;Oui;5.21;27.7;61.86
M76;Little Dumbbell Nebula;2026-12-14;19:59:11;87.54;0.00;N;Oui;Oui;5.22;27.8;80.72
M77;Cetus A;2026-12-14;20:59:18;40.87;180.00;S;Oui;Oui;5.26;28.1;72.03
M79;;2026-12-14;23:40:21;16.36;180.00;S;Oui;Non;5.36;29.1;103.36
M103;;2026-12-14;19:50:01;78.42;360.00;N;Oui;Oui;5.21;27.7;85.02
M110;Andromeda Satellite #2;2026-12-14;18:57:19;82.57;180.00;S;Oui;Oui;5.18;27.4;66.71
M1;Crab Nebula;2026-12-15;23:46:45;62.90;180.00;S;Oui;Non;6.29;38.5;103.38
M31;Andromeda Galaxy;2026-12-15;18:55:45;82.15;180.00;S;Oui;Oui;6.10;36.6;56.40
M32;Andromeda Satellite #1;2026-12-15;18:55:43;81.75;180.00;S;Oui;Oui;6.10;36.6;56.08
M33;Triangulum Galaxy;2026-12-15;19:46:43;71.54;180.00;S;Oui;Oui;6.14;36.9;56.32
M34;Spiral Cluster;2026-12-15;20:54:48;83.65;180.00;S;Oui;Oui;6.18;37.4;73.65
M36;Pinwheel Cluster;2026-12-15;23:48:25;75.02;180.00;S;Oui;Non;6.30;38.5;103.67
M38;Starfish Cluster;2026-12-15;23:40:56;76.74;180.00;S;Oui;Non;6.29;38.5;102.16
M42;Orion Nebula;2026-12-15;23:47:30;35.49;180.00;S;Oui;Non;6.29;38.5;101.45
M43;De Mairan's Nebula;2026-12-15;23:47:49;35.62;180.00;S;Oui;Non;6.29;38.5;101.54
M45;Pleiades;2026-12-15;21:59:55;65.00;180.00;S;Oui;Oui;6.22;37.8;80.08
M74;;2026-12-15;19:49:34;56.67;180.00;S;Oui;Oui;6.14;36.9;49.52
M76;Little Dumbbell Nebula;2026-12-15;19:55:15;87.54;360.00;N;Oui;Oui;6.14;37.0;70.47
M77;Cetus A;2026-12-15;20:55:22;40.87;180.00;S;Oui;Oui;6.18;37.4;60.58
M79;;2026-12-15;23:36:26;16.36;180.00;S;Oui;Non;6.29;38.5;95.98
M103;;2026-12-15;19:46:05;78.42;0.00;N;Oui;Oui;6.14;36.9;75.84
M110;Andromeda Satellite #2;2026-12-15;18:53:24;82.57;180.00;S;Oui;Oui;6.10;36.6;56.47
M1;Crab Nebula;2026-12-16;23:42:49;62.90;180.00;S;Oui;Non;7.25;48.5;90.80
M31;Andromeda Galaxy;2026-12-16;18:51:49;82.15;180.00;S;Oui;Oui;7.05;46.5;46.49
M32;Andromeda Satellite #1;2026-12-16;18:51:47;81.75;180.00;S;Oui;Oui;7.05;46.5;46.13
M33;Triangulum Galaxy;2026-12-16;19:42:47;71.54;180.00;S;Oui;Oui;7.08;46.8;44.42
M34;Spiral Cluster;2026-12-16;20:50:52;83.65;180.00;S;Oui;Oui;7.13;47.3;61.98
M36;Pinwheel Cluster;2026-12-16;23:44:29;75.02;180.00;S;Oui;Non;7.25;48.5;91.11
M38;Starfish Cluster;2026-12-16;23:37:00;76.74;180.00;S;Oui;Oui;7.24;48.5;89.65
M42;Orion Nebula;2026-12-16;23:43:35;35.49;180.00;S;Oui;Non;7.25;48.5;90.90
M43;De Mairan's Nebula;2026-12-16;23:43:53;35.62;180.00;S;Oui;Non;7.25;48.5;90.98
M45;Pleiades;2026-12-16;21:55:59;65.00;180.00;S;Oui;Oui;7.17;47.8;67.46
M74;;2026-12-16;19:45:38;56.67;180.00;S;Oui;Oui;7.09;46.9;36.93
M76;Little Dumbbell Nebula;2026-12-16;19:51:19;87.54;0.00;N;Oui;Oui;7.09;46.9;60.35
M77;Cetus A;2026-12-16;20:51:26;40.87;180.00;S;Oui;Oui;7.13;47.3;49.14
M78;;2026-12-16;23:55:02;40.90;180.00;S;Oui;Non;7.25;48.6;93.71
M79;;2026-12-16;23:32:30;16.36;180.00;S;Oui;Oui;7.24;48.5;88.26
M103;;2026-12-16;19:42:09;78.42;0.00;N;Oui;Oui;7.08;46.8;66.80
M110;Andromeda Satellite #2;2026-12-16;18:49:28;82.57;180.00;S;Oui;Oui;7.05;46.5;46.67
M1;Crab Nebula;2026-12-17;23:38:53;62.90;180.00;S;Oui;Oui;8.22;58.9;77.93
M31;Andromeda Galaxy;2026-12-17;18:47:54;82.15;180.00;S;Oui;Oui;8.02;56.8;37.60
M32;Andromeda Satellite #1;2026-12-17;18:47:51;81.75;180.00;S;Oui;Oui;8.02;56.8;37.20
M33;Triangulum Galaxy;2026-12-17;19:38:51;71.54;180.00;S;Oui;Oui;8.06;57.1;32.65
M34;Spiral Cluster;2026-12-17;20:46:56;83.65;180.00;S;Oui;Oui;8.10;57.6;50.30
M36;Pinwheel Cluster;2026-12-17;23:40:33;75.02;180.00;S;Oui;Oui;8.22;58.9;78.25
M38;Starfish Cluster;2026-12-17;23:33:04;76.74;180.00;S;Oui;Oui;8.22;58.8;76.84
M42;Orion Nebula;2026-12-17;23:39:39;35.49;180.00;S;Oui;Oui;8.22;58.9;80.09
M43;De Mairan's Nebula;2026-12-17;23:39:57;35.62;180.00;S;Oui;Oui;8.22;58.9;80.15
M45;Pleiades;2026-12-17;21:52:03;65.00;180.00;S;Oui;Oui;8.15;58.1;54.55
M74;;2026-12-17;19:41:42;56.67;180.00;S;Oui;Oui;8.06;57.2;24.04
M76;Little Dumbbell Nebula;2026-12-17;19:47:23;87.54;0.00;N;Oui;Oui;8.06;57.2;50.63
M77;Cetus A;2026-12-17;20:47:30;40.87;180.00;S;Oui;Oui;8.10;57.6;37.97
M78;;2026-12-17;23:51:06;40.90;180.00;S;Oui;Oui;8.23;59.0;82.26
M79;;2026-12-17;23:28:34;16.36;180.00;S;Oui;Oui;8.21;58.8;80.41
M103;;2026-12-17;19:38:13;78.42;360.00;N;Oui;Oui;8.06;57.1;58.19
M110;Andromeda Satellite #2;2026-12-17;18:45:32;82.57;180.00;S;Oui;Oui;8.02;56.8;37.91
M1;Crab Nebula;2026-12-18;23:34:57;62.90;180.00;S;Oui;Oui;9.23;69.1;64.74
M31;Andromeda Galaxy;2026-12-18;18:43:58;82.15;180.00;S;Oui;Oui;9.02;67.0;30.98
M32;Andromeda Satellite #1;2026-12-18;18:43:55;81.75;180.00;S;Oui;Oui;9.02;67.0;30.58
M33;Triangulum Galaxy;2026-12-18;19:34:55;71.54;180.00;S;Oui;Oui;9.06;67.4;21.75
M34;Spiral Cluster;2026-12-18;20:43:00;83.65;180.00;S;Oui;Oui;9.11;67.9;38.87
M36;Pinwheel Cluster;2026-12-18;23:36:37;75.02;180.00;S;Oui;Oui;9.23;69.1;65.08
M37;Salt and Pepper Cluster;2026-12-18;23:52:41;73.43;180.00;S;Oui;Oui;9.24;69.2;68.26
M38;Starfish Cluster;2026-12-18;23:29:08;76.74;180.00;S;Oui;Oui;9.22;69.0;63.73
M42;Orion Nebula;2026-12-18;23:35:43;35.49;180.00;S;Oui;Oui;9.23;69.1;69.17
M43;De Mairan's Nebula;2026-12-18;23:36:01;35.62;180.00;S;Oui;Oui;9.23;69.1;69.21
M45;Pleiades;2026-12-18;21:48:07;65.00;180.00;S;Oui;Oui;9.15;68.3;41.31
M74;;2026-12-18;19:37:46;56.67;180.00;S;Oui;Oui;9.06;67.4;10.84
M76;Little Dumbbell Nebula;2026-12-18;19:43:28;87.54;360.00;N;Oui;Oui;9.06;67.5;41.92
M77;Cetus A;2026-12-18;20:43:34;40.87;180.00;S;Oui;Oui;9.11;67.9;27.82
M78;;2026-12-18;23:47:10;40.90;180.00;S;Oui;Oui;9.24;69.2;70.61
M79;;2026-12-18;23:24:38;16.36;180.00;S;Oui;Oui;9.22;69.0;72.71
M103;;2026-12-18;19:34:17;78.42;0.00;N;Oui;Oui;9.06;67.4;50.51
M110;Andromeda Satellite #2;2026-12-18;18:41:36;82.57;180.00;S;Oui;Oui;9.02;67.0;31.45
M1;Crab Nebula;2026-12-19;23:31:02;62.90;180.00;S;Oui;Oui;10.26;78.7;51.24
M31;Andromeda Galaxy;2026-12-19;18:40:02;82.15;180.00;S;Oui;Oui;10.05;76.8;28.71
M32;Andromeda Satellite #1;2026-12-19;18:39:59;81.75;180.00;S;Oui;Oui;10.05;76.8;28.38
M33;Triangulum Galaxy;2026-12-19;19:30:59;71.54;180.00;S;Oui;Oui;10.09;77.1;14.80
M34;Spiral Cluster;2026-12-19;20:39:04;83.65;180.00;S;Oui;Oui;10.14;77.6;28.50
M36;Pinwheel Cluster;2026-12-19;23:32:41;75.02;180.00;S;Oui;Oui;10.26;78.7;51.60
M37;Salt and Pepper Cluster;2026-12-19;23:48:45;73.43;180.00;S;Oui;Oui;10.28;78.8;54.72
M38;Starfish Cluster;2026-12-19;23:25:13;76.74;180.00;S;Oui;Oui;10.26;78.6;50.33
M42;Orion Nebula;2026-12-19;23:31:47;35.49;180.00;S;Oui;Oui;10.26;78.7;58.41
M43;De Mairan's Nebula;2026-12-19;23:32:05;35.62;180.00;S;Oui;Oui;10.26;78.7;58.42
M45;Pleiades;2026-12-19;21:44:11;65.00;180.00;S;Oui;Oui;10.18;78.0;27.75
M74;;2026-12-19;19:33:50;56.67;180.00;S;Oui;Oui;10.09;77.1;2.80
M76;Little Dumbbell Nebula;2026-12-19;19:39:32;87.54;0.00;N;Oui;Oui;10.09;77.2;35.34
M77;Cetus A;2026-12-19;20:39:38;40.87;180.00;S;Oui;Oui;10.14;77.6;20.90
M78;;2026-12-19;23:43:14;40.90;180.00;S;Oui;Oui;10.27;78.7;58.96
M79;;2026-12-19;23:20:42;16.36;180.00;S;Oui;Oui;10.25;78.6;65.49
M103;;2026-12-19;19:30:21;78.42;0.00;N;Oui;Oui;10.09;77.1;44.56
M110;Andromeda Satellite #2;2026-12-19;18:37:40;82.57;180.00;S;Oui;Oui;10.05;76.8;29.30
M1;Crab Nebula;2026-12-20;23:27:06;62.90;180.00;S;Oui;Oui;11.32;87.0;37.46
M31;Andromeda Galaxy;2026-12-20;18:36:06;82.15;180.00;S;Oui;Oui;11.11;85.5;32.15
M32;Andromeda Satellite #1;2026-12-20;18:36:03;81.75;180.00;S;Oui;Oui;11.11;85.5;31.95
M33;Triangulum Galaxy;2026-12-20;19:27:03;71.54;180.00;S;Oui;Oui;11.15;85.7;18.19
M34;Spiral Cluster;2026-12-20;20:35:08;83.65;180.00;S;Oui;Oui;11.20;86.1;21.44
M36;Pinwheel Cluster;2026-12-20;23:28:45;75.02;180.00;S;Oui;Oui;11.33;87.1;37.86
M37;Salt and Pepper Cluster;2026-12-20;23:44:49;73.43;180.00;S;Oui;Oui;11.34;87.1;40.89
M38;Starfish Cluster;2026-12-20;23:21:17;76.74;180.00;S;Oui;Oui;11.32;87.0;36.71
M42;Orion Nebula;2026-12-20;23:27:51;35.49;180.00;S;Oui;Oui;11.33;87.0;48.27
M43;De Mairan's Nebula;2026-12-20;23:28:10;35.62;180.00;S;Oui;Oui;11.33;87.0;48.25
M45;Pleiades;2026-12-20;21:40:15;65.00;180.00;S;Oui;Oui;11.24;86.5;13.87
M74;;2026-12-20;19:29:54;56.67;180.00;S;Oui;Oui;11.15;85.8;16.60
M76;Little Dumbbell Nebula;2026-12-20;19:35:36;87.54;0.00;N;Oui;Oui;11.15;85.8;32.65
M77;Cetus A;2026-12-20;20:35:43;40.87;180.00;S;Oui;Oui;11.20;86.1;21.36
M78;;2026-12-20;23:39:18;40.90;180.00;S;Oui;Oui;11.33;87.1;47.64
M79;;2026-12-20;23:16:46;16.36;180.00;S;Oui;Oui;11.32;87.0;59.27
M103;;2026-12-20;19:26:25;78.42;360.00;N;Oui;Oui;11.14;85.7;41.42
M110;Andromeda Satellite #2;2026-12-20;18:33:44;82.57;180.00;S;Oui;Oui;11.11;85.5;32.73
M1;Crab Nebula;2026-12-21;23:23:10;62.90;180.00;S;Oui;Oui;12.41;93.7;23.55
M31;Andromeda Galaxy;2026-12-21;18:32:10;82.15;180.00;S;Oui;Oui;12.19;92.5;40.11
M32;Andromeda Satellite #1;2026-12-21;18:32:07;81.75;180.00;S;Oui;Oui;12.19;92.5;40.04
M33;Triangulum Galaxy;2026-12-21;19:23:07;71.54;180.00;S;Oui;Oui;12.23;92.7;28.87
M34;Spiral Cluster;2026-12-21;20:31:12;83.65;180.00;S;Oui;Oui;12.28;93.0;21.92
M36;Pinwheel Cluster;2026-12-21;23:24:50;75.02;180.00;S;Oui;Oui;12.41;93.7;24.01
M37;Salt and Pepper Cluster;2026-12-21;23:40:53;73.43;180.00;S;Oui;Oui;12.42;93.8;26.86
M38;Starfish Cluster;2026-12-21;23:17:21;76.74;180.00;S;Oui;Oui;12.41;93.7;23.12
M42;Orion Nebula;2026-12-21;23:23:55;35.49;180.00;S;Oui;Oui;12.41;93.7;39.64
M43;De Mairan's Nebula;2026-12-21;23:24:14;35.62;180.00;S;Oui;Oui;12.41;93.7;39.59
M45;Pleiades;2026-12-21;21:36:19;65.00;180.00;S;Oui;Oui;12.33;93.3;1.10
M74;;2026-12-21;19:25:59;56.67;180.00;S;Oui;Oui;12.23;92.7;30.76
M76;Little Dumbbell Nebula;2026-12-21;19:31:40;87.54;360.00;N;Oui;Oui;12.23;92.8;35.10
M77;Cetus A;2026-12-21;20:31:47;40.87;180.00;S;Oui;Oui;12.28;93.0;29.29
M78;;2026-12-21;23:35:22;40.90;180.00;S;Oui;Oui;12.42;93.7;37.41
M79;;2026-12-21;23:12:50;16.36;180.00;S;Oui;Oui;12.40;93.6;54.67
M103;;2026-12-21;19:22:29;78.42;0.00;N;Oui;Oui;12.23;92.7;42.03
M110;Andromeda Satellite #2;2026-12-21;18:29:48;82.57;180.00;S;Oui;Oui;12.19;92.5;40.60
M1;Crab Nebula;2026-12-22;23:19:14;62.90;180.00;S;Oui;Oui;13.52;98.1;10.18
M31;Andromeda Galaxy;2026-12-22;18:28:14;82.15;180.00;S;Oui;Oui;13.29;97.4;50.66
M32;Andromeda Satellite #1;2026-12-22;18:28:11;81.75;180.00;S;Oui;Oui;13.29;97.4;50.69
M33;Triangulum Galaxy;2026-12-22;19:19:11;71.54;180.00;S;Oui;Oui;13.33;97.5;41.79
M34;Spiral Cluster;2026-12-22;20:27:16;83.65;180.00;S;Oui;Oui;13.38;97.7;29.93
M35;Shoe-Buckle Cluster;2026-12-22;23:53:42;65.23;180.00;S;Oui;Oui;13.54;98.2;16.25
M36;Pinwheel Cluster;2026-12-22;23:20:54;75.02;180.00;S;Oui;Oui;13.52;98.1;10.83
M37;Salt and Pepper Cluster;2026-12-22;23:36:57;73.43;180.00;S;Oui;Oui;13.53;98.1;12.95
M38;Starfish Cluster;2026-12-22;23:13:25;76.74;180.00;S;Oui;Oui;13.51;98.1;10.90
M42;Orion Nebula;2026-12-22;23:19:59;35.49;180.00;S;Oui;Oui;13.52;98.1;34.12
M43;De Mairan's Nebula;2026-12-22;23:20:18;35.62;180.00;S;Oui;Oui;13.52;98.1;34.02
M45;Pleiades;2026-12-22;21:32:23;65.00;180.00;S;Oui;Oui;13.43;97.8;14.81
M74;;2026-12-22;19:22:03;56.67;180.00;S;Oui;Oui;13.33;97.5;45.16
M76;Little Dumbbell Nebula;2026-12-22;19:27:44;87.54;0.00;N;Oui;Oui;13.34;97.5;42.02
M77;Cetus A;2026-12-22;20:27:51;40.87;180.00;S;Oui;Oui;13.38;97.7;40.74
M78;;2026-12-22;23:31:27;40.90;180.00;S;Oui;Oui;13.53;98.1;29.90
M79;;2026-12-22;23:08:54;16.36;180.00;S;Oui;Oui;13.51;98.1;52.37
M103;;2026-12-22;19:18:33;78.42;0.00;N;Oui;Oui;13.33;97.5;46.42
M110;Andromeda Satellite #2;2026-12-22;18:25:52;82.57;180.00;S;Oui;Oui;13.29;97.4;51.05
M1;Crab Nebula;2026-12-23;23:15:18;62.90;180.00;S;Oui;Oui;14.63;99.9;8.39
M31;Andromeda Galaxy;2026-12-23;18:24:18;82.15;180.00;S;Oui;Oui;14.41;99.7;62.55
M32;Andromeda Satellite #1;2026-12-23;18:24:16;81.75;180.00;S;Oui;Oui;14.41;99.7;62.66
M33;Triangulum Galaxy;2026-12-23;19:15:15;71.54;180.00;S;Oui;Oui;14.45;99.7;55.51
M34;Spiral Cluster;2026-12-23;20:23:20;83.65;180.00;S;Oui;Oui;14.50;99.8;41.47
M35;Shoe-Buckle Cluster;2026-12-23;23:49:46;65.23;180.00;S;Oui;Oui;14.66;99.9;3.37
M36;Pinwheel Cluster;2026-12-23;23:16:58;75.02;180.00;S;Oui;Oui;14.63;99.9;8.67
M37;Salt and Pepper Cluster;2026-12-23;23:33:01;73.43;180.00;S;Oui;Oui;14.65;99.9;5.55
M38;Starfish Cluster;2026-12-23;23:09:29;76.74;180.00;S;Oui;Oui;14.63;99.9;10.93
M42;Orion Nebula;2026-12-23;23:16:03;35.49;180.00;S;Oui;Oui;14.63;99.9;33.57
M43;De Mairan's Nebula;2026-12-23;23:16:22;35.62;180.00;S;Oui;Oui;14.63;99.9;33.43
M45;Pleiades;2026-12-23;21:28:28;65.00;180.00;S;Oui;Oui;14.55;99.8;29.38
M74;;2026-12-23;19:18:07;56.67;180.00;S;Oui;Oui;14.45;99.8;59.73
M76;Little Dumbbell Nebula;2026-12-23;19:23:48;87.54;360.00;N;Oui;Oui;14.45;99.8;51.74
M77;Cetus A;2026-12-23;20:23:55;40.87;180.00;S;Oui;Oui;14.50;99.8;53.61
M78;;2026-12-23;23:27:31;40.90;180.00;S;Oui;Oui;14.64;99.9;27.78
M79;;2026-12-23;23:04:58;16.36;180.00;S;Oui;Oui;14.63;99.8;52.85
M103;;2026-12-23;19:14:38;78.42;360.00;N;Oui;Oui;14.45;99.7;53.76
M110;Andromeda Satellite #2;2026-12-23;18:21:56;82.57;180.00;S;Oui;Oui;14.40;99.7;62.86
M1;Crab Nebula;2026-12-24;23:11:22;62.90;180.00;S;Oui;Oui;15.75;98.8;21.56
M31;Andromeda Galaxy;2026-12-24;18:20:22;82.15;180.00;S;Oui;Oui;15.53;99.3;75.11
M32;Andromeda Satellite #1;2026-12-24;18:20:20;81.75;180.00;S;Oui;Oui;15.53;99.3;75.27
M33;Triangulum Galaxy;2026-12-24;19:11:19;71.54;180.00;S;Oui;Oui;15.57;99.2;69.57
M34;Spiral Cluster;2026-12-24;20:19:24;83.65;180.00;S;Oui;Oui;15.62;99.1;54.36
M35;Shoe-Buckle Cluster;2026-12-24;23:45:50;65.23;180.00;S;Oui;Oui;15.78;98.8;13.64
M36;Pinwheel Cluster;2026-12-24;23:13:02;75.02;180.00;S;Oui;Oui;15.75;98.8;21.46
M37;Salt and Pepper Cluster;2026-12-24;23:29:05;73.43;180.00;S;Oui;Oui;15.77;98.8;17.93
M38;Starfish Cluster;2026-12-24;23:05:33;76.74;180.00;S;Oui;Oui;15.75;98.8;23.37
M42;Orion Nebula;2026-12-24;23:12:07;35.49;180.00;S;Oui;Oui;15.75;98.8;38.33
M43;De Mairan's Nebula;2026-12-24;23:12:26;35.62;180.00;S;Oui;Oui;15.75;98.8;38.19
M45;Pleiades;2026-12-24;21:24:32;65.00;180.00;S;Oui;Oui;15.67;99.0;44.04
M74;;2026-12-24;19:14:11;56.67;180.00;S;Oui;Oui;15.57;99.2;74.40
M76;Little Dumbbell Nebula;2026-12-24;19:19:52;87.54;360.00;N;Oui;Oui;15.57;99.2;62.97
M77;Cetus A;2026-12-24;20:19:59;40.87;180.00;S;Oui;Oui;15.62;99.1;67.07
M78;;2026-12-24;23:23:35;40.90;180.00;S;Oui;Oui;15.76;98.8;32.32
M79;;2026-12-24;23:01:02;16.36;180.00;S;Oui;Oui;15.74;98.8;56.08
M103;;2026-12-24;19:10:42;78.42;0.00;N;Oui;Oui;15.57;99.2;63.00
M110;Andromeda Satellite #2;2026-12-24;18:18:00;82.57;180.00;S;Oui;Oui;15.52;99.3;75.34
M1;Crab Nebula;2026-12-25;23:07:26;62.90;180.00;S;Oui;Oui;16.87;95.0;35.86
M31;Andromeda Galaxy;2026-12-25;18:16:26;82.15;180.00;S;Oui;Oui;16.64;96.0;87.91
M32;Andromeda Satellite #1;2026-12-25;18:16:24;81.75;180.00;S;Oui;Oui;16.64;96.0;88.12
M33;Triangulum Galaxy;2026-12-25;19:07:24;71.54;180.00;S;Oui;Oui;16.68;95.9;83.73
M34;Spiral Cluster;2026-12-25;20:15:28;83.65;180.00;S;Oui;Oui;16.74;95.6;67.77
M35;Shoe-Buckle Cluster;2026-12-25;23:41:54;65.23;180.00;S;Oui;Oui;16.90;94.9;28.09
M36;Pinwheel Cluster;2026-12-25;23:09:06;75.02;180.00;S;Oui;Oui;16.87;95.0;35.67
M37;Salt and Pepper Cluster;2026-12-25;23:25:09;73.43;180.00;S;Oui;Oui;16.88;95.0;32.25
M38;Starfish Cluster;2026-12-25;23:01:37;76.74;180.00;S;Oui;Oui;16.86;95.1;37.40
M42;Orion Nebula;2026-12-25;23:08:11;35.49;180.00;S;Oui;Oui;16.87;95.0;46.79
M43;De Mairan's Nebula;2026-12-25;23:08:30;35.62;180.00;S;Oui;Oui;16.87;95.0;46.65
M45;Pleiades;2026-12-25;21:20:36;65.00;180.00;S;Oui;Oui;16.79;95.4;58.68
M74;;2026-12-25;19:10:15;56.67;180.00;S;Oui;Oui;16.68;95.9;89.05
M76;Little Dumbbell Nebula;2026-12-25;19:15:56;87.54;0.00;N;Oui;Oui;16.69;95.8;74.91
M77;Cetus A;2026-12-25;20:16:03;40.87;180.00;S;Oui;Oui;16.74;95.6;80.76
M78;;2026-12-25;23:19:39;40.90;180.00;S;Oui;Oui;16.88;95.0;41.36
M79;;2026-12-25;22:57:06;16.36;180.00;S;Oui;Oui;16.86;95.1;61.58
M103;;2026-12-25;19:06:46;78.42;0.00;N;Oui;Oui;16.68;95.9;73.31
M110;Andromeda Satellite #2;2026-12-25;18:14:04;82.57;180.00;S;Oui;Oui;16.64;96.0;88.08
M1;Crab Nebula;2026-12-26;23:03:30;62.90;180.00;S;Oui;Oui;17.97;88.8;50.22
M31;Andromeda Galaxy;2026-12-26;18:12:30;82.15;180.00;S;Oui;Non;17.75;90.2;100.67
M32;Andromeda Satellite #1;2026-12-26;18:12:28;81.75;180.00;S;Oui;Non;17.75;90.2;100.91
M33;Triangulum Galaxy;2026-12-26;19:03:28;71.54;180.00;S;Oui;Oui;17.79;90.0;97.81
M34;Spiral Cluster;2026-12-26;20:11:32;83.65;180.00;S;Oui;Oui;17.84;89.7;81.31
M35;Shoe-Buckle Cluster;2026-12-26;23:37:59;65.23;180.00;S;Oui;Oui;18.00;88.6;42.55
M36;Pinwheel Cluster;2026-12-26;23:05:10;75.02;180.00;S;Oui;Oui;17.97;88.8;49.99
M37;Salt and Pepper Cluster;2026-12-26;23:21:13;73.43;180.00;S;Oui;Oui;17.99;88.7;46.63
M38;Starfish Cluster;2026-12-26;22:57:41;76.74;180.00;S;Oui;Oui;17.97;88.8;51.62
M42;Orion Nebula;2026-12-26;23:04:15;35.49;180.00;S;Oui;Oui;17.97;88.8;57.19
M43;De Mairan's Nebula;2026-12-26;23:04:34;35.62;180.00;S;Oui;Oui;17.97;88.8;57.07
M45;Pleiades;2026-12-26;21:16:40;65.00;180.00;S;Oui;Oui;17.89;89.3;73.21
M74;;2026-12-26;19:06:19;56.67;180.00;S;Oui;Oui;17.79;90.0;103.59
M76;Little Dumbbell Nebula;2026-12-26;19:12:00;87.54;360.00;N;Oui;Oui;17.80;90.0;87.09
M77;Cetus A;2026-12-26;20:12:07;40.87;180.00;S;Oui;Oui;17.84;89.7;94.41
M78;;2026-12-26;23:15:43;40.90;180.00;S;Oui;Oui;17.98;88.7;52.51
M79;;2026-12-26;22:53:11;16.36;180.00;S;Oui;Oui;17.96;88.9;68.66
M103;;2026-12-26;19:02:50;78.42;360.00;N;Oui;Oui;17.79;90.0;84.07
M110;Andromeda Satellite #2;2026-12-26;18:10:09;82.57;180.00;S;Oui;Non;17.75;90.3;100.76
M1;Crab Nebula;2026-12-27;22:59:34;62.90;180.00;S;Oui;Oui;19.06;80.5;64.44
M31;Andromeda Galaxy;2026-12-27;18:08:34;82.15;180.00;S;Oui;Non;18.84;82.4;113.09
M32;Andromeda Satellite #1;2026-12-27;18:08:32;81.75;180.00;S;Oui;Non;18.84;82.4;113.38
M33;Triangulum Galaxy;2026-12-27;18:59:32;71.54;180.00;S;Oui;Non;18.88;82.0;111.68
M34;Spiral Cluster;2026-12-27;20:07:37;83.65;180.00;S;Oui;Non;18.93;81.6;94.75
M35;Shoe-Buckle Cluster;2026-12-27;23:34:03;65.23;180.00;S;Oui;Oui;19.08;80.3;56.83
M36;Pinwheel Cluster;2026-12-27;23:01:14;75.02;180.00;S;Oui;Oui;19.06;80.5;64.18
M37;Salt and Pepper Cluster;2026-12-27;23:17:17;73.43;180.00;S;Oui;Oui;19.07;80.4;60.87
M38;Starfish Cluster;2026-12-27;22:53:45;76.74;180.00;S;Oui;Oui;19.05;80.6;65.74
M42;Orion Nebula;2026-12-27;23:00:20;35.49;180.00;S;Oui;Oui;19.06;80.5;68.47
M43;De Mairan's Nebula;2026-12-27;23:00:38;35.62;180.00;S;Oui;Oui;19.06;80.5;68.36
M45;Pleiades;2026-12-27;21:12:44;65.00;180.00;S;Oui;Oui;18.98;81.2;87.55
M74;;2026-12-27;19:02:23;56.67;180.00;S;Oui;Non;18.88;82.0;117.95
M76;Little Dumbbell Nebula;2026-12-27;19:08:04;87.54;360.00;N;Oui;Non;18.89;82.0;99.16
M77;Cetus A;2026-12-27;20:08:11;40.87;180.00;S;Oui;Non;18.93;81.6;107.86
M78;;2026-12-27;23:11:47;40.90;180.00;S;Oui;Oui;19.07;80.5;64.49
M79;;2026-12-27;22:49:15;16.36;180.00;S;Oui;Oui;19.05;80.6;76.66
M103;;2026-12-27;18:58:54;78.42;0.00;N;Oui;Non;18.88;82.0;94.87
M110;Andromeda Satellite #2;2026-12-27;18:06:13;82.57;180.00;S;Oui;Non;18.84;82.4;113.10
M1;Crab Nebula;2026-12-28;22:55:38;62.90;180.00;S;Oui;Oui;20.12;70.9;78.42
M31;Andromeda Galaxy;2026-12-28;18:04:39;82.15;180.00;S;Oui;Non;19.91;72.9;124.88
M32;Andromeda Satellite #1;2026-12-28;18:04:36;81.75;180.00;S;Oui;Non;19.91;72.9;125.20
M33;Triangulum Galaxy;2026-12-28;18:55:36;71.54;180.00;S;Oui;Non;19.95;72.5;125.20
M34;Spiral Cluster;2026-12-28;20:03:41;83.65;180.00;S;Oui;Non;20.00;72.1;107.90
M35;Shoe-Buckle Cluster;2026-12-28;23:30:07;65.23;180.00;S;Oui;Oui;20.15;70.6;70.85
M36;Pinwheel Cluster;2026-12-28;22:57:18;75.02;180.00;S;Oui;Oui;20.13;70.8;78.14
M37;Salt and Pepper Cluster;2026-12-28;23:13:22;73.43;180.00;S;Oui;Oui;20.14;70.7;74.86
M38;Starfish Cluster;2026-12-28;22:49:49;76.74;180.00;S;Oui;Oui;20.12;70.9;79.64
M42;Orion Nebula;2026-12-28;22:56:24;35.49;180.00;S;Oui;Oui;20.13;70.9;80.03
M43;De Mairan's Nebula;2026-12-28;22:56:42;35.62;180.00;S;Oui;Oui;20.13;70.8;79.94
M45;Pleiades;2026-12-28;21:08:48;65.00;180.00;S;Oui;Non;20.05;71.6;101.63
M74;;2026-12-28;18:58:27;56.67;180.00;S;Oui;Non;19.95;72.5;132.06
M76;Little Dumbbell Nebula;2026-12-28;19:04:08;87.54;0.00;N;Oui;Non;19.95;72.5;110.86
M77;Cetus A;2026-12-28;20:04:15;40.87;180.00;S;Oui;Non;20.00;72.1;120.91
M78;;2026-12-28;23:07:51;40.90;180.00;S;Oui;Oui;20.13;70.8;76.72
M79;;2026-12-28;22:45:19;16.36;180.00;S;Oui;Oui;20.12;70.9;85.07
M103;;2026-12-28;18:54:58;78.42;0.00;N;Oui;Non;19.95;72.6;105.35
M110;Andromeda Satellite #2;2026-12-28;18:02:17;82.57;180.00;S;Oui;Non;19.91;72.9;124.79
M1;Crab Nebula;2026-12-29;22:51:42;62.90;180.00;S;Oui;Non;21.17;60.4;92.10
M31;Andromeda Galaxy;2026-12-29;18:00:43;82.15;180.00;S;Oui;Non;20.96;62.5;135.58
M32;Andromeda Satellite #1;2026-12-29;18:00:40;81.75;180.00;S;Oui;Non;20.96;62.5;135.94
M33;Triangulum Galaxy;2026-12-29;18:51:40;71.54;180.00;S;Oui;Non;20.99;62.1;138.18
M34;Spiral Cluster;2026-12-29;19:59:45;83.65;180.00;S;Oui;Non;21.04;61.6;120.62
M35;Shoe-Buckle Cluster;2026-12-29;23:26:11;65.23;180.00;S;Oui;Oui;21.19;60.1;84.57
M36;Pinwheel Cluster;2026-12-29;22:53:22;75.02;180.00;S;Oui;Non;21.17;60.3;91.80
M37;Salt and Pepper Cluster;2026-12-29;23:09:26;73.43;180.00;S;Oui;Oui;21.18;60.2;88.56
M38;Starfish Cluster;2026-12-29;22:45:53;76.74;180.00;S;Oui;Non;21.16;60.4;93.25
M42;Orion Nebula;2026-12-29;22:52:28;35.49;180.00;S;Oui;Non;21.17;60.3;91.52
M43;De Mairan's Nebula;2026-12-29;22:52:46;35.62;180.00;S;Oui;Non;21.17;60.3;91.45
M45;Pleiades;2026-12-29;21:04:52;65.00;180.00;S;Oui;Non;21.09;61.2;115.40
M74;;2026-12-29;18:54:31;56.67;180.00;S;Oui;Non;21.00;62.1;145.86
M76;Little Dumbbell Nebula;2026-12-29;19:00:13;87.54;360.00;N;Oui;Non;21.00;62.1;121.86
M77;Cetus A;2026-12-29;20:00:19;40.87;180.00;S;Oui;Non;21.04;61.6;133.34
M78;;2026-12-29;23:03:55;40.90;180.00;S;Oui;Non;21.18;60.3;88.86
M79;;2026-12-29;22:41:23;16.36;180.00;S;Oui;Non;21.16;60.4;93.48
M103;;2026-12-29;18:51:02;78.42;360.00;N;Oui;Non;20.99;62.1;115.16
M110;Andromeda Satellite #2;2026-12-29;17:58:21;82.57;180.00;S;Oui;Non;20.96;62.5;135.37
M1;Crab Nebula;2026-12-30;22:47:47;62.90;180.00;S;Oui;Non;22.18;49.6;105.45
M33;Triangulum Galaxy;2026-12-30;18:47:44;71.54;180.00;S;Oui;Non;22.01;51.4;150.31
M34;Spiral Cluster;2026-12-30;19:55:49;83.65;180.00;S;Oui;Non;22.06;50.9;132.71
M35;Shoe-Buckle Cluster;2026-12-30;23:22:15;65.23;180.00;S;Oui;Non;22.21;49.4;97.97
M36;Pinwheel Cluster;2026-12-30;22:49:26;75.02;180.00;S;Oui;Non;22.18;49.6;105.13
M37;Salt and Pepper Cluster;2026-12-30;23:05:30;73.43;180.00;S;Oui;Non;22.20;49.5;101.92
M38;Starfish Cluster;2026-12-30;22:41:58;76.74;180.00;S;Oui;Non;22.18;49.7;106.53
M42;Orion Nebula;2026-12-30;22:48:32;35.49;180.00;S;Oui;Non;22.18;49.6;102.72
M43;De Mairan's Nebula;2026-12-30;22:48:50;35.62;180.00;S;Oui;Non;22.18;49.6;102.66
M45;Pleiades;2026-12-30;21:00:56;65.00;180.00;S;Oui;Non;22.11;50.4;128.84
M74;;2026-12-30;18:50:35;56.67;180.00;S;Oui;Non;22.02;51.4;159.33
M76;Little Dumbbell Nebula;2026-12-30;18:56:17;87.54;360.00;N;Oui;Non;22.02;51.4;131.77
M77;Cetus A;2026-12-30;19:56:23;40.87;180.00;S;Oui;Non;22.06;50.9;144.77
M78;;2026-12-30;22:59:59;40.90;180.00;S;Oui;Non;22.19;49.5;100.72
M79;;2026-12-30;22:37:27;16.36;180.00;S;Oui;Non;22.18;49.7;101.57
M103;;2026-12-30;18:47:06;78.42;0.00;N;Oui;Non;22.01;51.4;123.93
M1;Crab Nebula;2026-12-31;22:43:51;62.90;180.00;S;Oui;Non;23.17;39.2;118.47
M33;Triangulum Galaxy;2026-12-31;18:43:48;71.54;180.00;S;Oui;Non;23.01;40.9;160.58
M34;Spiral Cluster;2026-12-31;19:51:53;83.65;180.00;S;Oui;Non;23.06;40.4;143.83
M35;Shoe-Buckle Cluster;2026-12-31;23:18:19;65.23;180.00;S;Oui;Non;23.20;39.0;111.03
M36;Pinwheel Cluster;2026-12-31;22:45:30;75.02;180.00;S;Oui;Non;23.18;39.2;118.12
M37;Salt and Pepper Cluster;2026-12-31;23:01:34;73.43;180.00;S;Oui;Non;23.19;39.1;114.95
M38;Starfish Cluster;2026-12-31;22:38:02;76.74;180.00;S;Oui;Non;23.17;39.2;119.47
M41;Little Beehive Cluster;2026-12-31;23:55:07;20.12;180.00;S;Oui;Non;23.22;38.7;93.03
M42;Orion Nebula;2026-12-31;22:44:36;35.49;180.00;S;Oui;Non;23.17;39.2;113.42
M43;De Mairan's Nebula;2026-12-31;22:44:55;35.62;180.00;S;Oui;Non;23.18;39.2;113.38
M45;Pleiades;2026-12-31;20:57:00;65.00;180.00;S;Oui;Non;23.10;40.0;141.95
M74;;2026-12-31;18:46:39;56.67;180.00;S;Oui;Non;23.01;40.9;172.45
M76;Little Dumbbell Nebula;2026-12-31;18:52:21;87.54;0.00;N;Oui;Non;23.02;40.8;139.99
M77;Cetus A;2026-12-31;19:52:28;40.87;180.00;S;Oui;Non;23.06;40.4;154.29
M78;;2026-12-31;22:56:03;40.90;180.00;S;Oui;Non;23.18;39.1;112.17
M79;;2026-12-31;22:33:31;16.36;180.00;S;Oui;Non;23.17;39.3;109.06
M103;;2026-12-31;18:43:10;78.42;0.00;N;Oui;Non;23.01;40.9;131.18
